# 3ds Max Wavefront OBJ Exporter v0.99 - (c)2007 guruware
# File Created: 15.12.2024 23:13:27

mtllib baseball_Helmet.mtl

#
# object baseball_Helmet
#

v  1.8571 0.4981 -0.4600
v  1.8591 0.6000 -0.6606
v  1.8277 0.7591 -0.8191
v  1.8419 0.9597 -0.9219
v  1.8349 1.1822 -0.9573
v  1.8466 1.4046 -0.9228
v  1.8980 1.6051 -0.8224
v  1.9185 1.7644 -0.6642
v  1.9407 1.8669 -0.4646
v  1.9821 1.9025 -0.2426
v  1.9969 1.8677 -0.0169
v  2.0020 1.7659 0.1863
v  2.0209 1.6073 0.3463
v  2.0277 1.4071 0.4485
v  2.0346 1.1849 0.4839
v  2.0213 0.9622 0.4495
v  1.9950 0.7612 0.3484
v  1.9620 0.6016 0.1894
v  1.9247 0.4989 -0.0126
v  1.8917 0.4632 -0.2377
v  1.9767 0.5251 -0.4711
v  1.9853 0.6270 -0.6719
v  1.9770 0.7861 -0.8310
v  1.9583 0.9867 -0.9330
v  1.9494 1.2091 -0.9683
v  1.9681 1.4315 -0.9340
v  2.0129 1.6321 -0.8334
v  2.0377 1.7914 -0.6753
v  2.0545 1.8939 -0.4755
v  2.0952 1.9295 -0.2537
v  2.1157 1.8947 -0.0284
v  2.1211 1.7929 0.1747
v  2.1384 1.6343 0.3349
v  2.1404 1.4341 0.4376
v  2.1448 1.2118 0.4731
v  2.1327 0.9892 0.4386
v  2.1113 0.7882 0.3371
v  2.0814 0.6286 0.1782
v  2.0409 0.5259 -0.0237
v  2.0129 0.4902 -0.2489
v  2.0040 1.1835 -0.2423
v  2.1314 0.7110 -0.4142
v  2.1105 0.7849 -0.5588
v  2.0939 0.9005 -0.6739
v  2.0832 1.0464 -0.7480
v  2.0795 1.2082 -0.7740
v  2.0831 1.3702 -0.7493
v  2.0937 1.5163 -0.6763
v  2.1102 1.6326 -0.5622
v  2.1310 1.7075 -0.4181
v  2.1543 1.7339 -0.2569
v  2.1779 1.7089 -0.0933
v  2.1990 1.6351 0.0534
v  2.2157 1.5198 0.1693
v  2.2264 1.3742 0.2436
v  2.2302 1.2125 0.2696
v  2.2266 1.0505 0.2449
v  2.2159 0.9040 0.1714
v  2.1993 0.7874 0.0567
v  2.1783 0.7123 -0.0893
v  2.1547 0.6860 -0.2527
v  2.1332 0.7561 -0.4012
v  2.1142 0.8234 -0.5329
v  2.0783 1.2103 -0.2553
v  2.0991 0.9286 -0.6376
v  2.0894 1.0615 -0.7051
v  2.0860 1.2084 -0.7288
v  2.0893 1.3558 -0.7063
v  2.0989 1.4890 -0.6398
v  2.1140 1.5948 -0.5359
v  2.1329 1.6632 -0.4047
v  2.1543 1.6871 -0.2565
v  2.1760 1.6644 -0.1064
v  2.1952 1.5971 0.0267
v  2.2103 1.4921 0.1320
v  2.2201 1.3595 0.1994
v  2.2234 1.2123 0.2230
v  2.2202 1.0651 0.2005
v  2.2105 0.9317 0.1336
v  2.1953 0.8256 0.0289
v  2.1762 0.7573 -0.1034
v  2.1546 0.7333 -0.2530
v  2.1626 0.7110 -0.4187
v  2.1417 0.7849 -0.5634
v  2.1455 0.8234 -0.5374
v  2.1645 0.7561 -0.4057
v  2.1251 0.9005 -0.6784
v  2.1304 0.9286 -0.6421
v  2.1144 1.0464 -0.7525
v  2.1206 1.0614 -0.7096
v  2.1107 1.2082 -0.7785
v  2.1173 1.2084 -0.7333
v  2.1143 1.3702 -0.7538
v  2.1205 1.3558 -0.7108
v  2.1249 1.5163 -0.6808
v  2.1302 1.4889 -0.6443
v  2.1414 1.6326 -0.5667
v  2.1452 1.5948 -0.5404
v  2.1622 1.7075 -0.4226
v  2.1641 1.6632 -0.4092
v  2.1855 1.7339 -0.2614
v  2.1855 1.6871 -0.2610
v  2.2091 1.7089 -0.0978
v  2.2072 1.6644 -0.1109
v  2.2302 1.6351 0.0489
v  2.2264 1.5971 0.0222
v  2.2470 1.5198 0.1648
v  2.2416 1.4921 0.1275
v  2.2577 1.3742 0.2391
v  2.2513 1.3595 0.1949
v  2.2614 1.2125 0.2651
v  2.2547 1.2123 0.2185
v  2.2578 1.0505 0.2404
v  2.2514 1.0651 0.1960
v  2.2472 0.9039 0.1669
v  2.2417 0.9317 0.1291
v  2.2306 0.7874 0.0522
v  2.2266 0.8256 0.0244
v  2.2095 0.7123 -0.0938
v  2.2074 0.7573 -0.1079
v  2.1859 0.6860 -0.2572
v  2.1858 0.7333 -0.2575
v  1.7717 2.0017 -0.6423
v  1.4765 2.0017 -1.2217
v  1.1745 2.0017 -1.6815
v  0.6423 2.0017 -1.9767
v  0.0000 2.0017 -2.0785
v  -0.6423 2.0017 -1.9767
v  -1.1745 2.0017 -1.6815
v  -1.4765 2.0017 -1.2217
v  -1.7717 2.0017 -0.6423
v  -1.8734 2.0017 -0.0000
v  -1.7717 2.0017 0.6423
v  -1.4765 2.0017 1.2217
v  -1.1745 2.0017 1.6815
v  -0.6423 2.0017 1.9767
v  0.0000 2.0017 2.0785
v  0.6423 2.0017 1.9767
v  1.1745 2.0017 1.6815
v  1.4765 2.0017 1.2217
v  1.7717 2.0017 0.6423
v  1.8734 2.0017 0.1127
v  1.7473 2.3269 -0.6344
v  1.4708 2.3269 -1.2067
v  1.1697 2.3269 -1.6608
v  0.6344 2.3269 -1.9524
v  0.0000 2.3269 -2.0529
v  -0.6344 2.3269 -1.9524
v  -1.1697 2.3269 -1.6608
v  -1.4708 2.3269 -1.2067
v  -1.7473 2.3269 -0.6344
v  -1.8478 2.3269 -0.0000
v  -1.7473 2.3269 0.6344
v  -1.4558 2.3269 1.2067
v  -1.1571 2.3269 1.6608
v  -0.6344 2.3269 1.9524
v  0.0000 2.3269 2.0529
v  0.6344 2.3269 1.9524
v  1.1571 2.3269 1.6608
v  1.4558 2.3269 1.2067
v  1.7473 2.3269 0.6344
v  1.8478 2.3269 -0.0000
v  1.6749 2.6440 -0.6275
v  1.4086 2.6440 -1.1879
v  1.1205 2.6440 -1.6316
v  0.6108 2.6440 -1.9124
v  0.0000 2.6440 -2.0091
v  -0.6108 2.6440 -1.9124
v  -1.1205 2.6440 -1.6316
v  -1.4086 2.6440 -1.1879
v  -1.6749 2.6440 -0.6275
v  -1.7717 2.6440 -0.0001
v  -1.6749 2.6440 0.6108
v  -1.4093 2.6440 1.1619
v  -1.1185 2.6440 1.5992
v  -0.6108 2.6440 1.8800
v  0.0000 2.6440 1.9767
v  0.6108 2.6440 1.8800
v  1.1185 2.6440 1.5992
v  1.4092 2.6440 1.1619
v  1.6749 2.6440 0.6108
v  1.7717 2.6440 -0.0001
v  1.5562 2.9713 -0.6621
v  1.3548 2.9477 -1.1859
v  1.0684 2.9453 -1.6021
v  0.5723 2.9453 -1.8651
v  0.0000 2.9453 -1.9558
v  -0.5723 2.9453 -1.8651
v  -1.0684 2.9453 -1.6021
v  -1.3548 2.9477 -1.1859
v  -1.5562 2.9713 -0.6621
v  -1.6469 2.9713 -0.0274
v  -1.5562 2.9713 0.5723
v  -1.3679 2.9713 1.0931
v  -1.0647 2.9587 1.5275
v  -0.5723 2.9640 1.8036
v  0.0000 2.9488 1.8833
v  0.5723 2.9640 1.8036
v  1.0647 2.9587 1.5275
v  1.3679 2.9713 1.0931
v  1.5562 2.9713 0.5723
v  1.6469 2.9713 -0.0274
v  1.4099 3.3238 -0.6602
v  1.2942 3.2616 -1.1290
v  0.9884 3.2234 -1.5010
v  0.5196 3.2234 -1.7398
v  0.0000 3.2234 -1.8221
v  -0.5196 3.2234 -1.7398
v  -0.9884 3.2234 -1.5010
v  -1.2942 3.2616 -1.1290
v  -1.4099 3.3238 -0.6602
v  -1.4765 3.3238 -0.0590
v  -1.4099 3.3238 0.5196
v  -1.3037 3.3393 1.0504
v  -0.9884 3.3142 1.4895
v  -0.5196 3.2806 1.7348
v  0.0000 3.2481 1.8030
v  0.5196 3.2806 1.7348
v  0.9884 3.3142 1.4895
v  1.3037 3.3393 1.0504
v  1.4099 3.3238 0.5196
v  1.4765 3.3238 -0.0590
v  1.2673 3.6119 -0.5948
v  1.1354 3.5400 -1.0045
v  0.8639 3.4714 -1.3296
v  0.4542 3.4714 -1.5384
v  0.0000 3.4714 -1.6103
v  -0.4542 3.4714 -1.5384
v  -0.8639 3.4714 -1.3296
v  -1.1354 3.5400 -1.0045
v  -1.2673 3.6119 -0.5948
v  -1.3279 3.6119 -0.0743
v  -1.2673 3.6119 0.4543
v  -1.1565 3.6490 0.9592
v  -0.8639 3.6183 1.3725
v  -0.4542 3.5499 1.5813
v  0.0000 3.5352 1.6397
v  0.4542 3.5499 1.5813
v  0.8639 3.6183 1.3725
v  1.1565 3.6490 0.9592
v  1.2673 3.6119 0.4543
v  1.3279 3.6119 -0.0743
v  1.1342 3.8237 -0.4814
v  0.9799 3.7706 -0.8587
v  0.7181 3.6925 -1.1290
v  0.3775 3.6833 -1.3025
v  0.0000 3.6833 -1.3623
v  -0.3775 3.6833 -1.3025
v  -0.7181 3.6925 -1.1290
v  -0.9799 3.7706 -0.8587
v  -1.1342 3.8237 -0.4814
v  -1.1846 3.8349 -0.0569
v  -1.1320 3.8251 0.3769
v  -0.9847 3.8315 0.7897
v  -0.7181 3.8192 1.1268
v  -0.3775 3.7679 1.3319
v  0.0000 3.7679 1.4052
v  0.3775 3.7679 1.3319
v  0.7181 3.8192 1.1268
v  0.9847 3.8315 0.7897
v  1.1320 3.8251 0.3769
v  1.1846 3.8349 -0.0569
v  0.8974 3.9537 -0.4012
v  0.7634 3.9200 -0.6952
v  0.5546 3.8649 -0.9040
v  0.2916 3.8537 -1.0380
v  0.0000 3.8537 -1.0842
v  -0.2916 3.8537 -1.0380
v  -0.5546 3.8649 -0.9040
v  -0.7634 3.9200 -0.6952
v  -0.8974 3.9537 -0.4012
v  -0.9436 3.9657 -0.0459
v  -0.8974 3.9548 0.2880
v  -0.7634 3.9478 0.5754
v  -0.5546 3.9242 0.8434
v  -0.2916 3.9129 1.0184
v  0.0000 3.9323 1.0791
v  0.2916 3.9129 1.0184
v  0.5546 3.9242 0.8434
v  0.7634 3.9478 0.5754
v  0.8974 3.9548 0.2880
v  0.9436 3.9657 -0.0459
v  0.6108 4.0041 -0.2872
v  0.5196 3.9943 -0.5032
v  0.3775 3.9797 -0.6602
v  0.1985 3.9785 -0.7514
v  0.0000 3.9785 -0.7829
v  -0.1985 3.9785 -0.7514
v  -0.3775 3.9797 -0.6602
v  -0.5196 3.9943 -0.5032
v  -0.6108 4.0041 -0.2872
v  -0.6423 4.0134 -0.0480
v  -0.6108 4.0041 0.1839
v  -0.5196 3.9986 0.3780
v  -0.3775 3.9919 0.5388
v  -0.1985 4.0114 0.6418
v  0.0000 4.0225 0.6846
v  0.1985 4.0114 0.6418
v  0.3775 3.9919 0.5388
v  0.5196 3.9986 0.3780
v  0.6108 4.0041 0.1839
v  0.6423 4.0134 -0.0480
v  0.3092 4.0546 -0.1814
v  0.2630 4.0546 -0.2888
v  0.1911 4.0546 -0.3669
v  0.1005 4.0546 -0.4131
v  0.0000 4.0546 -0.4290
v  -0.1005 4.0546 -0.4131
v  -0.1911 4.0546 -0.3669
v  -0.2630 4.0546 -0.2888
v  -0.3092 4.0546 -0.1814
v  -0.3251 4.0546 -0.0587
v  -0.3092 4.0546 0.0637
v  -0.2630 4.0546 0.1718
v  -0.1911 4.0550 0.2550
v  -0.1005 4.0571 0.3070
v  0.0000 4.0584 0.3249
v  0.1005 4.0571 0.3070
v  0.1911 4.0550 0.2550
v  0.2630 4.0546 0.1718
v  0.3092 4.0546 0.0637
v  0.3251 4.0546 -0.0587
v  0.0000 4.0802 -0.0324
v  1.9280 2.0147 -0.6931
v  1.6095 2.0147 -1.3183
v  1.5892 2.3528 -1.3036
v  1.9042 2.3528 -0.6853
v  1.2832 2.0147 -1.8145
v  1.2681 2.3528 -1.7942
v  0.6931 2.0147 -2.1331
v  0.6853 2.3528 -2.1093
v  0.0000 2.0147 -2.2429
v  0.0000 2.3528 -2.2178
v  -0.6931 2.0147 -2.1331
v  -0.6853 2.3528 -2.1093
v  -1.2832 2.0147 -1.8145
v  -1.2681 2.3528 -1.7942
v  -1.6095 2.0147 -1.3183
v  -1.5892 2.3528 -1.3036
v  -1.9280 2.0147 -0.6931
v  -1.9042 2.3528 -0.6853
v  -2.0378 2.0147 -0.0000
v  -2.0127 2.3528 -0.0000
v  -1.9042 2.3528 0.6853
v  -1.6095 2.0147 1.3183
v  -1.5892 2.3528 1.3036
v  -1.2832 2.0147 1.8145
v  -1.2666 2.3528 1.7942
v  -0.6931 2.0147 2.1331
v  -0.6853 2.3528 2.1093
v  0.0000 2.0147 2.2429
v  0.0000 2.3528 2.2178
v  0.6931 2.0147 2.1331
v  0.6853 2.3528 2.1093
v  1.2832 2.0147 1.8145
v  1.2666 2.3528 1.7942
v  1.6094 2.0147 1.3183
v  1.5892 2.3528 1.3036
v  1.9042 2.3528 0.6853
v  2.0378 2.0147 0.1127
v  2.0127 2.3528 -0.0000
v  1.5227 2.6952 -1.2743
v  1.8261 2.6952 -0.6718
v  1.2140 2.6952 -1.7516
v  0.6599 2.6952 -2.0550
v  0.0000 2.6952 -2.1595
v  -0.6599 2.6952 -2.0550
v  -1.2140 2.6952 -1.7516
v  -1.5227 2.6952 -1.2743
v  -1.8260 2.6952 -0.6718
v  -1.9306 2.6952 -0.0000
v  -1.8260 2.6952 0.6599
v  -1.5227 2.6952 1.2553
v  -1.2130 2.6952 1.7278
v  -0.6599 2.6952 2.0311
v  0.0000 2.6952 2.1356
v  0.6599 2.6952 2.0311
v  1.2130 2.6952 1.7278
v  1.5227 2.6952 1.2553
v  1.8260 2.6952 0.6599
v  1.9306 2.6952 -0.0000
v  1.4729 3.0220 -1.2678
v  1.6979 3.0453 -0.7009
v  1.1594 3.0206 -1.7172
v  0.6183 3.0206 -2.0014
v  0.0000 3.0206 -2.0994
v  -0.6183 3.0206 -2.0014
v  -1.1594 3.0206 -1.7172
v  -1.4729 3.0220 -1.2678
v  -1.6979 3.0453 -0.7009
v  -1.7959 3.0453 -0.0210
v  -1.6979 3.0453 0.6183
v  -1.4823 3.0453 1.1774
v  -1.1546 3.0356 1.6403
v  -0.6183 3.0426 1.9340
v  0.0000 3.0245 2.0308
v  0.6183 3.0426 1.9340
v  1.1546 3.0356 1.6403
v  1.4823 3.0453 1.1774
v  1.6979 3.0453 0.6183
v  1.7959 3.0453 -0.0210
v  1.3991 3.3586 -1.2086
v  1.5401 3.3982 -0.7021
v  1.0680 3.3209 -1.6106
v  0.5615 3.3209 -1.8687
v  0.0000 3.3209 -1.9576
v  -0.5615 3.3209 -1.8687
v  -1.0680 3.3209 -1.6106
v  -1.3991 3.3586 -1.2086
v  -1.5230 3.4271 -0.7021
v  -1.6120 3.4271 -0.0495
v  -1.5230 3.4271 0.5615
v  -1.4118 3.4430 1.1173
v  -1.0680 3.4179 1.5912
v  -0.5615 3.3841 1.8566
v  0.0000 3.3450 1.9455
v  0.5615 3.3841 1.8566
v  1.0680 3.4179 1.5912
v  1.4118 3.4430 1.1173
v  1.5750 3.4271 0.5615
v  1.6640 3.4271 -0.0495
v  1.2300 3.6597 -1.0742
v  1.3784 3.7405 -0.6314
v  0.9336 3.5888 -1.4256
v  0.4908 3.5888 -1.6512
v  0.0000 3.5888 -1.7290
v  -0.4908 3.5888 -1.6512
v  -0.9336 3.5888 -1.4256
v  -1.2300 3.6597 -1.0742
v  -1.3784 3.7405 -0.6314
v  -1.4563 3.7405 -0.0657
v  -1.3784 3.7405 0.4908
v  -1.2568 3.7720 1.0175
v  -0.9336 3.7444 1.4686
v  -0.4908 3.6735 1.6942
v  0.0000 3.6481 1.7719
v  0.4908 3.6735 1.6942
v  0.9336 3.7444 1.4686
v  1.2568 3.7720 1.0175
v  1.3784 3.7872 0.4908
v  1.4563 3.7756 -0.0657
v  1.0618 3.9094 -0.9169
v  1.2326 3.9693 -0.5065
v  0.7763 3.8254 -1.2090
v  0.4081 3.8177 -1.3966
v  0.0000 3.8177 -1.4613
v  -0.4081 3.8177 -1.3966
v  -0.7763 3.8254 -1.2090
v  -1.0618 3.9094 -0.9169
v  -1.2326 3.9693 -0.5065
v  -1.2951 3.9693 -0.0483
v  -1.2304 3.9695 0.4081
v  -1.0665 3.9671 0.8351
v  -0.7763 3.9544 1.2002
v  -0.4081 3.9023 1.4396
v  0.0000 3.9023 1.5042
v  0.4081 3.9023 1.4396
v  0.7763 3.9544 1.2002
v  1.0665 3.9671 0.8351
v  1.2305 3.9695 0.4081
v  1.2951 3.9693 -0.0483
v  0.8255 4.0705 -0.7404
v  0.9705 4.1080 -0.4201
v  0.5998 4.0116 -0.9661
v  0.3153 4.0019 -1.1111
v  0.0000 4.0019 -1.1610
v  -0.3153 4.0019 -1.1111
v  -0.5998 4.0116 -0.9661
v  -0.8255 4.0705 -0.7404
v  -0.9705 4.1080 -0.4201
v  -1.0204 4.1080 -0.0361
v  -0.9705 4.1082 0.3147
v  -0.8255 4.0933 0.6123
v  -0.5998 4.0685 0.9076
v  -0.3153 4.0652 1.0990
v  0.0000 4.0865 1.1489
v  0.3153 4.0652 1.0990
v  0.5998 4.0685 0.9076
v  0.8255 4.0933 0.6123
v  0.9705 4.1082 0.3147
v  1.0204 4.1080 -0.0361
v  0.5623 4.1513 -0.5318
v  0.6610 4.1615 -0.2963
v  0.4085 4.1374 -0.7029
v  0.2148 4.1369 -0.8016
v  0.0000 4.1369 -0.8356
v  -0.2148 4.1369 -0.8016
v  -0.4085 4.1374 -0.7029
v  -0.5623 4.1513 -0.5318
v  -0.6610 4.1615 -0.2963
v  -0.6950 4.1628 -0.0407
v  -0.6610 4.1615 0.2068
v  -0.5623 4.1541 0.4090
v  -0.4085 4.1500 0.5798
v  -0.2148 4.1728 0.6909
v  0.0000 4.1839 0.7265
v  0.2148 4.1728 0.6909
v  0.4085 4.1500 0.5798
v  0.5623 4.1541 0.4090
v  0.6610 4.1615 0.2068
v  0.6950 4.1628 -0.0407
v  0.2852 4.2193 -0.2986
v  0.3353 4.2193 -0.1817
v  0.2072 4.2193 -0.3836
v  0.1089 4.2193 -0.4337
v  0.0000 4.2193 -0.4510
v  -0.1089 4.2193 -0.4337
v  -0.2072 4.2193 -0.3836
v  -0.2852 4.2193 -0.2986
v  -0.3353 4.2193 -0.1817
v  -0.3525 4.2193 -0.0490
v  -0.3353 4.2193 0.0810
v  -0.2852 4.2193 0.1948
v  -0.2072 4.2196 0.2816
v  -0.1089 4.2218 0.3350
v  0.0000 4.2230 0.3525
v  0.1089 4.2218 0.3350
v  0.2072 4.2196 0.2816
v  0.2852 4.2193 0.1948
v  0.3353 4.2193 0.0810
v  0.3525 4.2193 -0.0490
v  0.0000 4.2471 -0.0240
v  1.7914 1.5514 -0.6487
v  1.4932 1.5514 -1.2339
v  1.6262 1.5643 -1.3305
v  2.0100 1.5643 -0.6995
v  1.1885 1.5514 -1.6983
v  1.2970 1.5643 -1.8313
v  0.6487 1.5514 -1.9965
v  0.6995 1.5643 -2.1528
v  0.0000 1.5514 -2.0992
v  0.0000 1.5643 -2.2636
v  -0.6487 1.5514 -1.9965
v  -0.6995 1.5643 -2.1528
v  -1.1885 1.5514 -1.6983
v  -1.2970 1.5643 -1.8313
v  -1.4932 1.5514 -1.2339
v  -1.6262 1.5643 -1.3305
v  -1.7914 1.5514 -0.6487
v  -1.9477 1.5643 -0.6995
v  -1.8941 1.5514 -0.0000
v  -2.0585 1.5643 -0.0000
v  -1.7914 1.5514 0.6487
v  -1.4932 1.7382 1.2339
v  -1.6262 1.7512 1.3305
v  -1.1885 1.7382 1.6983
v  -1.2970 1.7512 1.8313
v  -0.6487 1.7382 1.9965
v  -0.6995 1.7512 2.1528
v  0.0000 1.7382 2.0992
v  0.0000 1.7512 2.2636
v  0.6487 1.7382 1.9965
v  0.6995 1.7512 2.1528
v  1.1885 1.7382 1.6983
v  1.2970 1.7512 1.8313
v  1.4932 1.7382 1.2339
v  1.6262 1.7512 1.3305
v  1.7914 1.5514 1.0812
v  1.8941 1.5514 0.2421
v  2.1161 1.5643 0.1114
v  -1.8787 2.0147 0.7900
v  -1.9239 2.0738 0.6917
v  -1.9373 2.0147 0.6346
v  -1.9320 1.9618 0.6944
v  -1.8267 1.6584 1.6580
v  -1.8741 1.6084 1.6323
v  -1.6140 1.6481 2.1517
v  -1.6178 1.5948 2.1816
v  -1.3015 1.6459 2.7837
v  -1.3117 1.5986 2.8110
v  -0.6948 1.6446 3.1897
v  -0.6961 1.6025 3.2148
v  -0.0000 1.6444 3.3285
v  -0.0000 1.6041 3.3540
v  0.6948 1.6453 3.1865
v  0.6961 1.6025 3.2148
v  1.3012 1.6465 2.7812
v  1.3117 1.5986 2.8110
v  1.6140 1.6486 2.1499
v  1.6178 1.5948 2.1816
v  1.9320 1.9618 0.6944
v  1.9373 2.0147 0.6346
v  1.9239 2.0738 0.6917
v  1.8787 2.0147 0.7900
v  1.8253 1.6592 1.6578
v  1.8741 1.6084 1.6323
v  1.8312 1.0194 -0.6616
v  1.5297 1.0194 -1.2550
v  1.6627 1.0324 -1.3517
v  1.9876 1.0324 -0.7124
v  1.2160 1.0194 -1.7281
v  0.6620 1.0194 -2.0357
v  0.0000 1.0194 -2.1411
v  -0.6620 1.0550 -2.0357
v  -1.2160 1.1015 -1.7281
v  -1.5297 1.1118 -1.2550
v  -1.8312 1.2031 -0.6451
v  -1.9360 1.3248 -0.0000
v  -1.8333 1.4632 0.2738
v  1.8333 1.0194 0.9368
v  1.9360 1.0194 0.2421
v  2.1004 1.0324 0.0954
v  1.6043 0.2354 -0.6754
v  1.1934 0.9232 -1.6353
v  1.7114 0.2581 0.0442
v  1.2854 0.6867 -1.4261
v  1.3822 0.4584 -1.1141
v  1.3678 0.7197 -1.2720
v  1.4967 0.7220 -1.3690
v  1.8408 0.7508 0.7752
v  1.7925 0.4371 0.4737
v  -1.9093 1.5647 0.6986
v  -1.9465 1.6026 0.6965
v  -1.8306 1.5606 1.6220
v  -1.8754 1.5880 1.6328
v  -1.6217 1.5464 2.1222
v  -1.3138 1.5426 2.7603
v  -1.3123 1.5851 2.8119
v  -0.6977 1.5402 3.1724
v  -0.6967 1.5766 3.2170
v  0.0000 1.5391 3.3161
v  -0.0000 1.5743 3.3566
v  0.6977 1.5394 3.1765
v  0.6967 1.5766 3.2170
v  1.3138 1.5426 2.7603
v  1.3123 1.5851 2.8119
v  1.6217 1.5463 2.1225
v  1.6178 1.5944 2.1816
v  1.9556 1.5643 1.0845
v  1.9462 1.6038 1.0885
v  1.9029 1.5904 1.1596
v  1.9037 1.5607 1.1177
v  1.8308 1.5607 1.6211
v  1.8754 1.5879 1.6328
v  1.2925 1.0285 -1.8219
v  1.3382 1.0810 -1.8340
v  0.7118 1.0697 -2.1893
v  0.7006 1.0294 -2.1562
v  0.0000 1.0697 -2.3025
v  0.0000 1.0294 -2.2678
v  -0.7118 1.1053 -2.1891
v  -0.7011 1.0649 -2.1561
v  -1.3222 1.1521 -1.8586
v  -1.2986 1.1114 -1.8325
v  -1.6595 1.1624 -1.3498
v  -1.6321 1.1218 -1.3295
v  -1.9832 1.2538 -0.6963
v  -1.9514 1.2130 -0.6841
v  -2.0931 1.3772 -0.0000
v  -2.0600 1.3346 -0.0000
v  -1.9571 1.4734 0.3141
v  -1.9974 1.5080 0.3153
v  1.9949 1.0324 0.9449
v  1.9493 1.0291 0.9745
v  1.7298 0.2458 -0.7162
v  1.7697 0.2797 -0.7257
v  1.5126 0.5123 -1.2343
v  1.4799 0.4708 -1.1848
v  1.2775 0.9332 -1.7383
v  1.3305 0.9553 -1.7505
v  2.0025 0.7886 0.7949
v  1.9597 0.7613 0.8141
v  1.8423 0.2684 0.0442
v  1.8853 0.3034 0.0464
v  1.3779 0.6907 -1.4992
v  1.4322 0.6993 -1.4884
v  1.9587 0.4858 0.4997
v  1.9161 0.4515 0.5099
# 668 vertices

vn 0.5859 -0.6339 -0.5048
vn 0.5754 -0.7600 -0.3022
vn -0.9842 -0.1756 0.0216
vn -0.9842 -0.1756 0.0216
vn -0.9740 -0.2151 -0.0714
vn 0.5859 -0.6339 -0.5048
vn 0.5702 -0.4454 -0.6903
vn 0.5859 -0.6339 -0.5048
vn -0.9740 -0.2151 -0.0714
vn -0.9740 -0.2151 -0.0714
vn -0.9868 -0.1281 -0.0993
vn 0.5702 -0.4454 -0.6903
vn 0.5562 -0.2227 -0.8006
vn 0.5702 -0.4454 -0.6903
vn -0.9868 -0.1281 -0.0993
vn -0.9868 -0.1281 -0.0993
vn -0.9854 -0.0504 -0.1626
vn 0.5562 -0.2227 -0.8006
vn 0.5369 0.0026 -0.8437
vn 0.5562 -0.2227 -0.8006
vn -0.9854 -0.0504 -0.1626
vn -0.9854 -0.0504 -0.1626
vn -0.9933 0.0024 -0.1154
vn 0.5369 0.0026 -0.8437
vn 0.5401 0.2160 -0.8134
vn 0.5369 0.0026 -0.8437
vn -0.9933 0.0024 -0.1154
vn -0.9933 0.0024 -0.1154
vn -0.9848 0.1575 -0.0732
vn 0.5401 0.2160 -0.8134
vn 0.5888 0.4183 -0.6916
vn 0.5401 0.2160 -0.8134
vn -0.9848 0.1575 -0.0732
vn -0.9848 0.1575 -0.0732
vn -0.9676 0.2402 -0.0783
vn 0.5888 0.4183 -0.6916
vn 0.5900 0.6181 -0.5195
vn 0.5888 0.4183 -0.6916
vn -0.9676 0.2402 -0.0783
vn -0.9676 0.2402 -0.0783
vn -0.9714 0.2303 -0.0585
vn 0.5900 0.6181 -0.5195
vn 0.5750 0.7524 -0.3213
vn 0.5900 0.6181 -0.5195
vn -0.9714 0.2303 -0.0585
vn -0.9714 0.2303 -0.0585
vn -0.9624 0.2665 0.0521
vn 0.5750 0.7524 -0.3213
vn 0.6226 0.7776 -0.0875
vn 0.5750 0.7524 -0.3213
vn -0.9624 0.2665 0.0521
vn -0.9624 0.2665 0.0521
vn -0.9457 0.3028 0.1183
vn 0.6226 0.7776 -0.0875
vn 0.6270 0.7585 0.1778
vn 0.6226 0.7776 -0.0875
vn -0.9457 0.3028 0.1183
vn -0.9457 0.3028 0.1183
vn -0.9452 0.2938 0.1422
vn 0.6270 0.7585 0.1778
vn 0.6131 0.6725 0.4147
vn 0.6270 0.7585 0.1778
vn -0.9452 0.2938 0.1422
vn -0.9452 0.2938 0.1422
vn -0.9432 0.2336 0.2364
vn 0.6131 0.6725 0.4147
vn 0.6483 0.4874 0.5849
vn 0.6131 0.6725 0.4147
vn -0.9432 0.2336 0.2364
vn -0.9432 0.2336 0.2364
vn -0.9316 0.1645 0.3242
vn 0.6483 0.4874 0.5849
vn 0.6642 0.2591 0.7012
vn 0.6483 0.4874 0.5849
vn -0.9316 0.1645 0.3242
vn -0.9316 0.1645 0.3242
vn -0.9333 0.0774 0.3508
vn 0.6642 0.2591 0.7012
vn 0.6929 0.0052 0.7210
vn 0.6642 0.2591 0.7012
vn -0.9333 0.0774 0.3508
vn -0.9333 0.0774 0.3508
vn -0.9282 0.0058 0.3721
vn 0.6929 0.0052 0.7210
vn 0.6945 -0.2536 0.6733
vn 0.6929 0.0052 0.7210
vn -0.9282 0.0058 0.3721
vn -0.9282 0.0058 0.3721
vn -0.9306 -0.0401 0.3638
vn 0.6945 -0.2536 0.6733
vn 0.6806 -0.4797 0.5537
vn 0.6945 -0.2536 0.6733
vn -0.9306 -0.0401 0.3638
vn -0.9306 -0.0401 0.3638
vn -0.9347 -0.1035 0.3402
vn 0.6806 -0.4797 0.5537
vn 0.6580 -0.6571 0.3677
vn 0.6806 -0.4797 0.5537
vn -0.9347 -0.1035 0.3402
vn -0.9347 -0.1035 0.3402
vn -0.9432 -0.1607 0.2908
vn 0.6580 -0.6571 0.3677
vn 0.6263 -0.7644 0.1530
vn 0.6580 -0.6571 0.3677
vn -0.9432 -0.1607 0.2908
vn -0.9432 -0.1607 0.2908
vn -0.9564 -0.1966 0.2160
vn 0.6263 -0.7644 0.1530
vn 0.6098 -0.7877 -0.0877
vn 0.6263 -0.7644 0.1530
vn -0.9564 -0.1966 0.2160
vn -0.9564 -0.1966 0.2160
vn -0.9649 -0.2193 0.1443
vn 0.6098 -0.7877 -0.0877
vn 0.5754 -0.7600 -0.3022
vn 0.6098 -0.7877 -0.0877
vn -0.9649 -0.2193 0.1443
vn -0.9649 -0.2193 0.1443
vn -0.9842 -0.1756 0.0216
vn 0.5754 -0.7600 -0.3022
vn -0.9740 -0.2151 -0.0714
vn -0.9842 -0.1756 0.0216
vn -0.9905 0.0525 0.1267
vn -0.9868 -0.1281 -0.0993
vn -0.9740 -0.2151 -0.0714
vn -0.9905 0.0525 0.1267
vn -0.9854 -0.0504 -0.1626
vn -0.9868 -0.1281 -0.0993
vn -0.9905 0.0525 0.1267
vn -0.9933 0.0024 -0.1154
vn -0.9854 -0.0504 -0.1626
vn -0.9905 0.0525 0.1267
vn -0.9848 0.1575 -0.0732
vn -0.9933 0.0024 -0.1154
vn -0.9905 0.0525 0.1267
vn -0.9676 0.2402 -0.0783
vn -0.9848 0.1575 -0.0732
vn -0.9905 0.0525 0.1267
vn -0.9714 0.2303 -0.0585
vn -0.9676 0.2402 -0.0783
vn -0.9905 0.0525 0.1267
vn -0.9624 0.2665 0.0521
vn -0.9714 0.2303 -0.0585
vn -0.9905 0.0525 0.1267
vn -0.9457 0.3028 0.1183
vn -0.9624 0.2665 0.0521
vn -0.9905 0.0525 0.1267
vn -0.9452 0.2938 0.1422
vn -0.9457 0.3028 0.1183
vn -0.9905 0.0525 0.1267
vn -0.9432 0.2336 0.2364
vn -0.9452 0.2938 0.1422
vn -0.9905 0.0525 0.1267
vn -0.9316 0.1645 0.3242
vn -0.9432 0.2336 0.2364
vn -0.9905 0.0525 0.1267
vn -0.9333 0.0774 0.3508
vn -0.9316 0.1645 0.3242
vn -0.9905 0.0525 0.1267
vn -0.9282 0.0058 0.3721
vn -0.9333 0.0774 0.3508
vn -0.9905 0.0525 0.1267
vn -0.9306 -0.0401 0.3638
vn -0.9282 0.0058 0.3721
vn -0.9905 0.0525 0.1267
vn -0.9347 -0.1035 0.3402
vn -0.9306 -0.0401 0.3638
vn -0.9905 0.0525 0.1267
vn -0.9432 -0.1607 0.2908
vn -0.9347 -0.1035 0.3402
vn -0.9905 0.0525 0.1267
vn -0.9564 -0.1966 0.2160
vn -0.9432 -0.1607 0.2908
vn -0.9905 0.0525 0.1267
vn -0.9649 -0.2193 0.1443
vn -0.9564 -0.1966 0.2160
vn -0.9905 0.0525 0.1267
vn -0.9842 -0.1756 0.0216
vn -0.9649 -0.2193 0.1443
vn -0.9905 0.0525 0.1267
vn 0.9590 0.2792 -0.0488
vn 0.9705 0.2388 0.0339
vn 0.9900 -0.0002 -0.1409
vn 0.9705 0.2388 0.0339
vn 0.9796 0.1745 0.0998
vn 0.9900 -0.0002 -0.1409
vn 0.9796 0.1745 0.0998
vn 0.9855 0.0926 0.1424
vn 0.9900 -0.0002 -0.1409
vn 0.9855 0.0926 0.1424
vn 0.9875 0.0010 0.1574
vn 0.9900 -0.0002 -0.1409
vn 0.9875 0.0010 0.1574
vn 0.9855 -0.0908 0.1431
vn 0.9900 -0.0002 -0.1409
vn 0.9855 -0.0908 0.1431
vn 0.9797 -0.1732 0.1010
vn 0.9900 -0.0002 -0.1409
vn 0.9797 -0.1732 0.1010
vn 0.9706 -0.2380 0.0357
vn 0.9900 -0.0002 -0.1409
vn 0.9706 -0.2380 0.0357
vn 0.9591 -0.2791 -0.0467
vn 0.9900 -0.0002 -0.1409
vn 0.9591 -0.2791 -0.0467
vn 0.9469 -0.2915 -0.1359
vn 0.9900 -0.0002 -0.1409
vn 0.9469 -0.2915 -0.1359
vn 0.9350 -0.2757 -0.2231
vn 0.9900 -0.0002 -0.1409
vn 0.9350 -0.2757 -0.2231
vn 0.9245 -0.2326 -0.3021
vn 0.9900 -0.0002 -0.1409
vn 0.9245 -0.2326 -0.3021
vn 0.9162 -0.1680 -0.3638
vn 0.9900 -0.0002 -0.1409
vn 0.9162 -0.1680 -0.3638
vn 0.9110 -0.0883 -0.4028
vn 0.9900 -0.0002 -0.1409
vn 0.9110 -0.0883 -0.4028
vn 0.9092 -0.0013 -0.4163
vn 0.9900 -0.0002 -0.1409
vn 0.9092 -0.0013 -0.4163
vn 0.9109 0.0863 -0.4034
vn 0.9900 -0.0002 -0.1409
vn 0.9109 0.0863 -0.4034
vn 0.9161 0.1661 -0.3650
vn 0.9900 -0.0002 -0.1409
vn 0.9161 0.1661 -0.3650
vn 0.9242 0.2309 -0.3041
vn 0.9900 -0.0002 -0.1409
vn 0.9242 0.2309 -0.3041
vn 0.9348 0.2745 -0.2255
vn 0.9900 -0.0002 -0.1409
vn 0.9348 0.2745 -0.2255
vn 0.9467 0.2910 -0.1383
vn 0.9900 -0.0002 -0.1409
vn 0.9467 0.2910 -0.1383
vn 0.9590 0.2792 -0.0488
vn 0.9900 -0.0002 -0.1409
vn 0.7784 -0.4912 -0.3909
vn 0.7475 -0.6095 -0.2640
vn 0.5754 -0.7600 -0.3022
vn 0.5754 -0.7600 -0.3022
vn 0.5859 -0.6339 -0.5048
vn 0.7784 -0.4912 -0.3909
vn 0.7957 -0.3114 -0.5194
vn 0.7784 -0.4912 -0.3909
vn 0.5859 -0.6339 -0.5048
vn 0.5859 -0.6339 -0.5048
vn 0.5702 -0.4454 -0.6903
vn 0.7957 -0.3114 -0.5194
vn 0.7877 -0.1487 -0.5979
vn 0.7957 -0.3114 -0.5194
vn 0.5702 -0.4454 -0.6903
vn 0.5702 -0.4454 -0.6903
vn 0.5562 -0.2227 -0.8006
vn 0.7877 -0.1487 -0.5979
vn 0.7849 -0.0134 -0.6194
vn 0.7877 -0.1487 -0.5979
vn 0.5562 -0.2227 -0.8006
vn 0.5562 -0.2227 -0.8006
vn 0.5369 0.0026 -0.8437
vn 0.7849 -0.0134 -0.6194
vn 0.8120 0.0900 -0.5767
vn 0.7849 -0.0134 -0.6194
vn 0.5369 0.0026 -0.8437
vn 0.5369 0.0026 -0.8437
vn 0.5401 0.2160 -0.8134
vn 0.8120 0.0900 -0.5767
vn 0.8600 0.1974 -0.4705
vn 0.8120 0.0900 -0.5767
vn 0.5401 0.2160 -0.8134
vn 0.5401 0.2160 -0.8134
vn 0.5888 0.4183 -0.6916
vn 0.8600 0.1974 -0.4705
vn 0.8843 0.3164 -0.3434
vn 0.8600 0.1974 -0.4705
vn 0.5888 0.4183 -0.6916
vn 0.5888 0.4183 -0.6916
vn 0.5900 0.6181 -0.5195
vn 0.8843 0.3164 -0.3434
vn 0.8882 0.3853 -0.2502
vn 0.8843 0.3164 -0.3434
vn 0.5900 0.6181 -0.5195
vn 0.5900 0.6181 -0.5195
vn 0.5750 0.7524 -0.3213
vn 0.8882 0.3853 -0.2502
vn 0.9040 0.4083 -0.1265
vn 0.8882 0.3853 -0.2502
vn 0.5750 0.7524 -0.3213
vn 0.5750 0.7524 -0.3213
vn 0.6226 0.7776 -0.0875
vn 0.9040 0.4083 -0.1265
vn 0.9083 0.4152 0.0514
vn 0.9040 0.4083 -0.1265
vn 0.6226 0.7776 -0.0875
vn 0.6226 0.7776 -0.0875
vn 0.6270 0.7585 0.1778
vn 0.9083 0.4152 0.0514
vn 0.8952 0.3965 0.2038
vn 0.9083 0.4152 0.0514
vn 0.6270 0.7585 0.1778
vn 0.6270 0.7585 0.1778
vn 0.6131 0.6725 0.4147
vn 0.8952 0.3965 0.2038
vn 0.8908 0.3079 0.3342
vn 0.8952 0.3965 0.2038
vn 0.6131 0.6725 0.4147
vn 0.6131 0.6725 0.4147
vn 0.6483 0.4874 0.5849
vn 0.8908 0.3079 0.3342
vn 0.8858 0.1651 0.4336
vn 0.8908 0.3079 0.3342
vn 0.6483 0.4874 0.5849
vn 0.6483 0.4874 0.5849
vn 0.6642 0.2591 0.7012
vn 0.8858 0.1651 0.4336
vn 0.8812 -0.0079 0.4726
vn 0.8858 0.1651 0.4336
vn 0.6642 0.2591 0.7012
vn 0.6642 0.2591 0.7012
vn 0.6929 0.0052 0.7210
vn 0.8812 -0.0079 0.4726
vn 0.8667 -0.2029 0.4557
vn 0.8812 -0.0079 0.4726
vn 0.6929 0.0052 0.7210
vn 0.6929 0.0052 0.7210
vn 0.6945 -0.2536 0.6733
vn 0.8667 -0.2029 0.4557
vn 0.8423 -0.3806 0.3816
vn 0.8667 -0.2029 0.4557
vn 0.6945 -0.2536 0.6733
vn 0.6945 -0.2536 0.6733
vn 0.6806 -0.4797 0.5537
vn 0.8423 -0.3806 0.3816
vn 0.8092 -0.5324 0.2486
vn 0.8423 -0.3806 0.3816
vn 0.6806 -0.4797 0.5537
vn 0.6806 -0.4797 0.5537
vn 0.6580 -0.6571 0.3677
vn 0.8092 -0.5324 0.2486
vn 0.7752 -0.6257 0.0866
vn 0.8092 -0.5324 0.2486
vn 0.6580 -0.6571 0.3677
vn 0.6580 -0.6571 0.3677
vn 0.6263 -0.7644 0.1530
vn 0.7752 -0.6257 0.0866
vn 0.7533 -0.6497 -0.1024
vn 0.7752 -0.6257 0.0866
vn 0.6263 -0.7644 0.1530
vn 0.6263 -0.7644 0.1530
vn 0.6098 -0.7877 -0.0877
vn 0.7533 -0.6497 -0.1024
vn 0.7475 -0.6095 -0.2640
vn 0.7533 -0.6497 -0.1024
vn 0.6098 -0.7877 -0.0877
vn 0.6098 -0.7877 -0.0877
vn 0.5754 -0.7600 -0.3022
vn 0.7475 -0.6095 -0.2640
vn 0.8957 0.4106 0.1704
vn 0.8770 0.4797 0.0278
vn 0.7533 -0.5862 -0.2981
vn 0.7533 -0.5862 -0.2981
vn 0.7251 -0.5023 -0.4711
vn 0.8957 0.4106 0.1704
vn 0.9104 0.3006 0.2844
vn 0.8957 0.4106 0.1704
vn 0.7251 -0.5023 -0.4711
vn 0.7251 -0.5023 -0.4711
vn 0.7028 -0.3674 -0.6091
vn 0.9104 0.3006 0.2844
vn 0.9197 0.1599 0.3587
vn 0.9104 0.3006 0.2844
vn 0.7028 -0.3674 -0.6091
vn 0.7028 -0.3674 -0.6091
vn 0.6877 -0.1953 -0.6992
vn 0.9197 0.1599 0.3587
vn 0.9229 0.0019 0.3851
vn 0.9197 0.1599 0.3587
vn 0.6877 -0.1953 -0.6992
vn 0.6877 -0.1953 -0.6992
vn 0.6821 -0.0026 -0.7313
vn 0.9229 0.0019 0.3851
vn 0.9194 -0.1567 0.3608
vn 0.9229 0.0019 0.3851
vn 0.6821 -0.0026 -0.7313
vn 0.6821 -0.0026 -0.7313
vn 0.6870 0.1908 -0.7012
vn 0.9194 -0.1567 0.3608
vn 0.9096 -0.2992 0.2883
vn 0.9194 -0.1567 0.3608
vn 0.6870 0.1908 -0.7012
vn 0.6870 0.1908 -0.7012
vn 0.7008 0.3648 -0.6130
vn 0.9096 -0.2992 0.2883
vn 0.8944 -0.4114 0.1756
vn 0.9096 -0.2992 0.2883
vn 0.7008 0.3648 -0.6130
vn 0.7008 0.3648 -0.6130
vn 0.7221 0.5020 -0.4761
vn 0.8944 -0.4114 0.1756
vn 0.8751 -0.4828 0.0330
vn 0.8944 -0.4114 0.1756
vn 0.7221 0.5020 -0.4761
vn 0.7221 0.5020 -0.4761
vn 0.7498 0.5880 -0.3034
vn 0.8751 -0.4828 0.0330
vn 0.8527 -0.5082 -0.1210
vn 0.8751 -0.4828 0.0330
vn 0.7498 0.5880 -0.3034
vn 0.7498 0.5880 -0.3034
vn 0.7793 0.6160 -0.1150
vn 0.8527 -0.5082 -0.1210
vn 0.8314 -0.4837 -0.2736
vn 0.8527 -0.5082 -0.1210
vn 0.7793 0.6160 -0.1150
vn 0.7793 0.6160 -0.1150
vn 0.8045 0.5896 0.0717
vn 0.8314 -0.4837 -0.2736
vn 0.8116 -0.4116 -0.4146
vn 0.8314 -0.4837 -0.2736
vn 0.8045 0.5896 0.0717
vn 0.8045 0.5896 0.0717
vn 0.8284 0.5044 0.2437
vn 0.8116 -0.4116 -0.4146
vn 0.7968 -0.2984 -0.5254
vn 0.8116 -0.4116 -0.4146
vn 0.8284 0.5044 0.2437
vn 0.8284 0.5044 0.2437
vn 0.8496 0.3662 0.3796
vn 0.7968 -0.2984 -0.5254
vn 0.7873 -0.1572 -0.5962
vn 0.7968 -0.2984 -0.5254
vn 0.8496 0.3662 0.3796
vn 0.8496 0.3662 0.3796
vn 0.8636 0.1927 0.4659
vn 0.7873 -0.1572 -0.5962
vn 0.7845 -0.0021 -0.6202
vn 0.7873 -0.1572 -0.5962
vn 0.8636 0.1927 0.4659
vn 0.8636 0.1927 0.4659
vn 0.8684 0.0023 0.4959
vn 0.7845 -0.0021 -0.6202
vn 0.7885 0.1535 -0.5956
vn 0.7845 -0.0021 -0.6202
vn 0.8684 0.0023 0.4959
vn 0.8684 0.0023 0.4959
vn 0.8644 -0.1883 0.4663
vn 0.7885 0.1535 -0.5956
vn 0.7989 0.2934 -0.5250
vn 0.7885 0.1535 -0.5956
vn 0.8644 -0.1883 0.4663
vn 0.8644 -0.1883 0.4663
vn 0.8529 -0.3593 0.3787
vn 0.7989 0.2934 -0.5250
vn 0.8150 0.4042 -0.4153
vn 0.7989 0.2934 -0.5250
vn 0.8529 -0.3593 0.3787
vn 0.8529 -0.3593 0.3787
vn 0.8330 -0.4963 0.2444
vn 0.8150 0.4042 -0.4153
vn 0.8347 0.4763 -0.2766
vn 0.8150 0.4042 -0.4153
vn 0.8330 -0.4963 0.2444
vn 0.8330 -0.4963 0.2444
vn 0.8088 -0.5833 0.0744
vn 0.8347 0.4763 -0.2766
vn 0.8552 0.5028 -0.1255
vn 0.8347 0.4763 -0.2766
vn 0.8088 -0.5833 0.0744
vn 0.8088 -0.5833 0.0744
vn 0.7830 -0.6122 -0.1105
vn 0.8552 0.5028 -0.1255
vn 0.8770 0.4797 0.0278
vn 0.8552 0.5028 -0.1255
vn 0.7830 -0.6122 -0.1105
vn 0.7830 -0.6122 -0.1105
vn 0.7533 -0.5862 -0.2981
vn 0.8770 0.4797 0.0278
vn 0.7251 -0.5023 -0.4711
vn 0.7533 -0.5862 -0.2981
vn 0.7475 -0.6095 -0.2640
vn 0.7475 -0.6095 -0.2640
vn 0.7784 -0.4912 -0.3909
vn 0.7251 -0.5023 -0.4711
vn 0.8770 0.4797 0.0278
vn 0.8957 0.4106 0.1704
vn 0.9705 0.2388 0.0339
vn 0.9705 0.2388 0.0339
vn 0.9590 0.2792 -0.0488
vn 0.8770 0.4797 0.0278
vn 0.7028 -0.3674 -0.6091
vn 0.7251 -0.5023 -0.4711
vn 0.7784 -0.4912 -0.3909
vn 0.7784 -0.4912 -0.3909
vn 0.7957 -0.3114 -0.5194
vn 0.7028 -0.3674 -0.6091
vn 0.8957 0.4106 0.1704
vn 0.9104 0.3006 0.2844
vn 0.9796 0.1745 0.0998
vn 0.9796 0.1745 0.0998
vn 0.9705 0.2388 0.0339
vn 0.8957 0.4106 0.1704
vn 0.6877 -0.1953 -0.6992
vn 0.7028 -0.3674 -0.6091
vn 0.7957 -0.3114 -0.5194
vn 0.7957 -0.3114 -0.5194
vn 0.7877 -0.1487 -0.5979
vn 0.6877 -0.1953 -0.6992
vn 0.9104 0.3006 0.2844
vn 0.9197 0.1599 0.3587
vn 0.9855 0.0926 0.1424
vn 0.9855 0.0926 0.1424
vn 0.9796 0.1745 0.0998
vn 0.9104 0.3006 0.2844
vn 0.6821 -0.0026 -0.7313
vn 0.6877 -0.1953 -0.6992
vn 0.7877 -0.1487 -0.5979
vn 0.7877 -0.1487 -0.5979
vn 0.7849 -0.0134 -0.6194
vn 0.6821 -0.0026 -0.7313
vn 0.9197 0.1599 0.3587
vn 0.9229 0.0019 0.3851
vn 0.9875 0.0010 0.1574
vn 0.9875 0.0010 0.1574
vn 0.9855 0.0926 0.1424
vn 0.9197 0.1599 0.3587
vn 0.6870 0.1908 -0.7012
vn 0.6821 -0.0026 -0.7313
vn 0.7849 -0.0134 -0.6194
vn 0.7849 -0.0134 -0.6194
vn 0.8120 0.0900 -0.5767
vn 0.6870 0.1908 -0.7012
vn 0.9229 0.0019 0.3851
vn 0.9194 -0.1567 0.3608
vn 0.9855 -0.0908 0.1431
vn 0.9855 -0.0908 0.1431
vn 0.9875 0.0010 0.1574
vn 0.9229 0.0019 0.3851
vn 0.7008 0.3648 -0.6130
vn 0.6870 0.1908 -0.7012
vn 0.8120 0.0900 -0.5767
vn 0.8120 0.0900 -0.5767
vn 0.8600 0.1974 -0.4705
vn 0.7008 0.3648 -0.6130
vn 0.9194 -0.1567 0.3608
vn 0.9096 -0.2992 0.2883
vn 0.9797 -0.1732 0.1010
vn 0.9797 -0.1732 0.1010
vn 0.9855 -0.0908 0.1431
vn 0.9194 -0.1567 0.3608
vn 0.7221 0.5020 -0.4761
vn 0.7008 0.3648 -0.6130
vn 0.8600 0.1974 -0.4705
vn 0.8600 0.1974 -0.4705
vn 0.8843 0.3164 -0.3434
vn 0.7221 0.5020 -0.4761
vn 0.9096 -0.2992 0.2883
vn 0.8944 -0.4114 0.1756
vn 0.9706 -0.2380 0.0357
vn 0.9706 -0.2380 0.0357
vn 0.9797 -0.1732 0.1010
vn 0.9096 -0.2992 0.2883
vn 0.7498 0.5880 -0.3034
vn 0.7221 0.5020 -0.4761
vn 0.8843 0.3164 -0.3434
vn 0.8843 0.3164 -0.3434
vn 0.8882 0.3853 -0.2502
vn 0.7498 0.5880 -0.3034
vn 0.8944 -0.4114 0.1756
vn 0.8751 -0.4828 0.0330
vn 0.9591 -0.2791 -0.0467
vn 0.9591 -0.2791 -0.0467
vn 0.9706 -0.2380 0.0357
vn 0.8944 -0.4114 0.1756
vn 0.7793 0.6160 -0.1150
vn 0.7498 0.5880 -0.3034
vn 0.8882 0.3853 -0.2502
vn 0.8882 0.3853 -0.2502
vn 0.9040 0.4083 -0.1265
vn 0.7793 0.6160 -0.1150
vn 0.8751 -0.4828 0.0330
vn 0.8527 -0.5082 -0.1210
vn 0.9469 -0.2915 -0.1359
vn 0.9469 -0.2915 -0.1359
vn 0.9591 -0.2791 -0.0467
vn 0.8751 -0.4828 0.0330
vn 0.8045 0.5896 0.0717
vn 0.7793 0.6160 -0.1150
vn 0.9040 0.4083 -0.1265
vn 0.9040 0.4083 -0.1265
vn 0.9083 0.4152 0.0514
vn 0.8045 0.5896 0.0717
vn 0.8527 -0.5082 -0.1210
vn 0.8314 -0.4837 -0.2736
vn 0.9350 -0.2757 -0.2231
vn 0.9350 -0.2757 -0.2231
vn 0.9469 -0.2915 -0.1359
vn 0.8527 -0.5082 -0.1210
vn 0.8284 0.5044 0.2437
vn 0.8045 0.5896 0.0717
vn 0.9083 0.4152 0.0514
vn 0.9083 0.4152 0.0514
vn 0.8952 0.3965 0.2038
vn 0.8284 0.5044 0.2437
vn 0.8314 -0.4837 -0.2736
vn 0.8116 -0.4116 -0.4146
vn 0.9245 -0.2326 -0.3021
vn 0.9245 -0.2326 -0.3021
vn 0.9350 -0.2757 -0.2231
vn 0.8314 -0.4837 -0.2736
vn 0.8496 0.3662 0.3796
vn 0.8284 0.5044 0.2437
vn 0.8952 0.3965 0.2038
vn 0.8952 0.3965 0.2038
vn 0.8908 0.3079 0.3342
vn 0.8496 0.3662 0.3796
vn 0.8116 -0.4116 -0.4146
vn 0.7968 -0.2984 -0.5254
vn 0.9162 -0.1680 -0.3638
vn 0.9162 -0.1680 -0.3638
vn 0.9245 -0.2326 -0.3021
vn 0.8116 -0.4116 -0.4146
vn 0.8636 0.1927 0.4659
vn 0.8496 0.3662 0.3796
vn 0.8908 0.3079 0.3342
vn 0.8908 0.3079 0.3342
vn 0.8858 0.1651 0.4336
vn 0.8636 0.1927 0.4659
vn 0.7968 -0.2984 -0.5254
vn 0.7873 -0.1572 -0.5962
vn 0.9110 -0.0883 -0.4028
vn 0.9110 -0.0883 -0.4028
vn 0.9162 -0.1680 -0.3638
vn 0.7968 -0.2984 -0.5254
vn 0.8684 0.0023 0.4959
vn 0.8636 0.1927 0.4659
vn 0.8858 0.1651 0.4336
vn 0.8858 0.1651 0.4336
vn 0.8812 -0.0079 0.4726
vn 0.8684 0.0023 0.4959
vn 0.7873 -0.1572 -0.5962
vn 0.7845 -0.0021 -0.6202
vn 0.9092 -0.0013 -0.4163
vn 0.9092 -0.0013 -0.4163
vn 0.9110 -0.0883 -0.4028
vn 0.7873 -0.1572 -0.5962
vn 0.8644 -0.1883 0.4663
vn 0.8684 0.0023 0.4959
vn 0.8812 -0.0079 0.4726
vn 0.8812 -0.0079 0.4726
vn 0.8667 -0.2029 0.4557
vn 0.8644 -0.1883 0.4663
vn 0.7845 -0.0021 -0.6202
vn 0.7885 0.1535 -0.5956
vn 0.9109 0.0863 -0.4034
vn 0.9109 0.0863 -0.4034
vn 0.9092 -0.0013 -0.4163
vn 0.7845 -0.0021 -0.6202
vn 0.8529 -0.3593 0.3787
vn 0.8644 -0.1883 0.4663
vn 0.8667 -0.2029 0.4557
vn 0.8667 -0.2029 0.4557
vn 0.8423 -0.3806 0.3816
vn 0.8529 -0.3593 0.3787
vn 0.7885 0.1535 -0.5956
vn 0.7989 0.2934 -0.5250
vn 0.9161 0.1661 -0.3650
vn 0.9161 0.1661 -0.3650
vn 0.9109 0.0863 -0.4034
vn 0.7885 0.1535 -0.5956
vn 0.8330 -0.4963 0.2444
vn 0.8529 -0.3593 0.3787
vn 0.8423 -0.3806 0.3816
vn 0.8423 -0.3806 0.3816
vn 0.8092 -0.5324 0.2486
vn 0.8330 -0.4963 0.2444
vn 0.7989 0.2934 -0.5250
vn 0.8150 0.4042 -0.4153
vn 0.9242 0.2309 -0.3041
vn 0.9242 0.2309 -0.3041
vn 0.9161 0.1661 -0.3650
vn 0.7989 0.2934 -0.5250
vn 0.8088 -0.5833 0.0744
vn 0.8330 -0.4963 0.2444
vn 0.8092 -0.5324 0.2486
vn 0.8092 -0.5324 0.2486
vn 0.7752 -0.6257 0.0866
vn 0.8088 -0.5833 0.0744
vn 0.8150 0.4042 -0.4153
vn 0.8347 0.4763 -0.2766
vn 0.9348 0.2745 -0.2255
vn 0.9348 0.2745 -0.2255
vn 0.9242 0.2309 -0.3041
vn 0.8150 0.4042 -0.4153
vn 0.7830 -0.6122 -0.1105
vn 0.8088 -0.5833 0.0744
vn 0.7752 -0.6257 0.0866
vn 0.7752 -0.6257 0.0866
vn 0.7533 -0.6497 -0.1024
vn 0.7830 -0.6122 -0.1105
vn 0.8347 0.4763 -0.2766
vn 0.8552 0.5028 -0.1255
vn 0.9467 0.2910 -0.1383
vn 0.9467 0.2910 -0.1383
vn 0.9348 0.2745 -0.2255
vn 0.8347 0.4763 -0.2766
vn 0.7533 -0.5862 -0.2981
vn 0.7830 -0.6122 -0.1105
vn 0.7533 -0.6497 -0.1024
vn 0.7533 -0.6497 -0.1024
vn 0.7475 -0.6095 -0.2640
vn 0.7533 -0.5862 -0.2981
vn 0.8552 0.5028 -0.1255
vn 0.8770 0.4797 0.0278
vn 0.9590 0.2792 -0.0488
vn 0.9590 0.2792 -0.0488
vn 0.9467 0.2910 -0.1383
vn 0.8552 0.5028 -0.1255
vn 0.8596 0.1403 -0.4913
vn 0.9443 0.1405 -0.2975
vn 0.9468 0.1104 -0.3024
vn 0.9468 0.1104 -0.3024
vn 0.8585 0.0761 -0.5071
vn 0.8596 0.1403 -0.4913
vn 0.6628 0.1336 -0.7368
vn 0.8596 0.1403 -0.4913
vn 0.8585 0.0761 -0.5071
vn 0.8585 0.0761 -0.5071
vn 0.6631 0.0591 -0.7462
vn 0.6628 0.1336 -0.7368
vn 0.3158 0.1234 -0.9408
vn 0.6628 0.1336 -0.7368
vn 0.6631 0.0591 -0.7462
vn 0.6631 0.0591 -0.7462
vn 0.3160 0.0582 -0.9470
vn 0.3158 0.1234 -0.9408
vn 0.0000 0.1205 -0.9927
vn 0.3158 0.1234 -0.9408
vn 0.3160 0.0582 -0.9470
vn 0.3160 0.0582 -0.9470
vn 0.0000 0.0578 -0.9983
vn 0.0000 0.1205 -0.9927
vn -0.3158 0.1234 -0.9408
vn 0.0000 0.1205 -0.9927
vn 0.0000 0.0578 -0.9983
vn 0.0000 0.0578 -0.9983
vn -0.3160 0.0582 -0.9470
vn -0.3158 0.1234 -0.9408
vn -0.6628 0.1336 -0.7368
vn -0.3158 0.1234 -0.9408
vn -0.3160 0.0582 -0.9470
vn -0.3160 0.0582 -0.9470
vn -0.6631 0.0591 -0.7462
vn -0.6628 0.1336 -0.7368
vn -0.8596 0.1403 -0.4913
vn -0.6628 0.1336 -0.7368
vn -0.6631 0.0591 -0.7462
vn -0.6631 0.0591 -0.7462
vn -0.8656 0.0572 -0.4975
vn -0.8596 0.1403 -0.4913
vn -0.9414 0.1483 -0.3031
vn -0.8596 0.1403 -0.4913
vn -0.8656 0.0572 -0.4975
vn -0.8656 0.0572 -0.4975
vn -0.9495 0.0578 -0.3085
vn -0.9414 0.1483 -0.3031
vn -0.9882 0.1531 -0.0003
vn -0.9414 0.1483 -0.3031
vn -0.9495 0.0578 -0.3085
vn -0.9495 0.0578 -0.3085
vn -0.9983 0.0580 -0.0029
vn -0.9882 0.1531 -0.0003
vn -0.9983 0.0580 -0.0029
vn -0.9858 0.0575 0.1577
vn -0.9515 0.0740 0.2987
vn -0.9983 0.0580 -0.0029
vn -0.9515 0.0740 0.2987
vn -0.9398 0.1539 0.3051
vn -0.9983 0.0580 -0.0029
vn -0.9398 0.1539 0.3051
vn -0.9882 0.1531 -0.0003
vn -0.6570 0.1571 0.7373
vn -0.8565 0.1533 0.4928
vn -0.7707 0.4830 0.4155
vn -0.7707 0.4830 0.4155
vn -0.5198 0.7011 0.4881
vn -0.6570 0.1571 0.7373
vn -0.3135 0.1547 0.9369
vn -0.6570 0.1571 0.7373
vn -0.5198 0.7011 0.4881
vn -0.5198 0.7011 0.4881
vn -0.1975 0.8285 0.5240
vn -0.3135 0.1547 0.9369
vn -0.0000 0.1534 0.9882
vn -0.3135 0.1547 0.9369
vn -0.1975 0.8285 0.5240
vn -0.1975 0.8285 0.5240
vn 0.0001 0.8510 0.5252
vn -0.0000 0.1534 0.9882
vn 0.3135 0.1547 0.9369
vn -0.0000 0.1534 0.9882
vn 0.0001 0.8510 0.5252
vn 0.0001 0.8510 0.5252
vn 0.1977 0.8281 0.5245
vn 0.3135 0.1547 0.9369
vn 0.6570 0.1571 0.7373
vn 0.3135 0.1547 0.9369
vn 0.1977 0.8281 0.5245
vn 0.1977 0.8281 0.5245
vn 0.5201 0.7005 0.4886
vn 0.6570 0.1571 0.7373
vn 0.8565 0.1533 0.4928
vn 0.6570 0.1571 0.7373
vn 0.5201 0.7005 0.4886
vn 0.5201 0.7005 0.4886
vn 0.7712 0.4820 0.4158
vn 0.8565 0.1533 0.4928
vn 0.7712 0.4820 0.4158
vn 0.8732 0.2669 0.4078
vn 0.9463 0.0871 0.3112
vn 0.7712 0.4820 0.4158
vn 0.9463 0.0871 0.3112
vn 0.9366 0.1615 0.3109
vn 0.7712 0.4820 0.4158
vn 0.9366 0.1615 0.3109
vn 0.8565 0.1533 0.4928
vn 0.9443 0.1405 -0.2975
vn 0.9887 0.1494 -0.0161
vn 0.9892 0.1447 0.0240
vn 0.9892 0.1447 0.0240
vn 0.9468 0.1104 -0.3024
vn 0.9443 0.1405 -0.2975
vn 0.8548 0.2021 -0.4779
vn 0.9257 0.2572 -0.2775
vn 0.9443 0.1405 -0.2975
vn 0.9443 0.1405 -0.2975
vn 0.8596 0.1403 -0.4913
vn 0.8548 0.2021 -0.4779
vn 0.6541 0.1878 -0.7327
vn 0.8548 0.2021 -0.4779
vn 0.8596 0.1403 -0.4913
vn 0.8596 0.1403 -0.4913
vn 0.6628 0.1336 -0.7368
vn 0.6541 0.1878 -0.7327
vn 0.3138 0.1790 -0.9325
vn 0.6541 0.1878 -0.7327
vn 0.6628 0.1336 -0.7368
vn 0.6628 0.1336 -0.7368
vn 0.3158 0.1234 -0.9408
vn 0.3138 0.1790 -0.9325
vn -0.0000 0.1743 -0.9847
vn 0.3138 0.1790 -0.9325
vn 0.3158 0.1234 -0.9408
vn 0.3158 0.1234 -0.9408
vn 0.0000 0.1205 -0.9927
vn -0.0000 0.1743 -0.9847
vn -0.3138 0.1790 -0.9325
vn -0.0000 0.1743 -0.9847
vn 0.0000 0.1205 -0.9927
vn 0.0000 0.1205 -0.9927
vn -0.3158 0.1234 -0.9408
vn -0.3138 0.1790 -0.9325
vn -0.6541 0.1878 -0.7327
vn -0.3138 0.1790 -0.9325
vn -0.3158 0.1234 -0.9408
vn -0.3158 0.1234 -0.9408
vn -0.6628 0.1336 -0.7368
vn -0.6541 0.1878 -0.7327
vn -0.8548 0.2021 -0.4779
vn -0.6541 0.1878 -0.7327
vn -0.6628 0.1336 -0.7368
vn -0.6628 0.1336 -0.7368
vn -0.8596 0.1403 -0.4913
vn -0.8548 0.2021 -0.4779
vn -0.9257 0.2572 -0.2775
vn -0.8548 0.2021 -0.4779
vn -0.8596 0.1403 -0.4913
vn -0.8596 0.1403 -0.4913
vn -0.9414 0.1483 -0.3031
vn -0.9257 0.2572 -0.2775
vn -0.9563 0.2925 0.0026
vn -0.9257 0.2572 -0.2775
vn -0.9414 0.1483 -0.3031
vn -0.9414 0.1483 -0.3031
vn -0.9882 0.1531 -0.0003
vn -0.9563 0.2925 0.0026
vn -0.9178 0.2770 0.2846
vn -0.9563 0.2925 0.0026
vn -0.9882 0.1531 -0.0003
vn -0.9882 0.1531 -0.0003
vn -0.9398 0.1539 0.3051
vn -0.9178 0.2770 0.2846
vn -0.8424 0.2467 0.4790
vn -0.9178 0.2770 0.2846
vn -0.9398 0.1539 0.3051
vn -0.9398 0.1539 0.3051
vn -0.8565 0.1533 0.4928
vn -0.8424 0.2467 0.4790
vn -0.6415 0.2579 0.7225
vn -0.8424 0.2467 0.4790
vn -0.8565 0.1533 0.4928
vn -0.8565 0.1533 0.4928
vn -0.6570 0.1571 0.7373
vn -0.6415 0.2579 0.7225
vn -0.3086 0.2644 0.9137
vn -0.6415 0.2579 0.7225
vn -0.6570 0.1571 0.7373
vn -0.6570 0.1571 0.7373
vn -0.3135 0.1547 0.9369
vn -0.3086 0.2644 0.9137
vn 0.0000 0.2624 0.9650
vn -0.3086 0.2644 0.9137
vn -0.3135 0.1547 0.9369
vn -0.3135 0.1547 0.9369
vn -0.0000 0.1534 0.9882
vn 0.0000 0.2624 0.9650
vn 0.3086 0.2644 0.9137
vn 0.0000 0.2624 0.9650
vn -0.0000 0.1534 0.9882
vn -0.0000 0.1534 0.9882
vn 0.3135 0.1547 0.9369
vn 0.3086 0.2644 0.9137
vn 0.6415 0.2579 0.7225
vn 0.3086 0.2644 0.9137
vn 0.3135 0.1547 0.9369
vn 0.3135 0.1547 0.9369
vn 0.6570 0.1571 0.7373
vn 0.6415 0.2579 0.7225
vn 0.8424 0.2467 0.4790
vn 0.6415 0.2579 0.7225
vn 0.6570 0.1571 0.7373
vn 0.6570 0.1571 0.7373
vn 0.8565 0.1533 0.4928
vn 0.8424 0.2467 0.4790
vn 0.9178 0.2770 0.2846
vn 0.8424 0.2467 0.4790
vn 0.8565 0.1533 0.4928
vn 0.8565 0.1533 0.4928
vn 0.9366 0.1615 0.3109
vn 0.9178 0.2770 0.2846
vn 0.9563 0.2925 0.0026
vn 0.9178 0.2770 0.2846
vn 0.9366 0.1615 0.3109
vn 0.9366 0.1615 0.3109
vn 0.9887 0.1494 -0.0161
vn 0.9563 0.2925 0.0026
vn 0.9257 0.2572 -0.2775
vn 0.9563 0.2925 0.0026
vn 0.9887 0.1494 -0.0161
vn 0.9887 0.1494 -0.0161
vn 0.9443 0.1405 -0.2975
vn 0.9257 0.2572 -0.2775
vn 0.8455 0.2632 -0.4646
vn 0.9152 0.3130 -0.2537
vn 0.9257 0.2572 -0.2775
vn 0.9257 0.2572 -0.2775
vn 0.8548 0.2021 -0.4779
vn 0.8455 0.2632 -0.4646
vn 0.6200 0.2823 -0.7321
vn 0.8455 0.2632 -0.4646
vn 0.8548 0.2021 -0.4779
vn 0.8548 0.2021 -0.4779
vn 0.6541 0.1878 -0.7327
vn 0.6200 0.2823 -0.7321
vn 0.2972 0.3008 -0.9062
vn 0.6200 0.2823 -0.7321
vn 0.6541 0.1878 -0.7327
vn 0.6541 0.1878 -0.7327
vn 0.3138 0.1790 -0.9325
vn 0.2972 0.3008 -0.9062
vn 0.0000 0.2983 -0.9545
vn 0.2972 0.3008 -0.9062
vn 0.3138 0.1790 -0.9325
vn 0.3138 0.1790 -0.9325
vn -0.0000 0.1743 -0.9847
vn 0.0000 0.2983 -0.9545
vn -0.2972 0.3008 -0.9062
vn 0.0000 0.2983 -0.9545
vn -0.0000 0.1743 -0.9847
vn -0.0000 0.1743 -0.9847
vn -0.3138 0.1790 -0.9325
vn -0.2972 0.3008 -0.9062
vn -0.6200 0.2823 -0.7321
vn -0.2972 0.3008 -0.9062
vn -0.3138 0.1790 -0.9325
vn -0.3138 0.1790 -0.9325
vn -0.6541 0.1878 -0.7327
vn -0.6200 0.2823 -0.7321
vn -0.8460 0.2658 -0.4622
vn -0.6200 0.2823 -0.7321
vn -0.6541 0.1878 -0.7327
vn -0.6541 0.1878 -0.7327
vn -0.8548 0.2021 -0.4779
vn -0.8460 0.2658 -0.4622
vn -0.9108 0.3349 -0.2415
vn -0.8460 0.2658 -0.4622
vn -0.8548 0.2021 -0.4779
vn -0.8548 0.2021 -0.4779
vn -0.9257 0.2572 -0.2775
vn -0.9108 0.3349 -0.2415
vn -0.9201 0.3916 0.0005
vn -0.9108 0.3349 -0.2415
vn -0.9257 0.2572 -0.2775
vn -0.9257 0.2572 -0.2775
vn -0.9563 0.2925 0.0026
vn -0.9201 0.3916 0.0005
vn -0.9065 0.3537 0.2306
vn -0.9201 0.3916 0.0005
vn -0.9563 0.2925 0.0026
vn -0.9563 0.2925 0.0026
vn -0.9178 0.2770 0.2846
vn -0.9065 0.3537 0.2306
vn -0.8532 0.2756 0.4428
vn -0.9065 0.3537 0.2306
vn -0.9178 0.2770 0.2846
vn -0.9178 0.2770 0.2846
vn -0.8424 0.2467 0.4790
vn -0.8532 0.2756 0.4428
vn -0.6450 0.2609 0.7183
vn -0.8532 0.2756 0.4428
vn -0.8424 0.2467 0.4790
vn -0.8424 0.2467 0.4790
vn -0.6415 0.2579 0.7225
vn -0.6450 0.2609 0.7183
vn -0.3089 0.2725 0.9112
vn -0.6450 0.2609 0.7183
vn -0.6415 0.2579 0.7225
vn -0.6415 0.2579 0.7225
vn -0.3086 0.2644 0.9137
vn -0.3089 0.2725 0.9112
vn 0.0000 0.2745 0.9616
vn -0.3089 0.2725 0.9112
vn -0.3086 0.2644 0.9137
vn -0.3086 0.2644 0.9137
vn 0.0000 0.2624 0.9650
vn 0.0000 0.2745 0.9616
vn 0.3089 0.2725 0.9112
vn 0.0000 0.2745 0.9616
vn 0.0000 0.2624 0.9650
vn 0.0000 0.2624 0.9650
vn 0.3086 0.2644 0.9137
vn 0.3089 0.2725 0.9112
vn 0.6450 0.2609 0.7183
vn 0.3089 0.2725 0.9112
vn 0.3086 0.2644 0.9137
vn 0.3086 0.2644 0.9137
vn 0.6415 0.2579 0.7225
vn 0.6450 0.2609 0.7183
vn 0.8521 0.2615 0.4533
vn 0.6450 0.2609 0.7183
vn 0.6415 0.2579 0.7225
vn 0.6415 0.2579 0.7225
vn 0.8424 0.2467 0.4790
vn 0.8521 0.2615 0.4533
vn 0.9179 0.3123 0.2449
vn 0.8521 0.2615 0.4533
vn 0.8424 0.2467 0.4790
vn 0.8424 0.2467 0.4790
vn 0.9178 0.2770 0.2846
vn 0.9179 0.3123 0.2449
vn 0.9371 0.3489 -0.0059
vn 0.9179 0.3123 0.2449
vn 0.9178 0.2770 0.2846
vn 0.9178 0.2770 0.2846
vn 0.9563 0.2925 0.0026
vn 0.9371 0.3489 -0.0059
vn 0.9152 0.3130 -0.2537
vn 0.9371 0.3489 -0.0059
vn 0.9563 0.2925 0.0026
vn 0.9563 0.2925 0.0026
vn 0.9257 0.2572 -0.2775
vn 0.9152 0.3130 -0.2537
vn 0.7738 0.4481 -0.4477
vn 0.8785 0.4156 -0.2357
vn 0.9152 0.3130 -0.2537
vn 0.9152 0.3130 -0.2537
vn 0.8455 0.2632 -0.4646
vn 0.7738 0.4481 -0.4477
vn 0.5309 0.5062 -0.6796
vn 0.7738 0.4481 -0.4477
vn 0.8455 0.2632 -0.4646
vn 0.8455 0.2632 -0.4646
vn 0.6200 0.2823 -0.7321
vn 0.5309 0.5062 -0.6796
vn 0.2605 0.5342 -0.8042
vn 0.5309 0.5062 -0.6796
vn 0.6200 0.2823 -0.7321
vn 0.6200 0.2823 -0.7321
vn 0.2972 0.3008 -0.9062
vn 0.2605 0.5342 -0.8042
vn 0.0000 0.5336 -0.8458
vn 0.2605 0.5342 -0.8042
vn 0.2972 0.3008 -0.9062
vn 0.2972 0.3008 -0.9062
vn 0.0000 0.2983 -0.9545
vn 0.0000 0.5336 -0.8458
vn -0.2605 0.5342 -0.8042
vn 0.0000 0.5336 -0.8458
vn 0.0000 0.2983 -0.9545
vn 0.0000 0.2983 -0.9545
vn -0.2972 0.3008 -0.9062
vn -0.2605 0.5342 -0.8042
vn -0.5309 0.5062 -0.6796
vn -0.2605 0.5342 -0.8042
vn -0.2972 0.3008 -0.9062
vn -0.2972 0.3008 -0.9062
vn -0.6200 0.2823 -0.7321
vn -0.5309 0.5062 -0.6796
vn -0.7756 0.4466 -0.4460
vn -0.5309 0.5062 -0.6796
vn -0.6200 0.2823 -0.7321
vn -0.6200 0.2823 -0.7321
vn -0.8460 0.2658 -0.4622
vn -0.7756 0.4466 -0.4460
vn -0.8791 0.4258 -0.2145
vn -0.7756 0.4466 -0.4460
vn -0.8460 0.2658 -0.4622
vn -0.8460 0.2658 -0.4622
vn -0.9108 0.3349 -0.2415
vn -0.8791 0.4258 -0.2145
vn -0.9004 0.4350 -0.0015
vn -0.8791 0.4258 -0.2145
vn -0.9108 0.3349 -0.2415
vn -0.9108 0.3349 -0.2415
vn -0.9201 0.3916 0.0005
vn -0.9004 0.4350 -0.0015
vn -0.8938 0.4134 0.1736
vn -0.9004 0.4350 -0.0015
vn -0.9201 0.3916 0.0005
vn -0.9201 0.3916 0.0005
vn -0.9065 0.3537 0.2306
vn -0.8938 0.4134 0.1736
vn -0.8365 0.3781 0.3966
vn -0.8938 0.4134 0.1736
vn -0.9065 0.3537 0.2306
vn -0.9065 0.3537 0.2306
vn -0.8532 0.2756 0.4428
vn -0.8365 0.3781 0.3966
vn -0.6031 0.3621 0.7108
vn -0.8365 0.3781 0.3966
vn -0.8532 0.2756 0.4428
vn -0.8532 0.2756 0.4428
vn -0.6450 0.2609 0.7183
vn -0.6031 0.3621 0.7108
vn -0.2762 0.3633 0.8898
vn -0.6031 0.3621 0.7108
vn -0.6450 0.2609 0.7183
vn -0.6450 0.2609 0.7183
vn -0.3089 0.2725 0.9112
vn -0.2762 0.3633 0.8898
vn 0.0000 0.3631 0.9318
vn -0.2762 0.3633 0.8898
vn -0.3089 0.2725 0.9112
vn -0.3089 0.2725 0.9112
vn 0.0000 0.2745 0.9616
vn 0.0000 0.3631 0.9318
vn 0.2762 0.3633 0.8898
vn 0.0000 0.3631 0.9318
vn 0.0000 0.2745 0.9616
vn 0.0000 0.2745 0.9616
vn 0.3089 0.2725 0.9112
vn 0.2762 0.3633 0.8898
vn 0.6031 0.3621 0.7108
vn 0.2762 0.3633 0.8898
vn 0.3089 0.2725 0.9112
vn 0.3089 0.2725 0.9112
vn 0.6450 0.2609 0.7183
vn 0.6031 0.3621 0.7108
vn 0.8298 0.3723 0.4156
vn 0.6031 0.3621 0.7108
vn 0.6450 0.2609 0.7183
vn 0.6450 0.2609 0.7183
vn 0.8521 0.2615 0.4533
vn 0.8298 0.3723 0.4156
vn 0.8972 0.3957 0.1962
vn 0.8298 0.3723 0.4156
vn 0.8521 0.2615 0.4533
vn 0.8521 0.2615 0.4533
vn 0.9179 0.3123 0.2449
vn 0.8972 0.3957 0.1962
vn 0.9087 0.4169 -0.0209
vn 0.8972 0.3957 0.1962
vn 0.9179 0.3123 0.2449
vn 0.9179 0.3123 0.2449
vn 0.9371 0.3489 -0.0059
vn 0.9087 0.4169 -0.0209
vn 0.8785 0.4156 -0.2357
vn 0.9087 0.4169 -0.0209
vn 0.9371 0.3489 -0.0059
vn 0.9371 0.3489 -0.0059
vn 0.9152 0.3130 -0.2537
vn 0.8785 0.4156 -0.2357
vn 0.6402 0.6221 -0.4507
vn 0.7985 0.5508 -0.2429
vn 0.8785 0.4156 -0.2357
vn 0.8785 0.4156 -0.2357
vn 0.7738 0.4481 -0.4477
vn 0.6402 0.6221 -0.4507
vn 0.4189 0.6762 -0.6061
vn 0.6402 0.6221 -0.4507
vn 0.7738 0.4481 -0.4477
vn 0.7738 0.4481 -0.4477
vn 0.5309 0.5062 -0.6796
vn 0.4189 0.6762 -0.6061
vn 0.2206 0.6972 -0.6821
vn 0.4189 0.6762 -0.6061
vn 0.5309 0.5062 -0.6796
vn 0.5309 0.5062 -0.6796
vn 0.2605 0.5342 -0.8042
vn 0.2206 0.6972 -0.6821
vn 0.0000 0.6985 -0.7156
vn 0.2206 0.6972 -0.6821
vn 0.2605 0.5342 -0.8042
vn 0.2605 0.5342 -0.8042
vn 0.0000 0.5336 -0.8458
vn 0.0000 0.6985 -0.7156
vn -0.2206 0.6972 -0.6821
vn 0.0000 0.6985 -0.7156
vn 0.0000 0.5336 -0.8458
vn 0.0000 0.5336 -0.8458
vn -0.2605 0.5342 -0.8042
vn -0.2206 0.6972 -0.6821
vn -0.4189 0.6762 -0.6061
vn -0.2206 0.6972 -0.6821
vn -0.2605 0.5342 -0.8042
vn -0.2605 0.5342 -0.8042
vn -0.5309 0.5062 -0.6796
vn -0.4189 0.6762 -0.6061
vn -0.6361 0.6243 -0.4534
vn -0.4189 0.6762 -0.6061
vn -0.5309 0.5062 -0.6796
vn -0.5309 0.5062 -0.6796
vn -0.7756 0.4466 -0.4460
vn -0.6361 0.6243 -0.4534
vn -0.8111 0.5396 -0.2258
vn -0.6361 0.6243 -0.4534
vn -0.7756 0.4466 -0.4460
vn -0.7756 0.4466 -0.4460
vn -0.8791 0.4258 -0.2145
vn -0.8111 0.5396 -0.2258
vn -0.8684 0.4958 -0.0037
vn -0.8111 0.5396 -0.2258
vn -0.8791 0.4258 -0.2145
vn -0.8791 0.4258 -0.2145
vn -0.9004 0.4350 -0.0015
vn -0.8684 0.4958 -0.0037
vn -0.8372 0.5253 0.1518
vn -0.8684 0.4958 -0.0037
vn -0.9004 0.4350 -0.0015
vn -0.9004 0.4350 -0.0015
vn -0.8938 0.4134 0.1736
vn -0.8372 0.5253 0.1518
vn -0.7122 0.6120 0.3438
vn -0.8372 0.5253 0.1518
vn -0.8938 0.4134 0.1736
vn -0.8938 0.4134 0.1736
vn -0.8365 0.3781 0.3966
vn -0.7122 0.6120 0.3438
vn -0.4636 0.6441 0.6084
vn -0.7122 0.6120 0.3438
vn -0.8365 0.3781 0.3966
vn -0.8365 0.3781 0.3966
vn -0.6031 0.3621 0.7108
vn -0.4636 0.6441 0.6084
vn -0.2017 0.6234 0.7554
vn -0.4636 0.6441 0.6084
vn -0.6031 0.3621 0.7108
vn -0.6031 0.3621 0.7108
vn -0.2762 0.3633 0.8898
vn -0.2017 0.6234 0.7554
vn -0.0000 0.6120 0.7909
vn -0.2017 0.6234 0.7554
vn -0.2762 0.3633 0.8898
vn -0.2762 0.3633 0.8898
vn 0.0000 0.3631 0.9318
vn -0.0000 0.6120 0.7909
vn 0.2017 0.6234 0.7554
vn -0.0000 0.6120 0.7909
vn 0.0000 0.3631 0.9318
vn 0.0000 0.3631 0.9318
vn 0.2762 0.3633 0.8898
vn 0.2017 0.6234 0.7554
vn 0.4636 0.6441 0.6084
vn 0.2017 0.6234 0.7554
vn 0.2762 0.3633 0.8898
vn 0.2762 0.3633 0.8898
vn 0.6031 0.3621 0.7108
vn 0.4636 0.6441 0.6084
vn 0.6989 0.6192 0.3581
vn 0.4636 0.6441 0.6084
vn 0.6031 0.3621 0.7108
vn 0.6031 0.3621 0.7108
vn 0.8298 0.3723 0.4156
vn 0.6989 0.6192 0.3581
vn 0.8029 0.5726 0.1659
vn 0.6989 0.6192 0.3581
vn 0.8298 0.3723 0.4156
vn 0.8298 0.3723 0.4156
vn 0.8972 0.3957 0.1962
vn 0.8029 0.5726 0.1659
vn 0.8407 0.5408 -0.0265
vn 0.8029 0.5726 0.1659
vn 0.8972 0.3957 0.1962
vn 0.8972 0.3957 0.1962
vn 0.9087 0.4169 -0.0209
vn 0.8407 0.5408 -0.0265
vn 0.7985 0.5508 -0.2429
vn 0.8407 0.5408 -0.0265
vn 0.9087 0.4169 -0.0209
vn 0.9087 0.4169 -0.0209
vn 0.8785 0.4156 -0.2357
vn 0.7985 0.5508 -0.2429
vn 0.4605 0.7764 -0.4303
vn 0.6044 0.7699 -0.2051
vn 0.7985 0.5508 -0.2429
vn 0.7985 0.5508 -0.2429
vn 0.6402 0.6221 -0.4507
vn 0.4605 0.7764 -0.4303
vn 0.3112 0.7829 -0.5387
vn 0.4605 0.7764 -0.4303
vn 0.6402 0.6221 -0.4507
vn 0.6402 0.6221 -0.4507
vn 0.4189 0.6762 -0.6061
vn 0.3112 0.7829 -0.5387
vn 0.1815 0.7975 -0.5754
vn 0.3112 0.7829 -0.5387
vn 0.4189 0.6762 -0.6061
vn 0.4189 0.6762 -0.6061
vn 0.2206 0.6972 -0.6821
vn 0.1815 0.7975 -0.5754
vn -0.0000 0.8000 -0.6000
vn 0.1815 0.7975 -0.5754
vn 0.2206 0.6972 -0.6821
vn 0.2206 0.6972 -0.6821
vn 0.0000 0.6985 -0.7156
vn -0.0000 0.8000 -0.6000
vn -0.1815 0.7975 -0.5754
vn -0.0000 0.8000 -0.6000
vn 0.0000 0.6985 -0.7156
vn 0.0000 0.6985 -0.7156
vn -0.2206 0.6972 -0.6821
vn -0.1815 0.7975 -0.5754
vn -0.3112 0.7829 -0.5387
vn -0.1815 0.7975 -0.5754
vn -0.2206 0.6972 -0.6821
vn -0.2206 0.6972 -0.6821
vn -0.4189 0.6762 -0.6061
vn -0.3112 0.7829 -0.5387
vn -0.4605 0.7764 -0.4303
vn -0.3112 0.7829 -0.5387
vn -0.4189 0.6762 -0.6061
vn -0.4189 0.6762 -0.6061
vn -0.6361 0.6243 -0.4534
vn -0.4605 0.7764 -0.4303
vn -0.6202 0.7589 -0.1987
vn -0.4605 0.7764 -0.4303
vn -0.6361 0.6243 -0.4534
vn -0.6361 0.6243 -0.4534
vn -0.8111 0.5396 -0.2258
vn -0.6202 0.7589 -0.1987
vn -0.6771 0.7359 0.0024
vn -0.6202 0.7589 -0.1987
vn -0.8111 0.5396 -0.2258
vn -0.8111 0.5396 -0.2258
vn -0.8684 0.4958 -0.0037
vn -0.6771 0.7359 0.0024
vn -0.6267 0.7660 0.1431
vn -0.6771 0.7359 0.0024
vn -0.8684 0.4958 -0.0037
vn -0.8684 0.4958 -0.0037
vn -0.8372 0.5253 0.1518
vn -0.6267 0.7660 0.1431
vn -0.4714 0.8425 0.2607
vn -0.6267 0.7660 0.1431
vn -0.8372 0.5253 0.1518
vn -0.8372 0.5253 0.1518
vn -0.7122 0.6120 0.3438
vn -0.4714 0.8425 0.2607
vn -0.2849 0.8708 0.4007
vn -0.4714 0.8425 0.2607
vn -0.7122 0.6120 0.3438
vn -0.7122 0.6120 0.3438
vn -0.4636 0.6441 0.6084
vn -0.2849 0.8708 0.4007
vn -0.1392 0.8340 0.5339
vn -0.2849 0.8708 0.4007
vn -0.4636 0.6441 0.6084
vn -0.4636 0.6441 0.6084
vn -0.2017 0.6234 0.7554
vn -0.1392 0.8340 0.5339
vn 0.0000 0.8170 0.5767
vn -0.1392 0.8340 0.5339
vn -0.2017 0.6234 0.7554
vn -0.2017 0.6234 0.7554
vn -0.0000 0.6120 0.7909
vn 0.0000 0.8170 0.5767
vn 0.1392 0.8340 0.5339
vn 0.0000 0.8170 0.5767
vn -0.0000 0.6120 0.7909
vn -0.0000 0.6120 0.7909
vn 0.2017 0.6234 0.7554
vn 0.1392 0.8340 0.5339
vn 0.2849 0.8708 0.4007
vn 0.1392 0.8340 0.5339
vn 0.2017 0.6234 0.7554
vn 0.2017 0.6234 0.7554
vn 0.4636 0.6441 0.6084
vn 0.2849 0.8708 0.4007
vn 0.4475 0.8539 0.2655
vn 0.2849 0.8708 0.4007
vn 0.4636 0.6441 0.6084
vn 0.4636 0.6441 0.6084
vn 0.6989 0.6192 0.3581
vn 0.4475 0.8539 0.2655
vn 0.5820 0.8007 0.1417
vn 0.4475 0.8539 0.2655
vn 0.6989 0.6192 0.3581
vn 0.6989 0.6192 0.3581
vn 0.8029 0.5726 0.1659
vn 0.5820 0.8007 0.1417
vn 0.6409 0.7676 -0.0086
vn 0.5820 0.8007 0.1417
vn 0.8029 0.5726 0.1659
vn 0.8029 0.5726 0.1659
vn 0.8407 0.5408 -0.0265
vn 0.6409 0.7676 -0.0086
vn 0.6044 0.7699 -0.2051
vn 0.6409 0.7676 -0.0086
vn 0.8407 0.5408 -0.0265
vn 0.8407 0.5408 -0.0265
vn 0.7985 0.5508 -0.2429
vn 0.6044 0.7699 -0.2051
vn 0.2473 0.9157 -0.3168
vn 0.3142 0.9395 -0.1365
vn 0.6044 0.7699 -0.2051
vn 0.6044 0.7699 -0.2051
vn 0.4605 0.7764 -0.4303
vn 0.2473 0.9157 -0.3168
vn 0.1979 0.8861 -0.4191
vn 0.2473 0.9157 -0.3168
vn 0.4605 0.7764 -0.4303
vn 0.4605 0.7764 -0.4303
vn 0.3112 0.7829 -0.5387
vn 0.1979 0.8861 -0.4191
vn 0.1365 0.8819 -0.4513
vn 0.1979 0.8861 -0.4191
vn 0.3112 0.7829 -0.5387
vn 0.3112 0.7829 -0.5387
vn 0.1815 0.7975 -0.5754
vn 0.1365 0.8819 -0.4513
vn -0.0000 0.8820 -0.4712
vn 0.1365 0.8819 -0.4513
vn 0.1815 0.7975 -0.5754
vn 0.1815 0.7975 -0.5754
vn -0.0000 0.8000 -0.6000
vn -0.0000 0.8820 -0.4712
vn -0.1365 0.8819 -0.4513
vn -0.0000 0.8820 -0.4712
vn -0.0000 0.8000 -0.6000
vn -0.0000 0.8000 -0.6000
vn -0.1815 0.7975 -0.5754
vn -0.1365 0.8819 -0.4513
vn -0.1979 0.8861 -0.4191
vn -0.1365 0.8819 -0.4513
vn -0.1815 0.7975 -0.5754
vn -0.1815 0.7975 -0.5754
vn -0.3112 0.7829 -0.5387
vn -0.1979 0.8861 -0.4191
vn -0.2473 0.9157 -0.3168
vn -0.1979 0.8861 -0.4191
vn -0.3112 0.7829 -0.5387
vn -0.3112 0.7829 -0.5387
vn -0.4605 0.7764 -0.4303
vn -0.2473 0.9157 -0.3168
vn -0.3142 0.9395 -0.1365
vn -0.2473 0.9157 -0.3168
vn -0.4605 0.7764 -0.4303
vn -0.4605 0.7764 -0.4303
vn -0.6202 0.7589 -0.1987
vn -0.3142 0.9395 -0.1365
vn -0.3384 0.9410 0.0012
vn -0.3142 0.9395 -0.1365
vn -0.6202 0.7589 -0.1987
vn -0.6202 0.7589 -0.1987
vn -0.6771 0.7359 0.0024
vn -0.3384 0.9410 0.0012
vn -0.3133 0.9443 0.1008
vn -0.3384 0.9410 0.0012
vn -0.6771 0.7359 0.0024
vn -0.6771 0.7359 0.0024
vn -0.6267 0.7660 0.1431
vn -0.3133 0.9443 0.1008
vn -0.2386 0.9539 0.1821
vn -0.3133 0.9443 0.1008
vn -0.6267 0.7660 0.1431
vn -0.6267 0.7660 0.1431
vn -0.4714 0.8425 0.2607
vn -0.2386 0.9539 0.1821
vn -0.1792 0.9529 0.2446
vn -0.2386 0.9539 0.1821
vn -0.4714 0.8425 0.2607
vn -0.4714 0.8425 0.2607
vn -0.2849 0.8708 0.4007
vn -0.1792 0.9529 0.2446
vn -0.1236 0.9389 0.3211
vn -0.1792 0.9529 0.2446
vn -0.2849 0.8708 0.4007
vn -0.2849 0.8708 0.4007
vn -0.1392 0.8340 0.5339
vn -0.1236 0.9389 0.3211
vn 0.0000 0.9354 0.3535
vn -0.1236 0.9389 0.3211
vn -0.1392 0.8340 0.5339
vn -0.1392 0.8340 0.5339
vn 0.0000 0.8170 0.5767
vn 0.0000 0.9354 0.3535
vn 0.1236 0.9389 0.3211
vn 0.0000 0.9354 0.3535
vn 0.0000 0.8170 0.5767
vn 0.0000 0.8170 0.5767
vn 0.1392 0.8340 0.5339
vn 0.1236 0.9389 0.3211
vn 0.1792 0.9529 0.2446
vn 0.1236 0.9389 0.3211
vn 0.1392 0.8340 0.5339
vn 0.1392 0.8340 0.5339
vn 0.2849 0.8708 0.4007
vn 0.1792 0.9529 0.2446
vn 0.2386 0.9539 0.1821
vn 0.1792 0.9529 0.2446
vn 0.2849 0.8708 0.4007
vn 0.2849 0.8708 0.4007
vn 0.4475 0.8539 0.2655
vn 0.2386 0.9539 0.1821
vn 0.3133 0.9443 0.1008
vn 0.2386 0.9539 0.1821
vn 0.4475 0.8539 0.2655
vn 0.4475 0.8539 0.2655
vn 0.5820 0.8007 0.1417
vn 0.3133 0.9443 0.1008
vn 0.3384 0.9410 0.0012
vn 0.3133 0.9443 0.1008
vn 0.5820 0.8007 0.1417
vn 0.5820 0.8007 0.1417
vn 0.6409 0.7676 -0.0086
vn 0.3384 0.9410 0.0012
vn 0.3142 0.9395 -0.1365
vn 0.3384 0.9410 0.0012
vn 0.6409 0.7676 -0.0086
vn 0.6409 0.7676 -0.0086
vn 0.6044 0.7699 -0.2051
vn 0.3142 0.9395 -0.1365
vn 0.1357 0.9734 -0.1845
vn 0.1561 0.9850 -0.0732
vn 0.3142 0.9395 -0.1365
vn 0.3142 0.9395 -0.1365
vn 0.2473 0.9157 -0.3168
vn 0.1357 0.9734 -0.1845
vn 0.1287 0.9543 -0.2697
vn 0.1357 0.9734 -0.1845
vn 0.2473 0.9157 -0.3168
vn 0.2473 0.9157 -0.3168
vn 0.1979 0.8861 -0.4191
vn 0.1287 0.9543 -0.2697
vn 0.0922 0.9476 -0.3058
vn 0.1287 0.9543 -0.2697
vn 0.1979 0.8861 -0.4191
vn 0.1979 0.8861 -0.4191
vn 0.1365 0.8819 -0.4513
vn 0.0922 0.9476 -0.3058
vn -0.0000 0.9468 -0.3218
vn 0.0922 0.9476 -0.3058
vn 0.1365 0.8819 -0.4513
vn 0.1365 0.8819 -0.4513
vn -0.0000 0.8820 -0.4712
vn -0.0000 0.9468 -0.3218
vn -0.0922 0.9476 -0.3058
vn -0.0000 0.9468 -0.3218
vn -0.0000 0.8820 -0.4712
vn -0.0000 0.8820 -0.4712
vn -0.1365 0.8819 -0.4513
vn -0.0922 0.9476 -0.3058
vn -0.1287 0.9543 -0.2697
vn -0.0922 0.9476 -0.3058
vn -0.1365 0.8819 -0.4513
vn -0.1365 0.8819 -0.4513
vn -0.1979 0.8861 -0.4191
vn -0.1287 0.9543 -0.2697
vn -0.1357 0.9734 -0.1845
vn -0.1287 0.9543 -0.2697
vn -0.1979 0.8861 -0.4191
vn -0.1979 0.8861 -0.4191
vn -0.2473 0.9157 -0.3168
vn -0.1357 0.9734 -0.1845
vn -0.1561 0.9850 -0.0732
vn -0.1357 0.9734 -0.1845
vn -0.2473 0.9157 -0.3168
vn -0.2473 0.9157 -0.3168
vn -0.3142 0.9395 -0.1365
vn -0.1561 0.9850 -0.0732
vn -0.1639 0.9865 -0.0001
vn -0.1561 0.9850 -0.0732
vn -0.3142 0.9395 -0.1365
vn -0.3142 0.9395 -0.1365
vn -0.3384 0.9410 0.0012
vn -0.1639 0.9865 -0.0001
vn -0.1526 0.9863 0.0633
vn -0.1639 0.9865 -0.0001
vn -0.3384 0.9410 0.0012
vn -0.3384 0.9410 0.0012
vn -0.3133 0.9443 0.1008
vn -0.1526 0.9863 0.0633
vn -0.1325 0.9828 0.1283
vn -0.1526 0.9863 0.0633
vn -0.3133 0.9443 0.1008
vn -0.3133 0.9443 0.1008
vn -0.2386 0.9539 0.1821
vn -0.1325 0.9828 0.1283
vn -0.1389 0.9779 0.1564
vn -0.1325 0.9828 0.1283
vn -0.2386 0.9539 0.1821
vn -0.2386 0.9539 0.1821
vn -0.1792 0.9529 0.2446
vn -0.1389 0.9779 0.1564
vn -0.1196 0.9767 0.1779
vn -0.1389 0.9779 0.1564
vn -0.1792 0.9529 0.2446
vn -0.1792 0.9529 0.2446
vn -0.1236 0.9389 0.3211
vn -0.1196 0.9767 0.1779
vn 0.0000 0.9811 0.1935
vn -0.1196 0.9767 0.1779
vn -0.1236 0.9389 0.3211
vn -0.1236 0.9389 0.3211
vn 0.0000 0.9354 0.3535
vn 0.0000 0.9811 0.1935
vn 0.1196 0.9767 0.1779
vn 0.0000 0.9811 0.1935
vn 0.0000 0.9354 0.3535
vn 0.0000 0.9354 0.3535
vn 0.1236 0.9389 0.3211
vn 0.1196 0.9767 0.1779
vn 0.1389 0.9779 0.1564
vn 0.1196 0.9767 0.1779
vn 0.1236 0.9389 0.3211
vn 0.1236 0.9389 0.3211
vn 0.1792 0.9529 0.2446
vn 0.1389 0.9779 0.1564
vn 0.1325 0.9828 0.1283
vn 0.1389 0.9779 0.1564
vn 0.1792 0.9529 0.2446
vn 0.1792 0.9529 0.2446
vn 0.2386 0.9539 0.1821
vn 0.1325 0.9828 0.1283
vn 0.1526 0.9863 0.0633
vn 0.1325 0.9828 0.1283
vn 0.2386 0.9539 0.1821
vn 0.2386 0.9539 0.1821
vn 0.3133 0.9443 0.1008
vn 0.1526 0.9863 0.0633
vn 0.1639 0.9865 -0.0001
vn 0.1526 0.9863 0.0633
vn 0.3133 0.9443 0.1008
vn 0.3133 0.9443 0.1008
vn 0.3384 0.9410 0.0012
vn 0.1639 0.9865 -0.0001
vn 0.1561 0.9850 -0.0732
vn 0.1639 0.9865 -0.0001
vn 0.3384 0.9410 0.0012
vn 0.3384 0.9410 0.0012
vn 0.3142 0.9395 -0.1365
vn 0.1561 0.9850 -0.0732
vn 0.1202 0.9871 -0.1054
vn 0.1391 0.9891 -0.0491
vn 0.1561 0.9850 -0.0732
vn 0.1561 0.9850 -0.0732
vn 0.1357 0.9734 -0.1845
vn 0.1202 0.9871 -0.1054
vn 0.0933 0.9845 -0.1487
vn 0.1202 0.9871 -0.1054
vn 0.1357 0.9734 -0.1845
vn 0.1357 0.9734 -0.1845
vn 0.1287 0.9543 -0.2697
vn 0.0933 0.9845 -0.1487
vn 0.0546 0.9841 -0.1688
vn 0.0933 0.9845 -0.1487
vn 0.1287 0.9543 -0.2697
vn 0.1287 0.9543 -0.2697
vn 0.0922 0.9476 -0.3058
vn 0.0546 0.9841 -0.1688
vn 0.0000 0.9843 -0.1765
vn 0.0546 0.9841 -0.1688
vn 0.0922 0.9476 -0.3058
vn 0.0922 0.9476 -0.3058
vn -0.0000 0.9468 -0.3218
vn 0.0000 0.9843 -0.1765
vn -0.0546 0.9841 -0.1688
vn 0.0000 0.9843 -0.1765
vn -0.0000 0.9468 -0.3218
vn -0.0000 0.9468 -0.3218
vn -0.0922 0.9476 -0.3058
vn -0.0546 0.9841 -0.1688
vn -0.0933 0.9845 -0.1487
vn -0.0546 0.9841 -0.1688
vn -0.0922 0.9476 -0.3058
vn -0.0922 0.9476 -0.3058
vn -0.1287 0.9543 -0.2697
vn -0.0933 0.9845 -0.1487
vn -0.1202 0.9871 -0.1054
vn -0.0933 0.9845 -0.1487
vn -0.1287 0.9543 -0.2697
vn -0.1287 0.9543 -0.2697
vn -0.1357 0.9734 -0.1845
vn -0.1202 0.9871 -0.1054
vn -0.1391 0.9891 -0.0491
vn -0.1202 0.9871 -0.1054
vn -0.1357 0.9734 -0.1845
vn -0.1357 0.9734 -0.1845
vn -0.1561 0.9850 -0.0732
vn -0.1391 0.9891 -0.0491
vn -0.1447 0.9895 -0.0004
vn -0.1391 0.9891 -0.0491
vn -0.1561 0.9850 -0.0732
vn -0.1561 0.9850 -0.0732
vn -0.1639 0.9865 -0.0001
vn -0.1447 0.9895 -0.0004
vn -0.1385 0.9892 0.0484
vn -0.1447 0.9895 -0.0004
vn -0.1639 0.9865 -0.0001
vn -0.1639 0.9865 -0.0001
vn -0.1526 0.9863 0.0633
vn -0.1385 0.9892 0.0484
vn -0.1246 0.9875 0.0969
vn -0.1385 0.9892 0.0484
vn -0.1526 0.9863 0.0633
vn -0.1526 0.9863 0.0633
vn -0.1325 0.9828 0.1283
vn -0.1246 0.9875 0.0969
vn -0.1214 0.9868 0.1076
vn -0.1246 0.9875 0.0969
vn -0.1325 0.9828 0.1283
vn -0.1325 0.9828 0.1283
vn -0.1389 0.9779 0.1564
vn -0.1214 0.9868 0.1076
vn -0.0882 0.9911 0.1000
vn -0.1214 0.9868 0.1076
vn -0.1389 0.9779 0.1564
vn -0.1389 0.9779 0.1564
vn -0.1196 0.9767 0.1779
vn -0.0882 0.9911 0.1000
vn 0.0000 0.9948 0.1016
vn -0.0882 0.9911 0.1000
vn -0.1196 0.9767 0.1779
vn -0.1196 0.9767 0.1779
vn 0.0000 0.9811 0.1935
vn 0.0000 0.9948 0.1016
vn 0.0882 0.9911 0.1000
vn 0.0000 0.9948 0.1016
vn 0.0000 0.9811 0.1935
vn 0.0000 0.9811 0.1935
vn 0.1196 0.9767 0.1779
vn 0.0882 0.9911 0.1000
vn 0.1214 0.9868 0.1076
vn 0.0882 0.9911 0.1000
vn 0.1196 0.9767 0.1779
vn 0.1196 0.9767 0.1779
vn 0.1389 0.9779 0.1564
vn 0.1214 0.9868 0.1076
vn 0.1246 0.9875 0.0969
vn 0.1214 0.9868 0.1076
vn 0.1389 0.9779 0.1564
vn 0.1389 0.9779 0.1564
vn 0.1325 0.9828 0.1283
vn 0.1246 0.9875 0.0969
vn 0.1385 0.9892 0.0484
vn 0.1246 0.9875 0.0969
vn 0.1325 0.9828 0.1283
vn 0.1325 0.9828 0.1283
vn 0.1526 0.9863 0.0633
vn 0.1385 0.9892 0.0484
vn 0.1447 0.9895 -0.0004
vn 0.1385 0.9892 0.0484
vn 0.1526 0.9863 0.0633
vn 0.1526 0.9863 0.0633
vn 0.1639 0.9865 -0.0001
vn 0.1447 0.9895 -0.0004
vn 0.1391 0.9891 -0.0491
vn 0.1447 0.9895 -0.0004
vn 0.1639 0.9865 -0.0001
vn 0.1639 0.9865 -0.0001
vn 0.1561 0.9850 -0.0732
vn 0.1391 0.9891 -0.0491
vn 0.1391 0.9891 -0.0491
vn 0.1202 0.9871 -0.1054
vn -0.0000 1.0000 0.0002
vn 0.1202 0.9871 -0.1054
vn 0.0933 0.9845 -0.1487
vn -0.0000 1.0000 0.0002
vn 0.0933 0.9845 -0.1487
vn 0.0546 0.9841 -0.1688
vn -0.0000 1.0000 0.0002
vn 0.0546 0.9841 -0.1688
vn 0.0000 0.9843 -0.1765
vn -0.0000 1.0000 0.0002
vn 0.0000 0.9843 -0.1765
vn -0.0546 0.9841 -0.1688
vn -0.0000 1.0000 0.0002
vn -0.0546 0.9841 -0.1688
vn -0.0933 0.9845 -0.1487
vn -0.0000 1.0000 0.0002
vn -0.0933 0.9845 -0.1487
vn -0.1202 0.9871 -0.1054
vn -0.0000 1.0000 0.0002
vn -0.1202 0.9871 -0.1054
vn -0.1391 0.9891 -0.0491
vn -0.0000 1.0000 0.0002
vn -0.1391 0.9891 -0.0491
vn -0.1447 0.9895 -0.0004
vn -0.0000 1.0000 0.0002
vn -0.1447 0.9895 -0.0004
vn -0.1385 0.9892 0.0484
vn -0.0000 1.0000 0.0002
vn -0.1385 0.9892 0.0484
vn -0.1246 0.9875 0.0969
vn -0.0000 1.0000 0.0002
vn -0.1246 0.9875 0.0969
vn -0.1214 0.9868 0.1076
vn -0.0000 1.0000 0.0002
vn -0.1214 0.9868 0.1076
vn -0.0882 0.9911 0.1000
vn -0.0000 1.0000 0.0002
vn -0.0882 0.9911 0.1000
vn 0.0000 0.9948 0.1016
vn -0.0000 1.0000 0.0002
vn 0.0000 0.9948 0.1016
vn 0.0882 0.9911 0.1000
vn -0.0000 1.0000 0.0002
vn 0.0882 0.9911 0.1000
vn 0.1214 0.9868 0.1076
vn -0.0000 1.0000 0.0002
vn 0.1214 0.9868 0.1076
vn 0.1246 0.9875 0.0969
vn -0.0000 1.0000 0.0002
vn 0.1246 0.9875 0.0969
vn 0.1385 0.9892 0.0484
vn -0.0000 1.0000 0.0002
vn 0.1385 0.9892 0.0484
vn 0.1447 0.9895 -0.0004
vn -0.0000 1.0000 0.0002
vn 0.1447 0.9895 -0.0004
vn 0.1391 0.9891 -0.0491
vn -0.0000 1.0000 0.0002
vn -0.8655 -0.1226 0.4857
vn -0.8668 -0.0479 0.4964
vn -0.9590 -0.0437 0.2800
vn -0.9590 -0.0437 0.2800
vn -0.9481 -0.1338 0.2886
vn -0.8655 -0.1226 0.4857
vn -0.6690 -0.1136 0.7346
vn -0.6674 -0.0525 0.7429
vn -0.8668 -0.0479 0.4964
vn -0.8668 -0.0479 0.4964
vn -0.8655 -0.1226 0.4857
vn -0.6690 -0.1136 0.7346
vn -0.3184 -0.1084 0.9417
vn -0.3190 -0.0583 0.9460
vn -0.6674 -0.0525 0.7429
vn -0.6674 -0.0525 0.7429
vn -0.6690 -0.1136 0.7346
vn -0.3184 -0.1084 0.9417
vn 0.0000 -0.1067 0.9943
vn 0.0000 -0.0594 0.9982
vn -0.3190 -0.0583 0.9460
vn -0.3190 -0.0583 0.9460
vn -0.3184 -0.1084 0.9417
vn 0.0000 -0.1067 0.9943
vn 0.3184 -0.1084 0.9417
vn 0.3190 -0.0583 0.9460
vn 0.0000 -0.0594 0.9982
vn 0.0000 -0.0594 0.9982
vn 0.0000 -0.1067 0.9943
vn 0.3184 -0.1084 0.9417
vn 0.6690 -0.1136 0.7346
vn 0.6674 -0.0525 0.7429
vn 0.3190 -0.0583 0.9460
vn 0.3190 -0.0583 0.9460
vn 0.3184 -0.1084 0.9417
vn 0.6690 -0.1136 0.7346
vn 0.8655 -0.1226 0.4857
vn 0.8668 -0.0479 0.4964
vn 0.6674 -0.0525 0.7429
vn 0.6674 -0.0525 0.7429
vn 0.6690 -0.1136 0.7346
vn 0.8655 -0.1226 0.4857
vn 0.9450 -0.1418 0.2946
vn 0.9503 -0.0551 0.3063
vn 0.8668 -0.0479 0.4964
vn 0.8668 -0.0479 0.4964
vn 0.8655 -0.1226 0.4857
vn 0.9450 -0.1418 0.2946
vn 0.9881 -0.1535 -0.0000
vn 0.9982 -0.0594 0.0000
vn 0.9503 -0.0551 0.3063
vn 0.9503 -0.0551 0.3063
vn 0.9450 -0.1418 0.2946
vn 0.9881 -0.1535 -0.0000
vn 0.9413 -0.1491 -0.3030
vn 0.9529 -0.0633 -0.2967
vn 0.9982 -0.0594 0.0000
vn 0.9982 -0.0594 0.0000
vn 0.9881 -0.1535 -0.0000
vn 0.9413 -0.1491 -0.3030
vn 0.8590 -0.1410 -0.4922
vn 0.8680 -0.0720 -0.4913
vn 0.9529 -0.0633 -0.2967
vn 0.9529 -0.0633 -0.2967
vn 0.9413 -0.1491 -0.3030
vn 0.8590 -0.1410 -0.4922
vn 0.6616 -0.1487 -0.7350
vn 0.6689 -0.0813 -0.7389
vn 0.8680 -0.0720 -0.4913
vn 0.8680 -0.0720 -0.4913
vn 0.8590 -0.1410 -0.4922
vn 0.6616 -0.1487 -0.7350
vn 0.3165 -0.1539 -0.9360
vn 0.3192 -0.0795 -0.9443
vn 0.6689 -0.0813 -0.7389
vn 0.6689 -0.0813 -0.7389
vn 0.6616 -0.1487 -0.7350
vn 0.3165 -0.1539 -0.9360
vn -0.0000 -0.1542 -0.9880
vn -0.0000 -0.0785 -0.9969
vn 0.3192 -0.0795 -0.9443
vn 0.3192 -0.0795 -0.9443
vn 0.3165 -0.1539 -0.9360
vn -0.0000 -0.1542 -0.9880
vn -0.3165 -0.1539 -0.9360
vn -0.3192 -0.0795 -0.9443
vn -0.0000 -0.0785 -0.9969
vn -0.0000 -0.0785 -0.9969
vn -0.0000 -0.1542 -0.9880
vn -0.3165 -0.1539 -0.9360
vn -0.6616 -0.1487 -0.7350
vn -0.6689 -0.0813 -0.7389
vn -0.3192 -0.0795 -0.9443
vn -0.3192 -0.0795 -0.9443
vn -0.3165 -0.1539 -0.9360
vn -0.6616 -0.1487 -0.7350
vn -0.8590 -0.1410 -0.4922
vn -0.8392 -0.1598 -0.5198
vn -0.6689 -0.0813 -0.7389
vn -0.6689 -0.0813 -0.7389
vn -0.6616 -0.1487 -0.7350
vn -0.8590 -0.1410 -0.4922
vn -0.9378 -0.1577 -0.3093
vn -0.9525 -0.1485 -0.2660
vn -0.8392 -0.1598 -0.5198
vn -0.8392 -0.1598 -0.5198
vn -0.8590 -0.1410 -0.4922
vn -0.9378 -0.1577 -0.3093
vn -0.9886 -0.1500 0.0167
vn -0.9972 -0.0746 0.0022
vn -0.9525 -0.1485 -0.2660
vn -0.9525 -0.1485 -0.2660
vn -0.9378 -0.1577 -0.3093
vn -0.9886 -0.1500 0.0167
vn -0.9481 -0.1338 0.2886
vn -0.9590 -0.0437 0.2800
vn -0.9972 -0.0746 0.0022
vn -0.9972 -0.0746 0.0022
vn -0.9886 -0.1500 0.0167
vn -0.9481 -0.1338 0.2886
vn -0.8601 -0.1990 0.4697
vn -0.8655 -0.1226 0.4857
vn -0.9481 -0.1338 0.2886
vn -0.9481 -0.1338 0.2886
vn -0.9293 -0.2547 0.2676
vn -0.8601 -0.1990 0.4697
vn -0.6566 -0.1757 0.7335
vn -0.6690 -0.1136 0.7346
vn -0.8655 -0.1226 0.4857
vn -0.8655 -0.1226 0.4857
vn -0.8601 -0.1990 0.4697
vn -0.6566 -0.1757 0.7335
vn -0.3154 -0.1603 0.9353
vn -0.3184 -0.1084 0.9417
vn -0.6690 -0.1136 0.7346
vn -0.6690 -0.1136 0.7346
vn -0.6566 -0.1757 0.7335
vn -0.3154 -0.1603 0.9353
vn -0.0000 -0.1543 0.9880
vn 0.0000 -0.1067 0.9943
vn -0.3184 -0.1084 0.9417
vn -0.3184 -0.1084 0.9417
vn -0.3154 -0.1603 0.9353
vn -0.0000 -0.1543 0.9880
vn 0.3154 -0.1603 0.9353
vn 0.3184 -0.1084 0.9417
vn 0.0000 -0.1067 0.9943
vn 0.0000 -0.1067 0.9943
vn -0.0000 -0.1543 0.9880
vn 0.3154 -0.1603 0.9353
vn 0.6566 -0.1757 0.7335
vn 0.6690 -0.1136 0.7346
vn 0.3184 -0.1084 0.9417
vn 0.3184 -0.1084 0.9417
vn 0.3154 -0.1603 0.9353
vn 0.6566 -0.1757 0.7335
vn 0.8601 -0.1990 0.4697
vn 0.8655 -0.1226 0.4857
vn 0.6690 -0.1136 0.7346
vn 0.6690 -0.1136 0.7346
vn 0.6566 -0.1757 0.7335
vn 0.8601 -0.1990 0.4697
vn 0.9293 -0.2547 0.2676
vn 0.9450 -0.1418 0.2946
vn 0.8655 -0.1226 0.4857
vn 0.8655 -0.1226 0.4857
vn 0.8601 -0.1990 0.4697
vn 0.9293 -0.2547 0.2676
vn 0.9567 -0.2910 -0.0036
vn 0.9881 -0.1535 -0.0000
vn 0.9450 -0.1418 0.2946
vn 0.9450 -0.1418 0.2946
vn 0.9293 -0.2547 0.2676
vn 0.9567 -0.2910 -0.0036
vn 0.9217 -0.2719 -0.2768
vn 0.9413 -0.1491 -0.3030
vn 0.9881 -0.1535 -0.0000
vn 0.9881 -0.1535 -0.0000
vn 0.9567 -0.2910 -0.0036
vn 0.9217 -0.2719 -0.2768
vn 0.8492 -0.2325 -0.4740
vn 0.8590 -0.1410 -0.4922
vn 0.9413 -0.1491 -0.3030
vn 0.9413 -0.1491 -0.3030
vn 0.9217 -0.2719 -0.2768
vn 0.8492 -0.2325 -0.4740
vn 0.6507 -0.2386 -0.7209
vn 0.6616 -0.1487 -0.7350
vn 0.8590 -0.1410 -0.4922
vn 0.8590 -0.1410 -0.4922
vn 0.8492 -0.2325 -0.4740
vn 0.6507 -0.2386 -0.7209
vn 0.3114 -0.2504 -0.9167
vn 0.3165 -0.1539 -0.9360
vn 0.6616 -0.1487 -0.7350
vn 0.6616 -0.1487 -0.7350
vn 0.6507 -0.2386 -0.7209
vn 0.3114 -0.2504 -0.9167
vn -0.0000 -0.2510 -0.9680
vn -0.0000 -0.1542 -0.9880
vn 0.3165 -0.1539 -0.9360
vn 0.3165 -0.1539 -0.9360
vn 0.3114 -0.2504 -0.9167
vn -0.0000 -0.2510 -0.9680
vn -0.3114 -0.2504 -0.9167
vn -0.3165 -0.1539 -0.9360
vn -0.0000 -0.1542 -0.9880
vn -0.0000 -0.1542 -0.9880
vn -0.0000 -0.2510 -0.9680
vn -0.3114 -0.2504 -0.9167
vn -0.6507 -0.2386 -0.7209
vn -0.6616 -0.1487 -0.7350
vn -0.3165 -0.1539 -0.9360
vn -0.3165 -0.1539 -0.9360
vn -0.3114 -0.2504 -0.9167
vn -0.6507 -0.2386 -0.7209
vn -0.8492 -0.2325 -0.4740
vn -0.8590 -0.1410 -0.4922
vn -0.6616 -0.1487 -0.7350
vn -0.6616 -0.1487 -0.7350
vn -0.6507 -0.2386 -0.7209
vn -0.8492 -0.2325 -0.4740
vn -0.9217 -0.2719 -0.2768
vn -0.9378 -0.1577 -0.3093
vn -0.8590 -0.1410 -0.4922
vn -0.8590 -0.1410 -0.4922
vn -0.8492 -0.2325 -0.4740
vn -0.9217 -0.2719 -0.2768
vn -0.9567 -0.2910 -0.0036
vn -0.9886 -0.1500 0.0167
vn -0.9378 -0.1577 -0.3093
vn -0.9378 -0.1577 -0.3093
vn -0.9217 -0.2719 -0.2768
vn -0.9567 -0.2910 -0.0036
vn -0.9293 -0.2547 0.2676
vn -0.9481 -0.1338 0.2886
vn -0.9886 -0.1500 0.0167
vn -0.9886 -0.1500 0.0167
vn -0.9567 -0.2910 -0.0036
vn -0.9293 -0.2547 0.2676
vn -0.8503 -0.2588 0.4582
vn -0.8601 -0.1990 0.4697
vn -0.9293 -0.2547 0.2676
vn -0.9293 -0.2547 0.2676
vn -0.9167 -0.3237 0.2343
vn -0.8503 -0.2588 0.4582
vn -0.6213 -0.2808 0.7315
vn -0.6566 -0.1757 0.7335
vn -0.8601 -0.1990 0.4697
vn -0.8601 -0.1990 0.4697
vn -0.8503 -0.2588 0.4582
vn -0.6213 -0.2808 0.7315
vn -0.2978 -0.3002 0.9062
vn -0.3154 -0.1603 0.9353
vn -0.6566 -0.1757 0.7335
vn -0.6566 -0.1757 0.7335
vn -0.6213 -0.2808 0.7315
vn -0.2978 -0.3002 0.9062
vn -0.0000 -0.2979 0.9546
vn -0.0000 -0.1543 0.9880
vn -0.3154 -0.1603 0.9353
vn -0.3154 -0.1603 0.9353
vn -0.2978 -0.3002 0.9062
vn -0.0000 -0.2979 0.9546
vn 0.2978 -0.3002 0.9062
vn 0.3154 -0.1603 0.9353
vn -0.0000 -0.1543 0.9880
vn -0.0000 -0.1543 0.9880
vn -0.0000 -0.2979 0.9546
vn 0.2978 -0.3002 0.9062
vn 0.6213 -0.2808 0.7315
vn 0.6566 -0.1757 0.7335
vn 0.3154 -0.1603 0.9353
vn 0.3154 -0.1603 0.9353
vn 0.2978 -0.3002 0.9062
vn 0.6213 -0.2808 0.7315
vn 0.8503 -0.2588 0.4582
vn 0.8601 -0.1990 0.4697
vn 0.6566 -0.1757 0.7335
vn 0.6566 -0.1757 0.7335
vn 0.6213 -0.2808 0.7315
vn 0.8503 -0.2588 0.4582
vn 0.9167 -0.3237 0.2343
vn 0.9293 -0.2547 0.2676
vn 0.8601 -0.1990 0.4697
vn 0.8601 -0.1990 0.4697
vn 0.8503 -0.2588 0.4582
vn 0.9167 -0.3237 0.2343
vn 0.9243 -0.3816 0.0002
vn 0.9567 -0.2910 -0.0036
vn 0.9293 -0.2547 0.2676
vn 0.9293 -0.2547 0.2676
vn 0.9167 -0.3237 0.2343
vn 0.9243 -0.3816 0.0002
vn 0.9131 -0.3434 -0.2198
vn 0.9217 -0.2719 -0.2768
vn 0.9567 -0.2910 -0.0036
vn 0.9567 -0.2910 -0.0036
vn 0.9243 -0.3816 0.0002
vn 0.9131 -0.3434 -0.2198
vn 0.8614 -0.2632 -0.4344
vn 0.8492 -0.2325 -0.4740
vn 0.9217 -0.2719 -0.2768
vn 0.9217 -0.2719 -0.2768
vn 0.9131 -0.3434 -0.2198
vn 0.8614 -0.2632 -0.4344
vn 0.6513 -0.2427 -0.7190
vn 0.6507 -0.2386 -0.7209
vn 0.8492 -0.2325 -0.4740
vn 0.8492 -0.2325 -0.4740
vn 0.8614 -0.2632 -0.4344
vn 0.6513 -0.2427 -0.7190
vn 0.3064 -0.2545 -0.9172
vn 0.3114 -0.2504 -0.9167
vn 0.6507 -0.2386 -0.7209
vn 0.6507 -0.2386 -0.7209
vn 0.6513 -0.2427 -0.7190
vn 0.3064 -0.2545 -0.9172
vn 0.0000 -0.2589 -0.9659
vn -0.0000 -0.2510 -0.9680
vn 0.3114 -0.2504 -0.9167
vn 0.3114 -0.2504 -0.9167
vn 0.3064 -0.2545 -0.9172
vn 0.0000 -0.2589 -0.9659
vn -0.3064 -0.2545 -0.9172
vn -0.3114 -0.2504 -0.9167
vn -0.0000 -0.2510 -0.9680
vn -0.0000 -0.2510 -0.9680
vn 0.0000 -0.2589 -0.9659
vn -0.3064 -0.2545 -0.9172
vn -0.6513 -0.2427 -0.7190
vn -0.6507 -0.2386 -0.7209
vn -0.3114 -0.2504 -0.9167
vn -0.3114 -0.2504 -0.9167
vn -0.3064 -0.2545 -0.9172
vn -0.6513 -0.2427 -0.7190
vn -0.8614 -0.2632 -0.4344
vn -0.8492 -0.2325 -0.4740
vn -0.6507 -0.2386 -0.7209
vn -0.6507 -0.2386 -0.7209
vn -0.6513 -0.2427 -0.7190
vn -0.8614 -0.2632 -0.4344
vn -0.9131 -0.3434 -0.2198
vn -0.9217 -0.2719 -0.2768
vn -0.8492 -0.2325 -0.4740
vn -0.8492 -0.2325 -0.4740
vn -0.8614 -0.2632 -0.4344
vn -0.9131 -0.3434 -0.2198
vn -0.9243 -0.3816 0.0002
vn -0.9567 -0.2910 -0.0036
vn -0.9217 -0.2719 -0.2768
vn -0.9217 -0.2719 -0.2768
vn -0.9131 -0.3434 -0.2198
vn -0.9243 -0.3816 0.0002
vn -0.9167 -0.3237 0.2343
vn -0.9293 -0.2547 0.2676
vn -0.9567 -0.2910 -0.0036
vn -0.9567 -0.2910 -0.0036
vn -0.9243 -0.3816 0.0002
vn -0.9167 -0.3237 0.2343
vn -0.7804 -0.4398 0.4444
vn -0.8503 -0.2588 0.4582
vn -0.9167 -0.3237 0.2343
vn -0.9167 -0.3237 0.2343
vn -0.8830 -0.4227 0.2039
vn -0.7804 -0.4398 0.4444
vn -0.5331 -0.5045 0.6792
vn -0.6213 -0.2808 0.7315
vn -0.8503 -0.2588 0.4582
vn -0.8503 -0.2588 0.4582
vn -0.7804 -0.4398 0.4444
vn -0.5331 -0.5045 0.6792
vn -0.2604 -0.5367 0.8026
vn -0.2978 -0.3002 0.9062
vn -0.6213 -0.2808 0.7315
vn -0.6213 -0.2808 0.7315
vn -0.5331 -0.5045 0.6792
vn -0.2604 -0.5367 0.8026
vn 0.0000 -0.5367 0.8438
vn -0.0000 -0.2979 0.9546
vn -0.2978 -0.3002 0.9062
vn -0.2978 -0.3002 0.9062
vn -0.2604 -0.5367 0.8026
vn 0.0000 -0.5367 0.8438
vn 0.2604 -0.5367 0.8026
vn 0.2978 -0.3002 0.9062
vn -0.0000 -0.2979 0.9546
vn -0.0000 -0.2979 0.9546
vn 0.0000 -0.5367 0.8438
vn 0.2604 -0.5367 0.8026
vn 0.5331 -0.5045 0.6792
vn 0.6213 -0.2808 0.7315
vn 0.2978 -0.3002 0.9062
vn 0.2978 -0.3002 0.9062
vn 0.2604 -0.5367 0.8026
vn 0.5331 -0.5045 0.6792
vn 0.7804 -0.4398 0.4444
vn 0.8503 -0.2588 0.4582
vn 0.6213 -0.2808 0.7315
vn 0.6213 -0.2808 0.7315
vn 0.5331 -0.5045 0.6792
vn 0.7804 -0.4398 0.4444
vn 0.8830 -0.4227 0.2039
vn 0.9167 -0.3237 0.2343
vn 0.8503 -0.2588 0.4582
vn 0.8503 -0.2588 0.4582
vn 0.7804 -0.4398 0.4444
vn 0.8830 -0.4227 0.2039
vn 0.9013 -0.4331 0.0021
vn 0.9243 -0.3816 0.0002
vn 0.9167 -0.3237 0.2343
vn 0.9167 -0.3237 0.2343
vn 0.8830 -0.4227 0.2039
vn 0.9013 -0.4331 0.0021
vn 0.8980 -0.4100 -0.1597
vn 0.9131 -0.3434 -0.2198
vn 0.9243 -0.3816 0.0002
vn 0.9243 -0.3816 0.0002
vn 0.9013 -0.4331 0.0021
vn 0.8980 -0.4100 -0.1597
vn 0.8427 -0.3700 -0.3912
vn 0.8614 -0.2632 -0.4344
vn 0.9131 -0.3434 -0.2198
vn 0.9131 -0.3434 -0.2198
vn 0.8980 -0.4100 -0.1597
vn 0.8427 -0.3700 -0.3912
vn 0.6061 -0.3542 -0.7121
vn 0.6513 -0.2427 -0.7190
vn 0.8614 -0.2632 -0.4344
vn 0.8614 -0.2632 -0.4344
vn 0.8427 -0.3700 -0.3912
vn 0.6061 -0.3542 -0.7121
vn 0.2680 -0.3597 -0.8937
vn 0.3064 -0.2545 -0.9172
vn 0.6513 -0.2427 -0.7190
vn 0.6513 -0.2427 -0.7190
vn 0.6061 -0.3542 -0.7121
vn 0.2680 -0.3597 -0.8937
vn -0.0000 -0.3622 -0.9321
vn 0.0000 -0.2589 -0.9659
vn 0.3064 -0.2545 -0.9172
vn 0.3064 -0.2545 -0.9172
vn 0.2680 -0.3597 -0.8937
vn -0.0000 -0.3622 -0.9321
vn -0.2680 -0.3597 -0.8937
vn -0.3064 -0.2545 -0.9172
vn 0.0000 -0.2589 -0.9659
vn 0.0000 -0.2589 -0.9659
vn -0.0000 -0.3622 -0.9321
vn -0.2680 -0.3597 -0.8937
vn -0.6061 -0.3542 -0.7121
vn -0.6513 -0.2427 -0.7190
vn -0.3064 -0.2545 -0.9172
vn -0.3064 -0.2545 -0.9172
vn -0.2680 -0.3597 -0.8937
vn -0.6061 -0.3542 -0.7121
vn -0.8427 -0.3700 -0.3912
vn -0.8614 -0.2632 -0.4344
vn -0.6513 -0.2427 -0.7190
vn -0.6513 -0.2427 -0.7190
vn -0.6061 -0.3542 -0.7121
vn -0.8427 -0.3700 -0.3912
vn -0.8980 -0.4100 -0.1597
vn -0.9131 -0.3434 -0.2198
vn -0.8614 -0.2632 -0.4344
vn -0.8614 -0.2632 -0.4344
vn -0.8427 -0.3700 -0.3912
vn -0.8980 -0.4100 -0.1597
vn -0.9013 -0.4331 0.0021
vn -0.9243 -0.3816 0.0002
vn -0.9131 -0.3434 -0.2198
vn -0.9131 -0.3434 -0.2198
vn -0.8980 -0.4100 -0.1597
vn -0.9013 -0.4331 0.0021
vn -0.8830 -0.4227 0.2039
vn -0.9167 -0.3237 0.2343
vn -0.9243 -0.3816 0.0002
vn -0.9243 -0.3816 0.0002
vn -0.9013 -0.4331 0.0021
vn -0.8830 -0.4227 0.2039
vn -0.6348 -0.6279 0.4503
vn -0.7804 -0.4398 0.4444
vn -0.8830 -0.4227 0.2039
vn -0.8830 -0.4227 0.2039
vn -0.8120 -0.5435 0.2130
vn -0.6348 -0.6279 0.4503
vn -0.4179 -0.6762 0.6068
vn -0.5331 -0.5045 0.6792
vn -0.7804 -0.4398 0.4444
vn -0.7804 -0.4398 0.4444
vn -0.6348 -0.6279 0.4503
vn -0.4179 -0.6762 0.6068
vn -0.2203 -0.6971 0.6822
vn -0.2604 -0.5367 0.8026
vn -0.5331 -0.5045 0.6792
vn -0.5331 -0.5045 0.6792
vn -0.4179 -0.6762 0.6068
vn -0.2203 -0.6971 0.6822
vn 0.0000 -0.6988 0.7153
vn 0.0000 -0.5367 0.8438
vn -0.2604 -0.5367 0.8026
vn -0.2604 -0.5367 0.8026
vn -0.2203 -0.6971 0.6822
vn 0.0000 -0.6988 0.7153
vn 0.2203 -0.6971 0.6822
vn 0.2604 -0.5367 0.8026
vn 0.0000 -0.5367 0.8438
vn 0.0000 -0.5367 0.8438
vn 0.0000 -0.6988 0.7153
vn 0.2203 -0.6971 0.6822
vn 0.4179 -0.6762 0.6068
vn 0.5331 -0.5045 0.6792
vn 0.2604 -0.5367 0.8026
vn 0.2604 -0.5367 0.8026
vn 0.2203 -0.6971 0.6822
vn 0.4179 -0.6762 0.6068
vn 0.6348 -0.6279 0.4503
vn 0.7804 -0.4398 0.4444
vn 0.5331 -0.5045 0.6792
vn 0.5331 -0.5045 0.6792
vn 0.4179 -0.6762 0.6068
vn 0.6348 -0.6279 0.4503
vn 0.8120 -0.5435 0.2130
vn 0.8830 -0.4227 0.2039
vn 0.7804 -0.4398 0.4444
vn 0.7804 -0.4398 0.4444
vn 0.6348 -0.6279 0.4503
vn 0.8120 -0.5435 0.2130
vn 0.8676 -0.4972 0.0033
vn 0.9013 -0.4331 0.0021
vn 0.8830 -0.4227 0.2039
vn 0.8830 -0.4227 0.2039
vn 0.8120 -0.5435 0.2130
vn 0.8676 -0.4972 0.0033
vn 0.8399 -0.5258 -0.1346
vn 0.8980 -0.4100 -0.1597
vn 0.9013 -0.4331 0.0021
vn 0.9013 -0.4331 0.0021
vn 0.8676 -0.4972 0.0033
vn 0.8399 -0.5258 -0.1346
vn 0.7173 -0.6097 -0.3373
vn 0.8427 -0.3700 -0.3912
vn 0.8980 -0.4100 -0.1597
vn 0.8980 -0.4100 -0.1597
vn 0.8399 -0.5258 -0.1346
vn 0.7173 -0.6097 -0.3373
vn 0.4610 -0.6425 -0.6121
vn 0.6061 -0.3542 -0.7121
vn 0.8427 -0.3700 -0.3912
vn 0.8427 -0.3700 -0.3912
vn 0.7173 -0.6097 -0.3373
vn 0.4610 -0.6425 -0.6121
vn 0.1946 -0.6216 -0.7588
vn 0.2680 -0.3597 -0.8937
vn 0.6061 -0.3542 -0.7121
vn 0.6061 -0.3542 -0.7121
vn 0.4610 -0.6425 -0.6121
vn 0.1946 -0.6216 -0.7588
vn -0.0000 -0.6129 -0.7901
vn -0.0000 -0.3622 -0.9321
vn 0.2680 -0.3597 -0.8937
vn 0.2680 -0.3597 -0.8937
vn 0.1946 -0.6216 -0.7588
vn -0.0000 -0.6129 -0.7901
vn -0.1946 -0.6216 -0.7588
vn -0.2680 -0.3597 -0.8937
vn -0.0000 -0.3622 -0.9321
vn -0.0000 -0.3622 -0.9321
vn -0.0000 -0.6129 -0.7901
vn -0.1946 -0.6216 -0.7588
vn -0.4610 -0.6425 -0.6121
vn -0.6061 -0.3542 -0.7121
vn -0.2680 -0.3597 -0.8937
vn -0.2680 -0.3597 -0.8937
vn -0.1946 -0.6216 -0.7588
vn -0.4610 -0.6425 -0.6121
vn -0.7173 -0.6097 -0.3373
vn -0.8427 -0.3700 -0.3912
vn -0.6061 -0.3542 -0.7121
vn -0.6061 -0.3542 -0.7121
vn -0.4610 -0.6425 -0.6121
vn -0.7173 -0.6097 -0.3373
vn -0.8399 -0.5258 -0.1346
vn -0.8980 -0.4100 -0.1597
vn -0.8427 -0.3700 -0.3912
vn -0.8427 -0.3700 -0.3912
vn -0.7173 -0.6097 -0.3373
vn -0.8399 -0.5258 -0.1346
vn -0.8676 -0.4972 0.0033
vn -0.9013 -0.4331 0.0021
vn -0.8980 -0.4100 -0.1597
vn -0.8980 -0.4100 -0.1597
vn -0.8399 -0.5258 -0.1346
vn -0.8676 -0.4972 0.0033
vn -0.8120 -0.5435 0.2130
vn -0.8830 -0.4227 0.2039
vn -0.9013 -0.4331 0.0021
vn -0.9013 -0.4331 0.0021
vn -0.8676 -0.4972 0.0033
vn -0.8120 -0.5435 0.2130
vn -0.4651 -0.7746 0.4287
vn -0.6348 -0.6279 0.4503
vn -0.8120 -0.5435 0.2130
vn -0.8120 -0.5435 0.2130
vn -0.6365 -0.7450 0.1997
vn -0.4651 -0.7746 0.4287
vn -0.3103 -0.7821 0.5404
vn -0.4179 -0.6762 0.6068
vn -0.6348 -0.6279 0.4503
vn -0.6348 -0.6279 0.4503
vn -0.4651 -0.7746 0.4287
vn -0.3103 -0.7821 0.5404
vn -0.1802 -0.7971 0.5763
vn -0.2203 -0.6971 0.6822
vn -0.4179 -0.6762 0.6068
vn -0.4179 -0.6762 0.6068
vn -0.3103 -0.7821 0.5404
vn -0.1802 -0.7971 0.5763
vn -0.0000 -0.8003 0.5997
vn 0.0000 -0.6988 0.7153
vn -0.2203 -0.6971 0.6822
vn -0.2203 -0.6971 0.6822
vn -0.1802 -0.7971 0.5763
vn -0.0000 -0.8003 0.5997
vn 0.1802 -0.7971 0.5763
vn 0.2203 -0.6971 0.6822
vn 0.0000 -0.6988 0.7153
vn 0.0000 -0.6988 0.7153
vn -0.0000 -0.8003 0.5997
vn 0.1802 -0.7971 0.5763
vn 0.3103 -0.7821 0.5404
vn 0.4179 -0.6762 0.6068
vn 0.2203 -0.6971 0.6822
vn 0.2203 -0.6971 0.6822
vn 0.1802 -0.7971 0.5763
vn 0.3103 -0.7821 0.5404
vn 0.4651 -0.7746 0.4287
vn 0.6348 -0.6279 0.4503
vn 0.4179 -0.6762 0.6068
vn 0.4179 -0.6762 0.6068
vn 0.3103 -0.7821 0.5404
vn 0.4651 -0.7746 0.4287
vn 0.6365 -0.7450 0.1997
vn 0.8120 -0.5435 0.2130
vn 0.6348 -0.6279 0.4503
vn 0.6348 -0.6279 0.4503
vn 0.4651 -0.7746 0.4287
vn 0.6365 -0.7450 0.1997
vn 0.6935 -0.7204 -0.0015
vn 0.8676 -0.4972 0.0033
vn 0.8120 -0.5435 0.2130
vn 0.8120 -0.5435 0.2130
vn 0.6365 -0.7450 0.1997
vn 0.6935 -0.7204 -0.0015
vn 0.6468 -0.7508 -0.1338
vn 0.8399 -0.5258 -0.1346
vn 0.8676 -0.4972 0.0033
vn 0.8676 -0.4972 0.0033
vn 0.6935 -0.7204 -0.0015
vn 0.6468 -0.7508 -0.1338
vn 0.4833 -0.8384 -0.2520
vn 0.7173 -0.6097 -0.3373
vn 0.8399 -0.5258 -0.1346
vn 0.8399 -0.5258 -0.1346
vn 0.6468 -0.7508 -0.1338
vn 0.4833 -0.8384 -0.2520
vn 0.2753 -0.8704 -0.4083
vn 0.4610 -0.6425 -0.6121
vn 0.7173 -0.6097 -0.3373
vn 0.7173 -0.6097 -0.3373
vn 0.4833 -0.8384 -0.2520
vn 0.2753 -0.8704 -0.4083
vn 0.1357 -0.8352 -0.5329
vn 0.1946 -0.6216 -0.7588
vn 0.4610 -0.6425 -0.6121
vn 0.4610 -0.6425 -0.6121
vn 0.2753 -0.8704 -0.4083
vn 0.1357 -0.8352 -0.5329
vn -0.0000 -0.8175 -0.5759
vn -0.0000 -0.6129 -0.7901
vn 0.1946 -0.6216 -0.7588
vn 0.1946 -0.6216 -0.7588
vn 0.1357 -0.8352 -0.5329
vn -0.0000 -0.8175 -0.5759
vn -0.1357 -0.8352 -0.5329
vn -0.1946 -0.6216 -0.7588
vn -0.0000 -0.6129 -0.7901
vn -0.0000 -0.6129 -0.7901
vn -0.0000 -0.8175 -0.5759
vn -0.1357 -0.8352 -0.5329
vn -0.2753 -0.8704 -0.4083
vn -0.4610 -0.6425 -0.6121
vn -0.1946 -0.6216 -0.7588
vn -0.1946 -0.6216 -0.7588
vn -0.1357 -0.8352 -0.5329
vn -0.2753 -0.8704 -0.4083
vn -0.4832 -0.8384 -0.2520
vn -0.7173 -0.6097 -0.3373
vn -0.4610 -0.6425 -0.6121
vn -0.4610 -0.6425 -0.6121
vn -0.2753 -0.8704 -0.4083
vn -0.4832 -0.8384 -0.2520
vn -0.6468 -0.7508 -0.1338
vn -0.8399 -0.5258 -0.1346
vn -0.7173 -0.6097 -0.3373
vn -0.7173 -0.6097 -0.3373
vn -0.4832 -0.8384 -0.2520
vn -0.6468 -0.7508 -0.1338
vn -0.6935 -0.7204 -0.0015
vn -0.8676 -0.4972 0.0033
vn -0.8399 -0.5258 -0.1346
vn -0.8399 -0.5258 -0.1346
vn -0.6468 -0.7508 -0.1338
vn -0.6935 -0.7204 -0.0015
vn -0.6365 -0.7450 0.1997
vn -0.8120 -0.5435 0.2130
vn -0.8676 -0.4972 0.0033
vn -0.8676 -0.4972 0.0033
vn -0.6935 -0.7204 -0.0015
vn -0.6365 -0.7450 0.1997
vn -0.2489 -0.9152 0.3170
vn -0.4651 -0.7746 0.4287
vn -0.6365 -0.7450 0.1997
vn -0.6365 -0.7450 0.1997
vn -0.3190 -0.9359 0.1494
vn -0.2489 -0.9152 0.3170
vn -0.1943 -0.8863 0.4204
vn -0.3103 -0.7821 0.5404
vn -0.4651 -0.7746 0.4287
vn -0.4651 -0.7746 0.4287
vn -0.2489 -0.9152 0.3170
vn -0.1943 -0.8863 0.4204
vn -0.1337 -0.8820 0.4519
vn -0.1802 -0.7971 0.5763
vn -0.3103 -0.7821 0.5404
vn -0.3103 -0.7821 0.5404
vn -0.1943 -0.8863 0.4204
vn -0.1337 -0.8820 0.4519
vn 0.0000 -0.8823 0.4708
vn -0.0000 -0.8003 0.5997
vn -0.1802 -0.7971 0.5763
vn -0.1802 -0.7971 0.5763
vn -0.1337 -0.8820 0.4519
vn 0.0000 -0.8823 0.4708
vn 0.1337 -0.8820 0.4519
vn 0.1802 -0.7971 0.5763
vn -0.0000 -0.8003 0.5997
vn -0.0000 -0.8003 0.5997
vn 0.0000 -0.8823 0.4708
vn 0.1337 -0.8820 0.4519
vn 0.1943 -0.8863 0.4204
vn 0.3103 -0.7821 0.5404
vn 0.1802 -0.7971 0.5763
vn 0.1802 -0.7971 0.5763
vn 0.1337 -0.8820 0.4519
vn 0.1943 -0.8863 0.4204
vn 0.2489 -0.9152 0.3170
vn 0.4651 -0.7746 0.4287
vn 0.3103 -0.7821 0.5404
vn 0.3103 -0.7821 0.5404
vn 0.1943 -0.8863 0.4204
vn 0.2489 -0.9152 0.3170
vn 0.3190 -0.9359 0.1494
vn 0.6365 -0.7450 0.1997
vn 0.4651 -0.7746 0.4287
vn 0.4651 -0.7746 0.4287
vn 0.2489 -0.9152 0.3170
vn 0.3190 -0.9359 0.1494
vn 0.3415 -0.9399 -0.0004
vn 0.6935 -0.7204 -0.0015
vn 0.6365 -0.7450 0.1997
vn 0.6365 -0.7450 0.1997
vn 0.3190 -0.9359 0.1494
vn 0.3415 -0.9399 -0.0004
vn 0.3205 -0.9417 -0.1022
vn 0.6468 -0.7508 -0.1338
vn 0.6935 -0.7204 -0.0015
vn 0.6935 -0.7204 -0.0015
vn 0.3415 -0.9399 -0.0004
vn 0.3205 -0.9417 -0.1022
vn 0.2384 -0.9565 -0.1680
vn 0.4833 -0.8384 -0.2520
vn 0.6468 -0.7508 -0.1338
vn 0.6468 -0.7508 -0.1338
vn 0.3205 -0.9417 -0.1022
vn 0.2384 -0.9565 -0.1680
vn 0.1599 -0.9573 -0.2407
vn 0.2753 -0.8704 -0.4083
vn 0.4833 -0.8384 -0.2520
vn 0.4833 -0.8384 -0.2520
vn 0.2384 -0.9565 -0.1680
vn 0.1599 -0.9573 -0.2407
vn 0.1169 -0.9423 -0.3136
vn 0.1357 -0.8352 -0.5329
vn 0.2753 -0.8704 -0.4083
vn 0.2753 -0.8704 -0.4083
vn 0.1599 -0.9573 -0.2407
vn 0.1169 -0.9423 -0.3136
vn -0.0000 -0.9380 -0.3465
vn -0.0000 -0.8175 -0.5759
vn 0.1357 -0.8352 -0.5329
vn 0.1357 -0.8352 -0.5329
vn 0.1169 -0.9423 -0.3136
vn -0.0000 -0.9380 -0.3465
vn -0.1169 -0.9423 -0.3136
vn -0.1357 -0.8352 -0.5329
vn -0.0000 -0.8175 -0.5759
vn -0.0000 -0.8175 -0.5759
vn -0.0000 -0.9380 -0.3465
vn -0.1169 -0.9423 -0.3136
vn -0.1599 -0.9573 -0.2407
vn -0.2753 -0.8704 -0.4083
vn -0.1357 -0.8352 -0.5329
vn -0.1357 -0.8352 -0.5329
vn -0.1169 -0.9423 -0.3136
vn -0.1599 -0.9573 -0.2407
vn -0.2384 -0.9565 -0.1680
vn -0.4832 -0.8384 -0.2520
vn -0.2753 -0.8704 -0.4083
vn -0.2753 -0.8704 -0.4083
vn -0.1599 -0.9573 -0.2407
vn -0.2384 -0.9565 -0.1680
vn -0.3205 -0.9417 -0.1022
vn -0.6468 -0.7508 -0.1338
vn -0.4832 -0.8384 -0.2520
vn -0.4832 -0.8384 -0.2520
vn -0.2384 -0.9565 -0.1680
vn -0.3205 -0.9417 -0.1022
vn -0.3415 -0.9399 -0.0004
vn -0.6935 -0.7204 -0.0015
vn -0.6468 -0.7508 -0.1338
vn -0.6468 -0.7508 -0.1338
vn -0.3205 -0.9417 -0.1022
vn -0.3415 -0.9399 -0.0004
vn -0.3190 -0.9359 0.1494
vn -0.6365 -0.7450 0.1997
vn -0.6935 -0.7204 -0.0015
vn -0.6935 -0.7204 -0.0015
vn -0.3415 -0.9399 -0.0004
vn -0.3190 -0.9359 0.1494
vn -0.1316 -0.9738 0.1852
vn -0.2489 -0.9152 0.3170
vn -0.3190 -0.9359 0.1494
vn -0.3190 -0.9359 0.1494
vn -0.1473 -0.9852 0.0871
vn -0.1316 -0.9738 0.1852
vn -0.1232 -0.9547 0.2708
vn -0.1943 -0.8863 0.4204
vn -0.2489 -0.9152 0.3170
vn -0.2489 -0.9152 0.3170
vn -0.1316 -0.9738 0.1852
vn -0.1232 -0.9547 0.2708
vn -0.0899 -0.9477 0.3063
vn -0.1337 -0.8820 0.4519
vn -0.1943 -0.8863 0.4204
vn -0.1943 -0.8863 0.4204
vn -0.1232 -0.9547 0.2708
vn -0.0899 -0.9477 0.3063
vn 0.0000 -0.9467 0.3221
vn 0.0000 -0.8823 0.4708
vn -0.1337 -0.8820 0.4519
vn -0.1337 -0.8820 0.4519
vn -0.0899 -0.9477 0.3063
vn 0.0000 -0.9467 0.3221
vn 0.0899 -0.9477 0.3063
vn 0.1337 -0.8820 0.4519
vn 0.0000 -0.8823 0.4708
vn 0.0000 -0.8823 0.4708
vn 0.0000 -0.9467 0.3221
vn 0.0899 -0.9477 0.3063
vn 0.1232 -0.9547 0.2708
vn 0.1943 -0.8863 0.4204
vn 0.1337 -0.8820 0.4519
vn 0.1337 -0.8820 0.4519
vn 0.0899 -0.9477 0.3063
vn 0.1232 -0.9547 0.2708
vn 0.1316 -0.9738 0.1852
vn 0.2489 -0.9152 0.3170
vn 0.1943 -0.8863 0.4204
vn 0.1943 -0.8863 0.4204
vn 0.1232 -0.9547 0.2708
vn 0.1316 -0.9738 0.1852
vn 0.1473 -0.9852 0.0871
vn 0.3190 -0.9359 0.1494
vn 0.2489 -0.9152 0.3170
vn 0.2489 -0.9152 0.3170
vn 0.1316 -0.9738 0.1852
vn 0.1473 -0.9852 0.0871
vn 0.1484 -0.9889 0.0004
vn 0.3415 -0.9399 -0.0004
vn 0.3190 -0.9359 0.1494
vn 0.3190 -0.9359 0.1494
vn 0.1473 -0.9852 0.0871
vn 0.1484 -0.9889 0.0004
vn 0.1428 -0.9874 -0.0688
vn 0.3205 -0.9417 -0.1022
vn 0.3415 -0.9399 -0.0004
vn 0.3415 -0.9399 -0.0004
vn 0.1484 -0.9889 0.0004
vn 0.1428 -0.9874 -0.0688
vn 0.1214 -0.9859 -0.1154
vn 0.2384 -0.9565 -0.1680
vn 0.3205 -0.9417 -0.1022
vn 0.3205 -0.9417 -0.1022
vn 0.1428 -0.9874 -0.0688
vn 0.1214 -0.9859 -0.1154
vn 0.1204 -0.9811 -0.1513
vn 0.1599 -0.9573 -0.2407
vn 0.2384 -0.9565 -0.1680
vn 0.2384 -0.9565 -0.1680
vn 0.1214 -0.9859 -0.1154
vn 0.1204 -0.9811 -0.1513
vn 0.1149 -0.9780 -0.1738
vn 0.1169 -0.9423 -0.3136
vn 0.1599 -0.9573 -0.2407
vn 0.1599 -0.9573 -0.2407
vn 0.1204 -0.9811 -0.1513
vn 0.1149 -0.9780 -0.1738
vn -0.0000 -0.9816 -0.1910
vn -0.0000 -0.9380 -0.3465
vn 0.1169 -0.9423 -0.3136
vn 0.1169 -0.9423 -0.3136
vn 0.1149 -0.9780 -0.1738
vn -0.0000 -0.9816 -0.1910
vn -0.1149 -0.9780 -0.1738
vn -0.1169 -0.9423 -0.3136
vn -0.0000 -0.9380 -0.3465
vn -0.0000 -0.9380 -0.3465
vn -0.0000 -0.9816 -0.1910
vn -0.1149 -0.9780 -0.1738
vn -0.1204 -0.9811 -0.1513
vn -0.1599 -0.9573 -0.2407
vn -0.1169 -0.9423 -0.3136
vn -0.1169 -0.9423 -0.3136
vn -0.1149 -0.9780 -0.1738
vn -0.1204 -0.9811 -0.1513
vn -0.1214 -0.9859 -0.1154
vn -0.2384 -0.9565 -0.1680
vn -0.1599 -0.9573 -0.2407
vn -0.1599 -0.9573 -0.2407
vn -0.1204 -0.9811 -0.1513
vn -0.1214 -0.9859 -0.1154
vn -0.1428 -0.9874 -0.0688
vn -0.3205 -0.9417 -0.1022
vn -0.2384 -0.9565 -0.1680
vn -0.2384 -0.9565 -0.1680
vn -0.1214 -0.9859 -0.1154
vn -0.1428 -0.9874 -0.0688
vn -0.1484 -0.9889 0.0004
vn -0.3415 -0.9399 -0.0004
vn -0.3205 -0.9417 -0.1022
vn -0.3205 -0.9417 -0.1022
vn -0.1428 -0.9874 -0.0688
vn -0.1484 -0.9889 0.0004
vn -0.1473 -0.9852 0.0871
vn -0.3190 -0.9359 0.1494
vn -0.3415 -0.9399 -0.0004
vn -0.3415 -0.9399 -0.0004
vn -0.1484 -0.9889 0.0004
vn -0.1473 -0.9852 0.0871
vn -0.1138 -0.9879 0.1050
vn -0.1316 -0.9738 0.1852
vn -0.1473 -0.9852 0.0871
vn -0.1473 -0.9852 0.0871
vn -0.1260 -0.9905 0.0559
vn -0.1138 -0.9879 0.1050
vn -0.0891 -0.9848 0.1493
vn -0.1232 -0.9547 0.2708
vn -0.1316 -0.9738 0.1852
vn -0.1316 -0.9738 0.1852
vn -0.1138 -0.9879 0.1050
vn -0.0891 -0.9848 0.1493
vn -0.0536 -0.9842 0.1690
vn -0.0899 -0.9477 0.3063
vn -0.1232 -0.9547 0.2708
vn -0.1232 -0.9547 0.2708
vn -0.0891 -0.9848 0.1493
vn -0.0536 -0.9842 0.1690
vn 0.0000 -0.9843 0.1768
vn 0.0000 -0.9467 0.3221
vn -0.0899 -0.9477 0.3063
vn -0.0899 -0.9477 0.3063
vn -0.0536 -0.9842 0.1690
vn 0.0000 -0.9843 0.1768
vn 0.0536 -0.9842 0.1690
vn 0.0899 -0.9477 0.3063
vn 0.0000 -0.9467 0.3221
vn 0.0000 -0.9467 0.3221
vn 0.0000 -0.9843 0.1768
vn 0.0536 -0.9842 0.1690
vn 0.0891 -0.9848 0.1493
vn 0.1232 -0.9547 0.2708
vn 0.0899 -0.9477 0.3063
vn 0.0899 -0.9477 0.3063
vn 0.0536 -0.9842 0.1690
vn 0.0891 -0.9848 0.1493
vn 0.1138 -0.9879 0.1050
vn 0.1316 -0.9738 0.1852
vn 0.1232 -0.9547 0.2708
vn 0.1232 -0.9547 0.2708
vn 0.0891 -0.9848 0.1493
vn 0.1138 -0.9879 0.1050
vn 0.1260 -0.9905 0.0559
vn 0.1473 -0.9852 0.0871
vn 0.1316 -0.9738 0.1852
vn 0.1316 -0.9738 0.1852
vn 0.1138 -0.9879 0.1050
vn 0.1260 -0.9905 0.0559
vn 0.1250 -0.9922 0.0008
vn 0.1484 -0.9889 0.0004
vn 0.1473 -0.9852 0.0871
vn 0.1473 -0.9852 0.0871
vn 0.1260 -0.9905 0.0559
vn 0.1250 -0.9922 0.0008
vn 0.1246 -0.9908 -0.0522
vn 0.1428 -0.9874 -0.0688
vn 0.1484 -0.9889 0.0004
vn 0.1484 -0.9889 0.0004
vn 0.1250 -0.9922 0.0008
vn 0.1246 -0.9908 -0.0522
vn 0.1167 -0.9890 -0.0904
vn 0.1214 -0.9859 -0.1154
vn 0.1428 -0.9874 -0.0688
vn 0.1428 -0.9874 -0.0688
vn 0.1246 -0.9908 -0.0522
vn 0.1167 -0.9890 -0.0904
vn 0.1143 -0.9879 -0.1052
vn 0.1204 -0.9811 -0.1513
vn 0.1214 -0.9859 -0.1154
vn 0.1214 -0.9859 -0.1154
vn 0.1167 -0.9890 -0.0904
vn 0.1143 -0.9879 -0.1052
vn 0.0895 -0.9912 -0.0971
vn 0.1149 -0.9780 -0.1738
vn 0.1204 -0.9811 -0.1513
vn 0.1204 -0.9811 -0.1513
vn 0.1143 -0.9879 -0.1052
vn 0.0895 -0.9912 -0.0971
vn -0.0000 -0.9952 -0.0979
vn -0.0000 -0.9816 -0.1910
vn 0.1149 -0.9780 -0.1738
vn 0.1149 -0.9780 -0.1738
vn 0.0895 -0.9912 -0.0971
vn -0.0000 -0.9952 -0.0979
vn -0.0895 -0.9912 -0.0971
vn -0.1149 -0.9780 -0.1738
vn -0.0000 -0.9816 -0.1910
vn -0.0000 -0.9816 -0.1910
vn -0.0000 -0.9952 -0.0979
vn -0.0895 -0.9912 -0.0971
vn -0.1143 -0.9879 -0.1052
vn -0.1204 -0.9811 -0.1513
vn -0.1149 -0.9780 -0.1738
vn -0.1149 -0.9780 -0.1738
vn -0.0895 -0.9912 -0.0971
vn -0.1143 -0.9879 -0.1052
vn -0.1167 -0.9890 -0.0904
vn -0.1214 -0.9859 -0.1154
vn -0.1204 -0.9811 -0.1513
vn -0.1204 -0.9811 -0.1513
vn -0.1143 -0.9879 -0.1052
vn -0.1167 -0.9890 -0.0904
vn -0.1246 -0.9908 -0.0522
vn -0.1428 -0.9874 -0.0688
vn -0.1214 -0.9859 -0.1154
vn -0.1214 -0.9859 -0.1154
vn -0.1167 -0.9890 -0.0904
vn -0.1246 -0.9908 -0.0522
vn -0.1250 -0.9922 0.0008
vn -0.1484 -0.9889 0.0004
vn -0.1428 -0.9874 -0.0688
vn -0.1428 -0.9874 -0.0688
vn -0.1246 -0.9908 -0.0522
vn -0.1250 -0.9922 0.0008
vn -0.1260 -0.9905 0.0559
vn -0.1473 -0.9852 0.0871
vn -0.1484 -0.9889 0.0004
vn -0.1484 -0.9889 0.0004
vn -0.1250 -0.9922 0.0008
vn -0.1260 -0.9905 0.0559
vn -0.1260 -0.9905 0.0559
vn 0.0000 -1.0000 -0.0002
vn -0.1138 -0.9879 0.1050
vn -0.1138 -0.9879 0.1050
vn 0.0000 -1.0000 -0.0002
vn -0.0891 -0.9848 0.1493
vn -0.0891 -0.9848 0.1493
vn 0.0000 -1.0000 -0.0002
vn -0.0536 -0.9842 0.1690
vn -0.0536 -0.9842 0.1690
vn 0.0000 -1.0000 -0.0002
vn 0.0000 -0.9843 0.1768
vn 0.0000 -0.9843 0.1768
vn 0.0000 -1.0000 -0.0002
vn 0.0536 -0.9842 0.1690
vn 0.0536 -0.9842 0.1690
vn 0.0000 -1.0000 -0.0002
vn 0.0891 -0.9848 0.1493
vn 0.0891 -0.9848 0.1493
vn 0.0000 -1.0000 -0.0002
vn 0.1138 -0.9879 0.1050
vn 0.1138 -0.9879 0.1050
vn 0.0000 -1.0000 -0.0002
vn 0.1260 -0.9905 0.0559
vn 0.1260 -0.9905 0.0559
vn 0.0000 -1.0000 -0.0002
vn 0.1250 -0.9922 0.0008
vn 0.1250 -0.9922 0.0008
vn 0.0000 -1.0000 -0.0002
vn 0.1246 -0.9908 -0.0522
vn 0.1246 -0.9908 -0.0522
vn 0.0000 -1.0000 -0.0002
vn 0.1167 -0.9890 -0.0904
vn 0.1167 -0.9890 -0.0904
vn 0.0000 -1.0000 -0.0002
vn 0.1143 -0.9879 -0.1052
vn 0.1143 -0.9879 -0.1052
vn 0.0000 -1.0000 -0.0002
vn 0.0895 -0.9912 -0.0971
vn 0.0895 -0.9912 -0.0971
vn 0.0000 -1.0000 -0.0002
vn -0.0000 -0.9952 -0.0979
vn -0.0000 -0.9952 -0.0979
vn 0.0000 -1.0000 -0.0002
vn -0.0895 -0.9912 -0.0971
vn -0.0895 -0.9912 -0.0971
vn 0.0000 -1.0000 -0.0002
vn -0.1143 -0.9879 -0.1052
vn -0.1143 -0.9879 -0.1052
vn 0.0000 -1.0000 -0.0002
vn -0.1167 -0.9890 -0.0904
vn -0.1167 -0.9890 -0.0904
vn 0.0000 -1.0000 -0.0002
vn -0.1246 -0.9908 -0.0522
vn -0.1246 -0.9908 -0.0522
vn 0.0000 -1.0000 -0.0002
vn -0.1250 -0.9922 0.0008
vn -0.1250 -0.9922 0.0008
vn 0.0000 -1.0000 -0.0002
vn -0.1260 -0.9905 0.0559
vn 0.2143 -0.9614 -0.1724
vn 0.3966 -0.9153 -0.0697
vn 0.7917 -0.4917 -0.3626
vn 0.7917 -0.4917 -0.3626
vn 0.4916 -0.6794 -0.5448
vn 0.2143 -0.9614 -0.1724
vn 0.0714 -0.9824 -0.1726
vn 0.2143 -0.9614 -0.1724
vn 0.4916 -0.6794 -0.5448
vn 0.4916 -0.6794 -0.5448
vn 0.2410 -0.6573 -0.7140
vn 0.0714 -0.9824 -0.1726
vn -0.0000 -0.9854 -0.1702
vn 0.0714 -0.9824 -0.1726
vn 0.2410 -0.6573 -0.7140
vn 0.2410 -0.6573 -0.7140
vn -0.0000 -0.6472 -0.7623
vn -0.0000 -0.9854 -0.1702
vn -0.0715 -0.9824 -0.1727
vn -0.0000 -0.9854 -0.1702
vn -0.0000 -0.6472 -0.7623
vn -0.0000 -0.6472 -0.7623
vn -0.2410 -0.6573 -0.7140
vn -0.0715 -0.9824 -0.1727
vn -0.2143 -0.9614 -0.1724
vn -0.0715 -0.9824 -0.1727
vn -0.2410 -0.6573 -0.7140
vn -0.2410 -0.6573 -0.7140
vn -0.4916 -0.6794 -0.5448
vn -0.2143 -0.9614 -0.1724
vn -0.3406 -0.9388 -0.0516
vn -0.2143 -0.9614 -0.1724
vn -0.4916 -0.6794 -0.5448
vn -0.4916 -0.6794 -0.5448
vn -0.7310 -0.5307 -0.4290
vn -0.3406 -0.9388 -0.0516
vn -0.7310 -0.5307 -0.4290
vn -0.9565 -0.2788 -0.0853
vn -0.0892 -0.5494 0.8308
vn -0.7310 -0.5307 -0.4290
vn -0.0892 -0.5494 0.8308
vn -0.2605 -0.9565 0.1315
vn -0.7310 -0.5307 -0.4290
vn -0.2605 -0.9565 0.1315
vn -0.3406 -0.9388 -0.0516
vn -0.8651 -0.0631 0.4976
vn -0.9620 -0.0601 0.2664
vn -0.9590 -0.0437 0.2800
vn -0.9590 -0.0437 0.2800
vn -0.8668 -0.0479 0.4964
vn -0.8651 -0.0631 0.4976
vn 0.9518 0.0640 -0.2998
vn 0.8550 0.0625 -0.5148
vn 0.8585 0.0761 -0.5071
vn 0.8585 0.0761 -0.5071
vn 0.9468 0.1104 -0.3024
vn 0.9518 0.0640 -0.2998
vn -0.6685 -0.0644 0.7409
vn -0.8651 -0.0631 0.4976
vn -0.8668 -0.0479 0.4964
vn -0.8668 -0.0479 0.4964
vn -0.6674 -0.0525 0.7429
vn -0.6685 -0.0644 0.7409
vn 0.8550 0.0625 -0.5148
vn 0.6606 0.0597 -0.7484
vn 0.6631 0.0591 -0.7462
vn 0.6631 0.0591 -0.7462
vn 0.8585 0.0761 -0.5071
vn 0.8550 0.0625 -0.5148
vn -0.3196 -0.0635 0.9454
vn -0.6685 -0.0644 0.7409
vn -0.6674 -0.0525 0.7429
vn -0.6674 -0.0525 0.7429
vn -0.3190 -0.0583 0.9460
vn -0.3196 -0.0635 0.9454
vn 0.6606 0.0597 -0.7484
vn 0.3190 0.0592 -0.9459
vn 0.3160 0.0582 -0.9470
vn 0.3160 0.0582 -0.9470
vn 0.6631 0.0591 -0.7462
vn 0.6606 0.0597 -0.7484
vn -0.0020 -0.0641 0.9979
vn -0.3196 -0.0635 0.9454
vn -0.3190 -0.0583 0.9460
vn -0.3190 -0.0583 0.9460
vn 0.0000 -0.0594 0.9982
vn -0.0020 -0.0641 0.9979
vn 0.3190 0.0592 -0.9459
vn 0.0020 0.0635 -0.9980
vn 0.0000 0.0578 -0.9983
vn 0.0000 0.0578 -0.9983
vn 0.3160 0.0582 -0.9470
vn 0.3190 0.0592 -0.9459
vn 0.3146 -0.0660 0.9469
vn -0.0020 -0.0641 0.9979
vn 0.0000 -0.0594 0.9982
vn 0.0000 -0.0594 0.9982
vn 0.3190 -0.0583 0.9460
vn 0.3146 -0.0660 0.9469
vn 0.0020 0.0635 -0.9980
vn -0.3113 0.0652 -0.9481
vn -0.3160 0.0582 -0.9470
vn -0.3160 0.0582 -0.9470
vn 0.0000 0.0578 -0.9983
vn 0.0020 0.0635 -0.9980
vn 0.6646 -0.0696 0.7440
vn 0.3146 -0.0660 0.9469
vn 0.3190 -0.0583 0.9460
vn 0.3190 -0.0583 0.9460
vn 0.6674 -0.0525 0.7429
vn 0.6646 -0.0696 0.7440
vn -0.3113 0.0652 -0.9481
vn -0.6581 0.0686 -0.7498
vn -0.6631 0.0591 -0.7462
vn -0.6631 0.0591 -0.7462
vn -0.3160 0.0582 -0.9470
vn -0.3113 0.0652 -0.9481
vn 0.8638 -0.0692 0.4991
vn 0.6646 -0.0696 0.7440
vn 0.6674 -0.0525 0.7429
vn 0.6674 -0.0525 0.7429
vn 0.8668 -0.0479 0.4964
vn 0.8638 -0.0692 0.4991
vn -0.6581 0.0686 -0.7498
vn -0.8637 0.0680 -0.4994
vn -0.8656 0.0572 -0.4975
vn -0.8656 0.0572 -0.4975
vn -0.6631 0.0591 -0.7462
vn -0.6581 0.0686 -0.7498
vn 0.9432 -0.0761 0.3234
vn 0.8638 -0.0692 0.4991
vn 0.8668 -0.0479 0.4964
vn 0.8668 -0.0479 0.4964
vn 0.9503 -0.0551 0.3063
vn 0.9432 -0.0761 0.3234
vn -0.8637 0.0680 -0.4994
vn -0.9435 0.0737 -0.3231
vn -0.9495 0.0578 -0.3085
vn -0.9495 0.0578 -0.3085
vn -0.8656 0.0572 -0.4975
vn -0.8637 0.0680 -0.4994
vn 0.9977 -0.0643 0.0233
vn 0.9432 -0.0761 0.3234
vn 0.9503 -0.0551 0.3063
vn 0.9503 -0.0551 0.3063
vn 0.9982 -0.0594 0.0000
vn 0.9977 -0.0643 0.0233
vn -0.9435 0.0737 -0.3231
vn -0.9975 0.0648 -0.0275
vn -0.9983 0.0580 -0.0029
vn -0.9983 0.0580 -0.0029
vn -0.9495 0.0578 -0.3085
vn -0.9435 0.0737 -0.3231
vn 0.9191 -0.3517 -0.1775
vn 0.9977 -0.0643 0.0233
vn 0.9982 -0.0594 0.0000
vn 0.9982 -0.0594 0.0000
vn 0.9529 -0.0633 -0.2967
vn 0.9191 -0.3517 -0.1775
vn 0.7917 -0.4917 -0.3626
vn 0.9191 -0.3517 -0.1775
vn 0.9529 -0.0633 -0.2967
vn 0.9529 -0.0633 -0.2967
vn 0.8680 -0.0720 -0.4913
vn 0.7917 -0.4917 -0.3626
vn 0.4916 -0.6794 -0.5448
vn 0.7917 -0.4917 -0.3626
vn 0.8680 -0.0720 -0.4913
vn 0.8680 -0.0720 -0.4913
vn 0.6689 -0.0813 -0.7389
vn 0.4916 -0.6794 -0.5448
vn 0.2410 -0.6573 -0.7140
vn 0.4916 -0.6794 -0.5448
vn 0.6689 -0.0813 -0.7389
vn 0.6689 -0.0813 -0.7389
vn 0.3192 -0.0795 -0.9443
vn 0.2410 -0.6573 -0.7140
vn -0.0000 -0.6472 -0.7623
vn 0.2410 -0.6573 -0.7140
vn 0.3192 -0.0795 -0.9443
vn 0.3192 -0.0795 -0.9443
vn -0.0000 -0.0785 -0.9969
vn -0.0000 -0.6472 -0.7623
vn -0.2410 -0.6573 -0.7140
vn -0.0000 -0.6472 -0.7623
vn -0.0000 -0.0785 -0.9969
vn -0.0000 -0.0785 -0.9969
vn -0.3192 -0.0795 -0.9443
vn -0.2410 -0.6573 -0.7140
vn -0.4916 -0.6794 -0.5448
vn -0.2410 -0.6573 -0.7140
vn -0.3192 -0.0795 -0.9443
vn -0.3192 -0.0795 -0.9443
vn -0.6689 -0.0813 -0.7389
vn -0.4916 -0.6794 -0.5448
vn -0.7310 -0.5307 -0.4290
vn -0.4916 -0.6794 -0.5448
vn -0.6689 -0.0813 -0.7389
vn -0.6689 -0.0813 -0.7389
vn -0.8392 -0.1598 -0.5198
vn -0.7310 -0.5307 -0.4290
vn -0.9565 -0.2788 -0.0853
vn -0.7310 -0.5307 -0.4290
vn -0.8392 -0.1598 -0.5198
vn -0.8392 -0.1598 -0.5198
vn -0.9525 -0.1485 -0.2660
vn -0.9565 -0.2788 -0.0853
vn -0.9969 -0.0776 -0.0101
vn -0.9565 -0.2788 -0.0853
vn -0.9525 -0.1485 -0.2660
vn -0.9525 -0.1485 -0.2660
vn -0.9972 -0.0746 0.0022
vn -0.9969 -0.0776 -0.0101
vn 0.9892 0.1447 0.0240
vn 0.9723 0.1570 0.1733
vn 0.9610 0.2108 0.1792
vn 0.9892 0.1447 0.0240
vn 0.9610 0.2108 0.1792
vn 0.9705 0.1771 0.1634
vn 0.9892 0.1447 0.0240
vn 0.9705 0.1771 0.1634
vn 0.9781 0.0837 0.1905
vn 0.9892 0.1447 0.0240
vn 0.9781 0.0837 0.1905
vn 0.9972 0.0735 0.0170
vn -0.9620 -0.0601 0.2664
vn -0.9969 -0.0776 -0.0101
vn -0.9972 -0.0746 0.0022
vn -0.9972 -0.0746 0.0022
vn -0.9590 -0.0437 0.2800
vn -0.9620 -0.0601 0.2664
vn 0.9972 0.0735 0.0170
vn 0.9518 0.0640 -0.2998
vn 0.9468 0.1104 -0.3024
vn 0.9468 0.1104 -0.3024
vn 0.9892 0.1447 0.0240
vn 0.9972 0.0735 0.0170
vn -0.9515 0.0740 0.2987
vn -0.8734 0.2665 0.4076
vn -0.7707 0.4830 0.4155
vn -0.9515 0.0740 0.2987
vn -0.7707 0.4830 0.4155
vn -0.8565 0.1533 0.4928
vn -0.9515 0.0740 0.2987
vn -0.8565 0.1533 0.4928
vn -0.9398 0.1539 0.3051
vn 0.9463 0.0871 0.3112
vn 0.9723 0.1570 0.1733
vn 0.9892 0.1447 0.0240
vn 0.9463 0.0871 0.3112
vn 0.9892 0.1447 0.0240
vn 0.9887 0.1494 -0.0161
vn 0.9463 0.0871 0.3112
vn 0.9887 0.1494 -0.0161
vn 0.9366 0.1615 0.3109
vn -0.9689 0.1953 0.1519
vn -0.6896 0.6535 0.3120
vn -0.8734 0.2665 0.4076
vn -0.8734 0.2665 0.4076
vn -0.9853 0.0812 0.1505
vn -0.9689 0.1953 0.1519
vn -0.9021 -0.0430 0.4294
vn -0.5903 0.7405 0.3214
vn -0.6896 0.6535 0.3120
vn -0.6896 0.6535 0.3120
vn -0.9689 0.1953 0.1519
vn -0.9021 -0.0430 0.4294
vn -0.6610 0.3698 0.6530
vn -0.2886 0.8888 0.3559
vn -0.5903 0.7405 0.3214
vn -0.5903 0.7405 0.3214
vn -0.9021 -0.0430 0.4294
vn -0.6610 0.3698 0.6530
vn -0.3382 0.3750 0.8631
vn -0.1203 0.9258 0.3585
vn -0.2886 0.8888 0.3559
vn -0.2886 0.8888 0.3559
vn -0.6610 0.3698 0.6530
vn -0.3382 0.3750 0.8631
vn 0.0010 0.3742 0.9273
vn 0.0001 0.9344 0.3562
vn -0.1203 0.9258 0.3585
vn -0.1203 0.9258 0.3585
vn -0.3382 0.3750 0.8631
vn 0.0010 0.3742 0.9273
vn 0.3347 0.3952 0.8555
vn 0.1206 0.9258 0.3584
vn 0.0001 0.9344 0.3562
vn 0.0001 0.9344 0.3562
vn 0.0010 0.3742 0.9273
vn 0.3347 0.3952 0.8555
vn 0.6525 0.3918 0.6486
vn 0.2891 0.8887 0.3559
vn 0.1206 0.9258 0.3584
vn 0.1206 0.9258 0.3584
vn 0.3347 0.3952 0.8555
vn 0.6525 0.3918 0.6486
vn 0.8453 0.3472 0.4060
vn 0.5901 0.7406 0.3214
vn 0.2891 0.8887 0.3559
vn 0.2891 0.8887 0.3559
vn 0.6525 0.3918 0.6486
vn 0.8453 0.3472 0.4060
vn 0.9245 0.3214 0.2049
vn 0.6897 0.6535 0.3120
vn 0.5901 0.7406 0.3214
vn 0.5901 0.7406 0.3214
vn 0.8453 0.3472 0.4060
vn 0.9245 0.3214 0.2049
vn 0.6897 0.6535 0.3120
vn 0.9245 0.3214 0.2049
vn 0.9610 0.2108 0.1792
vn 0.9610 0.2108 0.1792
vn 0.8732 0.2669 0.4078
vn 0.6897 0.6535 0.3120
vn -0.6896 0.6535 0.3120
vn -0.5903 0.7405 0.3214
vn -0.7707 0.4830 0.4155
vn -0.7707 0.4830 0.4155
vn -0.8734 0.2665 0.4076
vn -0.6896 0.6535 0.3120
vn -0.5903 0.7405 0.3214
vn -0.2886 0.8888 0.3559
vn -0.5198 0.7011 0.4881
vn -0.5198 0.7011 0.4881
vn -0.7707 0.4830 0.4155
vn -0.5903 0.7405 0.3214
vn -0.2886 0.8888 0.3559
vn -0.1203 0.9258 0.3585
vn -0.1975 0.8285 0.5240
vn -0.1975 0.8285 0.5240
vn -0.5198 0.7011 0.4881
vn -0.2886 0.8888 0.3559
vn -0.1203 0.9258 0.3585
vn 0.0001 0.9344 0.3562
vn 0.0001 0.8510 0.5252
vn 0.0001 0.8510 0.5252
vn -0.1975 0.8285 0.5240
vn -0.1203 0.9258 0.3585
vn 0.0001 0.9344 0.3562
vn 0.1206 0.9258 0.3584
vn 0.1977 0.8281 0.5245
vn 0.1977 0.8281 0.5245
vn 0.0001 0.8510 0.5252
vn 0.0001 0.9344 0.3562
vn 0.1206 0.9258 0.3584
vn 0.2891 0.8887 0.3559
vn 0.5201 0.7005 0.4886
vn 0.5201 0.7005 0.4886
vn 0.1977 0.8281 0.5245
vn 0.1206 0.9258 0.3584
vn 0.2891 0.8887 0.3559
vn 0.5901 0.7406 0.3214
vn 0.7712 0.4820 0.4158
vn 0.7712 0.4820 0.4158
vn 0.5201 0.7005 0.4886
vn 0.2891 0.8887 0.3559
vn 0.7712 0.4820 0.4158
vn 0.5901 0.7406 0.3214
vn 0.6897 0.6535 0.3120
vn 0.6897 0.6535 0.3120
vn 0.8732 0.2669 0.4078
vn 0.7712 0.4820 0.4158
vn -0.9858 0.0575 0.1577
vn -0.9853 0.0812 0.1505
vn -0.8734 0.2665 0.4076
vn -0.8734 0.2665 0.4076
vn -0.9515 0.0740 0.2987
vn -0.9858 0.0575 0.1577
vn 0.9463 0.0871 0.3112
vn 0.8732 0.2669 0.4078
vn 0.9610 0.2108 0.1792
vn 0.9610 0.2108 0.1792
vn 0.9723 0.1570 0.1733
vn 0.9463 0.0871 0.3112
vn -0.8545 0.1089 0.5080
vn -0.9553 0.1234 0.2685
vn -0.9620 -0.0601 0.2664
vn -0.9620 -0.0601 0.2664
vn -0.8651 -0.0631 0.4976
vn -0.8545 0.1089 0.5080
vn 0.9414 -0.1619 -0.2960
vn 0.8489 -0.1242 -0.5138
vn 0.8550 0.0625 -0.5148
vn 0.8550 0.0625 -0.5148
vn 0.9518 0.0640 -0.2998
vn 0.9414 -0.1619 -0.2960
vn -0.7007 -0.1598 0.6953
vn -0.8545 0.1089 0.5080
vn -0.8651 -0.0631 0.4976
vn -0.8651 -0.0631 0.4976
vn -0.6685 -0.0644 0.7409
vn -0.7007 -0.1598 0.6953
vn -0.3016 -0.3394 0.8910
vn -0.7007 -0.1598 0.6953
vn -0.6685 -0.0644 0.7409
vn -0.6685 -0.0644 0.7409
vn -0.3196 -0.0635 0.9454
vn -0.3016 -0.3394 0.8910
vn -0.0131 -0.3477 0.9375
vn -0.3016 -0.3394 0.8910
vn -0.3196 -0.0635 0.9454
vn -0.3196 -0.0635 0.9454
vn -0.0020 -0.0641 0.9979
vn -0.0131 -0.3477 0.9375
vn 0.2659 -0.3692 0.8905
vn -0.0131 -0.3477 0.9375
vn -0.0020 -0.0641 0.9979
vn -0.0020 -0.0641 0.9979
vn 0.3146 -0.0660 0.9469
vn 0.2659 -0.3692 0.8905
vn 0.5893 -0.4056 0.6987
vn 0.2659 -0.3692 0.8905
vn 0.3146 -0.0660 0.9469
vn 0.3146 -0.0660 0.9469
vn 0.6646 -0.0696 0.7440
vn 0.5893 -0.4056 0.6987
vn 0.7740 -0.4090 0.4834
vn 0.5893 -0.4056 0.6987
vn 0.6646 -0.0696 0.7440
vn 0.6646 -0.0696 0.7440
vn 0.8638 -0.0692 0.4991
vn 0.7740 -0.4090 0.4834
vn 0.7979 -0.4824 0.3614
vn 0.7740 -0.4090 0.4834
vn 0.8638 -0.0692 0.4991
vn 0.8638 -0.0692 0.4991
vn 0.9432 -0.0761 0.3234
vn 0.7979 -0.4824 0.3614
vn 0.7963 -0.5655 0.2145
vn 0.7979 -0.4824 0.3614
vn 0.9432 -0.0761 0.3234
vn 0.9432 -0.0761 0.3234
vn 0.9977 -0.0643 0.0233
vn 0.7963 -0.5655 0.2145
vn 0.8008 -0.5982 0.0304
vn 0.7963 -0.5655 0.2145
vn 0.9977 -0.0643 0.0233
vn 0.9977 -0.0643 0.0233
vn 0.9191 -0.3517 -0.1775
vn 0.8008 -0.5982 0.0304
vn -0.9955 0.0897 0.0293
vn -0.9992 -0.0265 0.0294
vn -0.9565 -0.2788 -0.0853
vn -0.9565 -0.2788 -0.0853
vn -0.9969 -0.0776 -0.0101
vn -0.9955 0.0897 0.0293
vn -0.9553 0.1234 0.2685
vn -0.9955 0.0897 0.0293
vn -0.9969 -0.0776 -0.0101
vn -0.9969 -0.0776 -0.0101
vn -0.9620 -0.0601 0.2664
vn -0.9553 0.1234 0.2685
vn 0.9907 -0.1336 -0.0270
vn 0.9414 -0.1619 -0.2960
vn 0.9518 0.0640 -0.2998
vn 0.9518 0.0640 -0.2998
vn 0.9972 0.0735 0.0170
vn 0.9907 -0.1336 -0.0270
vn -0.9553 0.1234 0.2685
vn -0.8545 0.1089 0.5080
vn -0.8138 0.2985 0.4986
vn -0.9553 0.1234 0.2685
vn -0.8138 0.2985 0.4986
vn -0.8842 0.1465 0.4435
vn -0.9553 0.1234 0.2685
vn -0.8842 0.1465 0.4435
vn -0.9638 0.0985 0.2477
vn -0.8545 0.1089 0.5080
vn -0.7007 -0.1598 0.6953
vn -0.8973 0.2086 0.3890
vn -0.8545 0.1089 0.5080
vn -0.8973 0.2086 0.3890
vn -0.9584 0.0067 0.2854
vn -0.8545 0.1089 0.5080
vn -0.9584 0.0067 0.2854
vn -0.8138 0.2985 0.4986
vn -0.9992 -0.0265 0.0294
vn -0.9955 0.0897 0.0293
vn -0.9886 0.0975 0.1143
vn -0.9992 -0.0265 0.0294
vn -0.9886 0.0975 0.1143
vn -0.9973 0.0444 0.0581
vn -0.9992 -0.0265 0.0294
vn -0.9973 0.0444 0.0581
vn -0.9913 0.1070 0.0765
vn -0.9638 0.0985 0.2477
vn -0.9886 0.0975 0.1143
vn -0.9955 0.0897 0.0293
vn -0.9955 0.0897 0.0293
vn -0.9553 0.1234 0.2685
vn -0.9638 0.0985 0.2477
vn -0.9584 0.0067 0.2854
vn -0.8842 0.1465 0.4435
vn -0.8138 0.2985 0.4986
vn -0.9514 -0.1719 0.2555
vn -0.2041 -0.9149 0.3484
vn -0.0210 -0.9889 0.1474
vn -0.0210 -0.9889 0.1474
vn -0.9900 -0.0522 0.1307
vn -0.9514 -0.1719 0.2555
vn 0.4178 -0.9038 -0.0925
vn -0.9749 -0.1926 0.1115
vn -0.9900 -0.0522 0.1307
vn -0.9900 -0.0522 0.1307
vn -0.0210 -0.9889 0.1474
vn 0.4178 -0.9038 -0.0925
vn 0.3164 -0.9340 -0.1661
vn -0.9021 -0.0430 0.4294
vn -0.9749 -0.1926 0.1115
vn -0.9749 -0.1926 0.1115
vn 0.4178 -0.9038 -0.0925
vn 0.3164 -0.9340 -0.1661
vn 0.0892 -0.9826 -0.1632
vn -0.5750 -0.5233 0.6289
vn -0.9021 -0.0430 0.4294
vn -0.9021 -0.0430 0.4294
vn 0.3164 -0.9340 -0.1661
vn 0.0892 -0.9826 -0.1632
vn 0.0408 -0.9875 -0.1522
vn -0.3024 -0.5278 0.7937
vn -0.5750 -0.5233 0.6289
vn -0.5750 -0.5233 0.6289
vn 0.0892 -0.9826 -0.1632
vn 0.0408 -0.9875 -0.1522
vn -0.0001 -0.9885 -0.1514
vn -0.0003 -0.5042 0.8636
vn -0.3024 -0.5278 0.7937
vn -0.3024 -0.5278 0.7937
vn 0.0408 -0.9875 -0.1522
vn -0.0001 -0.9885 -0.1514
vn -0.0407 -0.9875 -0.1522
vn 0.3076 -0.5070 0.8051
vn -0.0003 -0.5042 0.8636
vn -0.0003 -0.5042 0.8636
vn -0.0001 -0.9885 -0.1514
vn -0.0407 -0.9875 -0.1522
vn -0.0895 -0.9825 -0.1634
vn 0.5825 -0.5057 0.6363
vn 0.3076 -0.5070 0.8051
vn 0.3076 -0.5070 0.8051
vn -0.0407 -0.9875 -0.1522
vn -0.0895 -0.9825 -0.1634
vn -0.3024 -0.9375 -0.1722
vn 0.8261 -0.4070 0.3898
vn 0.5825 -0.5057 0.6363
vn 0.5825 -0.5057 0.6363
vn -0.0895 -0.9825 -0.1634
vn -0.3024 -0.9375 -0.1722
vn -0.3847 -0.9114 -0.1461
vn 0.9759 -0.1282 0.1768
vn 0.8261 -0.4070 0.3898
vn 0.8261 -0.4070 0.3898
vn -0.3024 -0.9375 -0.1722
vn -0.3847 -0.9114 -0.1461
vn -0.0060 -0.3429 0.9394
vn 0.9859 -0.0751 0.1493
vn 0.9781 0.0837 0.1905
vn 0.9781 0.0837 0.1905
vn -0.0892 -0.5494 0.8308
vn -0.0060 -0.3429 0.9394
vn 0.9759 -0.1282 0.1768
vn -0.3847 -0.9114 -0.1461
vn -0.2605 -0.9565 0.1315
vn -0.2605 -0.9565 0.1315
vn 0.9705 0.1771 0.1634
vn 0.9759 -0.1282 0.1768
vn 0.7292 -0.3805 -0.5688
vn -0.3153 -0.6660 -0.6760
vn 0.1737 -0.8865 -0.4288
vn 0.1737 -0.8865 -0.4288
vn 0.6898 -0.0063 -0.7240
vn 0.7292 -0.3805 -0.5688
vn 0.1210 -0.9341 -0.3360
vn 0.3230 0.0041 -0.9464
vn 0.6898 -0.0063 -0.7240
vn 0.6898 -0.0063 -0.7240
vn 0.1737 -0.8865 -0.4288
vn 0.1210 -0.9341 -0.3360
vn -0.0234 -0.9452 -0.3255
vn 0.0041 0.0093 -0.9999
vn 0.3230 0.0041 -0.9464
vn 0.3230 0.0041 -0.9464
vn 0.1210 -0.9341 -0.3360
vn -0.0234 -0.9452 -0.3255
vn -0.1570 -0.9426 -0.2946
vn -0.3069 0.0104 -0.9517
vn 0.0041 0.0093 -0.9999
vn 0.0041 0.0093 -0.9999
vn -0.0234 -0.9452 -0.3255
vn -0.1570 -0.9426 -0.2946
vn -0.2628 -0.9360 -0.2343
vn -0.6540 0.0155 -0.7563
vn -0.3069 0.0104 -0.9517
vn -0.3069 0.0104 -0.9517
vn -0.1570 -0.9426 -0.2946
vn -0.2628 -0.9360 -0.2343
vn -0.3076 -0.9470 -0.0930
vn -0.8669 0.0003 -0.4985
vn -0.6540 0.0155 -0.7563
vn -0.6540 0.0155 -0.7563
vn -0.2628 -0.9360 -0.2343
vn -0.3076 -0.9470 -0.0930
vn -0.3583 -0.9331 0.0317
vn -0.9435 0.0054 -0.3313
vn -0.8669 0.0003 -0.4985
vn -0.8669 0.0003 -0.4985
vn -0.3076 -0.9470 -0.0930
vn -0.3583 -0.9331 0.0317
vn -0.3379 -0.9145 0.2224
vn -0.9982 -0.0164 -0.0569
vn -0.9435 0.0054 -0.3313
vn -0.9435 0.0054 -0.3313
vn -0.3583 -0.9331 0.0317
vn -0.3379 -0.9145 0.2224
vn -0.2041 -0.9149 0.3484
vn -0.9514 -0.1719 0.2555
vn -0.9982 -0.0164 -0.0569
vn -0.9982 -0.0164 -0.0569
vn -0.3379 -0.9145 0.2224
vn -0.2041 -0.9149 0.3484
vn 0.0628 -0.6210 0.7813
vn 0.9746 -0.2144 0.0651
vn 0.9859 -0.0751 0.1493
vn 0.9859 -0.0751 0.1493
vn -0.0060 -0.3429 0.9394
vn 0.0628 -0.6210 0.7813
vn 0.9543 -0.2895 -0.0738
vn 0.2482 -0.9602 0.1285
vn 0.1848 -0.9604 -0.2083
vn 0.1848 -0.9604 -0.2083
vn 0.9017 -0.3230 -0.2874
vn 0.9543 -0.2895 -0.0738
vn -0.0306 -0.8687 -0.4943
vn 0.8033 -0.3192 -0.5028
vn 0.9017 -0.3230 -0.2874
vn 0.9017 -0.3230 -0.2874
vn 0.1848 -0.9604 -0.2083
vn -0.0306 -0.8687 -0.4943
vn -0.2262 -0.7693 -0.5975
vn 0.7065 -0.4137 -0.5742
vn 0.8033 -0.3192 -0.5028
vn 0.8033 -0.3192 -0.5028
vn -0.0306 -0.8687 -0.4943
vn -0.2262 -0.7693 -0.5975
vn 0.7065 -0.4137 -0.5742
vn -0.2262 -0.7693 -0.5975
vn -0.3153 -0.6660 -0.6760
vn -0.3153 -0.6660 -0.6760
vn 0.7292 -0.3805 -0.5688
vn 0.7065 -0.4137 -0.5742
vn 0.1465 -0.8239 0.5475
vn 0.9709 -0.2317 0.0604
vn 0.9746 -0.2144 0.0651
vn 0.9746 -0.2144 0.0651
vn 0.0628 -0.6210 0.7813
vn 0.1465 -0.8239 0.5475
vn 0.9709 -0.2317 0.0604
vn 0.1465 -0.8239 0.5475
vn 0.2482 -0.9602 0.1285
vn 0.2482 -0.9602 0.1285
vn 0.9543 -0.2895 -0.0738
vn 0.9709 -0.2317 0.0604
vn -0.0306 -0.8687 -0.4943
vn 0.1848 -0.9604 -0.2083
vn -0.9638 0.0985 0.2477
vn -0.9638 0.0985 0.2477
vn -0.8842 0.1465 0.4435
vn -0.0306 -0.8687 -0.4943
vn -0.8973 0.2086 0.3890
vn -0.3153 -0.6660 -0.6760
vn -0.2262 -0.7693 -0.5975
vn -0.2262 -0.7693 -0.5975
vn -0.9584 0.0067 0.2854
vn -0.8973 0.2086 0.3890
vn 0.1210 -0.9341 -0.3360
vn 0.1737 -0.8865 -0.4288
vn -0.7007 -0.1598 0.6953
vn -0.7007 -0.1598 0.6953
vn -0.3016 -0.3394 0.8910
vn 0.1210 -0.9341 -0.3360
vn -0.0234 -0.9452 -0.3255
vn 0.1210 -0.9341 -0.3360
vn -0.3016 -0.3394 0.8910
vn -0.3016 -0.3394 0.8910
vn -0.0131 -0.3477 0.9375
vn -0.0234 -0.9452 -0.3255
vn -0.1570 -0.9426 -0.2946
vn -0.0234 -0.9452 -0.3255
vn -0.0131 -0.3477 0.9375
vn -0.0131 -0.3477 0.9375
vn 0.2659 -0.3692 0.8905
vn -0.1570 -0.9426 -0.2946
vn -0.2628 -0.9360 -0.2343
vn -0.1570 -0.9426 -0.2946
vn 0.2659 -0.3692 0.8905
vn 0.2659 -0.3692 0.8905
vn 0.5893 -0.4056 0.6987
vn -0.2628 -0.9360 -0.2343
vn -0.3076 -0.9470 -0.0930
vn -0.2628 -0.9360 -0.2343
vn 0.5893 -0.4056 0.6987
vn 0.5893 -0.4056 0.6987
vn 0.7740 -0.4090 0.4834
vn -0.3076 -0.9470 -0.0930
vn -0.3583 -0.9331 0.0317
vn -0.3076 -0.9470 -0.0930
vn 0.7740 -0.4090 0.4834
vn 0.7740 -0.4090 0.4834
vn 0.7979 -0.4824 0.3614
vn -0.3583 -0.9331 0.0317
vn -0.3379 -0.9145 0.2224
vn -0.3583 -0.9331 0.0317
vn 0.7979 -0.4824 0.3614
vn 0.7979 -0.4824 0.3614
vn 0.7963 -0.5655 0.2145
vn -0.3379 -0.9145 0.2224
vn -0.2041 -0.9149 0.3484
vn -0.3379 -0.9145 0.2224
vn 0.7963 -0.5655 0.2145
vn 0.7963 -0.5655 0.2145
vn 0.8008 -0.5982 0.0304
vn -0.2041 -0.9149 0.3484
vn 0.3966 -0.9153 -0.0697
vn -0.0210 -0.9889 0.1474
vn 0.9191 -0.3517 -0.1775
vn 0.9191 -0.3517 -0.1775
vn 0.7917 -0.4917 -0.3626
vn 0.3966 -0.9153 -0.0697
vn -0.9886 0.0975 0.1143
vn 0.2482 -0.9602 0.1285
vn 0.1465 -0.8239 0.5475
vn 0.1465 -0.8239 0.5475
vn -0.9973 0.0444 0.0581
vn -0.9886 0.0975 0.1143
vn 0.1848 -0.9604 -0.2083
vn 0.2482 -0.9602 0.1285
vn -0.9886 0.0975 0.1143
vn -0.9886 0.0975 0.1143
vn -0.9638 0.0985 0.2477
vn 0.1848 -0.9604 -0.2083
vn 0.3164 -0.9340 -0.1661
vn 0.4178 -0.9038 -0.0925
vn -0.0210 -0.9889 0.1474
vn -0.0210 -0.9889 0.1474
vn 0.3966 -0.9153 -0.0697
vn 0.3164 -0.9340 -0.1661
vn 0.0892 -0.9826 -0.1632
vn 0.3164 -0.9340 -0.1661
vn 0.3966 -0.9153 -0.0697
vn 0.3966 -0.9153 -0.0697
vn 0.2143 -0.9614 -0.1724
vn 0.0892 -0.9826 -0.1632
vn 0.0408 -0.9875 -0.1522
vn 0.0892 -0.9826 -0.1632
vn 0.2143 -0.9614 -0.1724
vn 0.2143 -0.9614 -0.1724
vn 0.0714 -0.9824 -0.1726
vn 0.0408 -0.9875 -0.1522
vn -0.0001 -0.9885 -0.1514
vn 0.0408 -0.9875 -0.1522
vn 0.0714 -0.9824 -0.1726
vn 0.0714 -0.9824 -0.1726
vn -0.0000 -0.9854 -0.1702
vn -0.0001 -0.9885 -0.1514
vn -0.0407 -0.9875 -0.1522
vn -0.0001 -0.9885 -0.1514
vn -0.0000 -0.9854 -0.1702
vn -0.0000 -0.9854 -0.1702
vn -0.0715 -0.9824 -0.1727
vn -0.0407 -0.9875 -0.1522
vn -0.0895 -0.9825 -0.1634
vn -0.0407 -0.9875 -0.1522
vn -0.0715 -0.9824 -0.1727
vn -0.0715 -0.9824 -0.1727
vn -0.2143 -0.9614 -0.1724
vn -0.0895 -0.9825 -0.1634
vn -0.3024 -0.9375 -0.1722
vn -0.0895 -0.9825 -0.1634
vn -0.2143 -0.9614 -0.1724
vn -0.2143 -0.9614 -0.1724
vn -0.3406 -0.9388 -0.0516
vn -0.3024 -0.9375 -0.1722
vn -0.3847 -0.9114 -0.1461
vn -0.3024 -0.9375 -0.1722
vn -0.3406 -0.9388 -0.0516
vn -0.3406 -0.9388 -0.0516
vn -0.2605 -0.9565 0.1315
vn -0.3847 -0.9114 -0.1461
vn -0.9853 0.0812 0.1505
vn -0.9858 0.0575 0.1577
vn -0.9983 0.0580 -0.0029
vn -0.9853 0.0812 0.1505
vn -0.9983 0.0580 -0.0029
vn -0.9975 0.0648 -0.0275
vn -0.9853 0.0812 0.1505
vn -0.9975 0.0648 -0.0275
vn -0.9900 -0.0522 0.1307
vn -0.9021 -0.0430 0.4294
vn -0.9689 0.1953 0.1519
vn -0.9749 -0.1926 0.1115
vn -0.6610 0.3698 0.6530
vn -0.9021 -0.0430 0.4294
vn -0.5750 -0.5233 0.6289
vn -0.5750 -0.5233 0.6289
vn -0.3024 -0.5278 0.7937
vn -0.3382 0.3750 0.8631
vn -0.3382 0.3750 0.8631
vn -0.6610 0.3698 0.6530
vn -0.5750 -0.5233 0.6289
vn -0.3024 -0.5278 0.7937
vn -0.0003 -0.5042 0.8636
vn 0.0010 0.3742 0.9273
vn 0.0010 0.3742 0.9273
vn -0.3382 0.3750 0.8631
vn -0.3024 -0.5278 0.7937
vn -0.0003 -0.5042 0.8636
vn 0.3076 -0.5070 0.8051
vn 0.3347 0.3952 0.8555
vn 0.3347 0.3952 0.8555
vn 0.0010 0.3742 0.9273
vn -0.0003 -0.5042 0.8636
vn 0.3076 -0.5070 0.8051
vn 0.5825 -0.5057 0.6363
vn 0.6525 0.3918 0.6486
vn 0.6525 0.3918 0.6486
vn 0.3347 0.3952 0.8555
vn 0.3076 -0.5070 0.8051
vn 0.5825 -0.5057 0.6363
vn 0.8261 -0.4070 0.3898
vn 0.8453 0.3472 0.4060
vn 0.8453 0.3472 0.4060
vn 0.6525 0.3918 0.6486
vn 0.5825 -0.5057 0.6363
vn 0.8261 -0.4070 0.3898
vn 0.9759 -0.1282 0.1768
vn 0.9245 0.3214 0.2049
vn 0.9245 0.3214 0.2049
vn 0.8453 0.3472 0.4060
vn 0.8261 -0.4070 0.3898
vn -0.9900 -0.0522 0.1307
vn -0.9749 -0.1926 0.1115
vn -0.9689 0.1953 0.1519
vn -0.9689 0.1953 0.1519
vn -0.9853 0.0812 0.1505
vn -0.9900 -0.0522 0.1307
vn 0.9610 0.2108 0.1792
vn 0.9245 0.3214 0.2049
vn 0.9759 -0.1282 0.1768
vn 0.9759 -0.1282 0.1768
vn 0.9705 0.1771 0.1634
vn 0.9610 0.2108 0.1792
vn 0.8489 -0.1242 -0.5138
vn 0.6898 -0.0063 -0.7240
vn 0.6606 0.0597 -0.7484
vn 0.6606 0.0597 -0.7484
vn 0.8550 0.0625 -0.5148
vn 0.8489 -0.1242 -0.5138
vn 0.6898 -0.0063 -0.7240
vn 0.3230 0.0041 -0.9464
vn 0.3190 0.0592 -0.9459
vn 0.3190 0.0592 -0.9459
vn 0.6606 0.0597 -0.7484
vn 0.6898 -0.0063 -0.7240
vn 0.3230 0.0041 -0.9464
vn 0.0041 0.0093 -0.9999
vn 0.0020 0.0635 -0.9980
vn 0.0020 0.0635 -0.9980
vn 0.3190 0.0592 -0.9459
vn 0.3230 0.0041 -0.9464
vn 0.0041 0.0093 -0.9999
vn -0.3069 0.0104 -0.9517
vn -0.3113 0.0652 -0.9481
vn -0.3113 0.0652 -0.9481
vn 0.0020 0.0635 -0.9980
vn 0.0041 0.0093 -0.9999
vn -0.3069 0.0104 -0.9517
vn -0.6540 0.0155 -0.7563
vn -0.6581 0.0686 -0.7498
vn -0.6581 0.0686 -0.7498
vn -0.3113 0.0652 -0.9481
vn -0.3069 0.0104 -0.9517
vn -0.6540 0.0155 -0.7563
vn -0.8669 0.0003 -0.4985
vn -0.8637 0.0680 -0.4994
vn -0.8637 0.0680 -0.4994
vn -0.6581 0.0686 -0.7498
vn -0.6540 0.0155 -0.7563
vn -0.8669 0.0003 -0.4985
vn -0.9435 0.0054 -0.3313
vn -0.9435 0.0737 -0.3231
vn -0.9435 0.0737 -0.3231
vn -0.8637 0.0680 -0.4994
vn -0.8669 0.0003 -0.4985
vn -0.9435 0.0054 -0.3313
vn -0.9982 -0.0164 -0.0569
vn -0.9975 0.0648 -0.0275
vn -0.9975 0.0648 -0.0275
vn -0.9435 0.0737 -0.3231
vn -0.9435 0.0054 -0.3313
vn -0.2041 -0.9149 0.3484
vn 0.8008 -0.5982 0.0304
vn 0.9191 -0.3517 -0.1775
vn 0.9191 -0.3517 -0.1775
vn -0.0210 -0.9889 0.1474
vn -0.2041 -0.9149 0.3484
vn -0.9982 -0.0164 -0.0569
vn -0.9514 -0.1719 0.2555
vn -0.9900 -0.0522 0.1307
vn -0.9900 -0.0522 0.1307
vn -0.9975 0.0648 -0.0275
vn -0.9982 -0.0164 -0.0569
vn 0.9859 -0.0751 0.1493
vn 0.9907 -0.1336 -0.0270
vn 0.9972 0.0735 0.0170
vn 0.9972 0.0735 0.0170
vn 0.9781 0.0837 0.1905
vn 0.9859 -0.0751 0.1493
vn -0.9565 -0.2788 -0.0853
vn -0.9992 -0.0265 0.0294
vn -0.0060 -0.3429 0.9394
vn -0.0060 -0.3429 0.9394
vn -0.0892 -0.5494 0.8308
vn -0.9565 -0.2788 -0.0853
vn 0.8489 -0.1242 -0.5138
vn 0.9414 -0.1619 -0.2960
vn 0.9017 -0.3230 -0.2874
vn 0.8489 -0.1242 -0.5138
vn 0.9017 -0.3230 -0.2874
vn 0.8033 -0.3192 -0.5028
vn 0.8489 -0.1242 -0.5138
vn 0.8033 -0.3192 -0.5028
vn 0.8156 -0.2950 -0.4978
vn -0.3153 -0.6660 -0.6760
vn -0.8973 0.2086 0.3890
vn -0.7007 -0.1598 0.6953
vn -0.7007 -0.1598 0.6953
vn 0.1737 -0.8865 -0.4288
vn -0.3153 -0.6660 -0.6760
vn 0.6898 -0.0063 -0.7240
vn 0.8489 -0.1242 -0.5138
vn 0.8156 -0.2950 -0.4978
vn 0.6898 -0.0063 -0.7240
vn 0.8156 -0.2950 -0.4978
vn 0.7065 -0.4137 -0.5742
vn 0.6898 -0.0063 -0.7240
vn 0.7065 -0.4137 -0.5742
vn 0.7292 -0.3805 -0.5688
vn 0.9907 -0.1336 -0.0270
vn 0.9859 -0.0751 0.1493
vn 0.9746 -0.2144 0.0651
vn 0.9907 -0.1336 -0.0270
vn 0.9746 -0.2144 0.0651
vn 0.9709 -0.2317 0.0604
vn 0.9907 -0.1336 -0.0270
vn 0.9709 -0.2317 0.0604
vn 0.9543 -0.2895 -0.0738
vn -0.9913 0.1070 0.0765
vn 0.0628 -0.6210 0.7813
vn -0.0060 -0.3429 0.9394
vn -0.0060 -0.3429 0.9394
vn -0.9992 -0.0265 0.0294
vn -0.9913 0.1070 0.0765
vn 0.9543 -0.2895 -0.0738
vn 0.9017 -0.3230 -0.2874
vn 0.9414 -0.1619 -0.2960
vn 0.9414 -0.1619 -0.2960
vn 0.9907 -0.1336 -0.0270
vn 0.9543 -0.2895 -0.0738
vn -0.2262 -0.7693 -0.5975
vn -0.0306 -0.8687 -0.4943
vn -0.8842 0.1465 0.4435
vn -0.8842 0.1465 0.4435
vn -0.9584 0.0067 0.2854
vn -0.2262 -0.7693 -0.5975
vn 0.1465 -0.8239 0.5475
vn 0.0628 -0.6210 0.7813
vn -0.9913 0.1070 0.0765
vn -0.9913 0.1070 0.0765
vn -0.9973 0.0444 0.0581
vn 0.1465 -0.8239 0.5475
vn 0.7065 -0.4137 -0.5742
vn 0.8156 -0.2950 -0.4978
vn 0.8033 -0.3192 -0.5028
vn -0.2605 -0.9565 0.1315
vn -0.0892 -0.5494 0.8308
vn 0.9781 0.0837 0.1905
vn 0.9781 0.0837 0.1905
vn 0.9705 0.1771 0.1634
vn -0.2605 -0.9565 0.1315
# 3984 vertex normals

vt 0.4267 0.4292 0.0000
vt 0.4133 0.4420 0.0000
vt 0.3072 0.8288 0.0000
vt 0.3433 0.8105 0.0000
vt 0.4054 0.4589 0.0000
vt 0.2667 0.8354 0.0000
vt 0.4019 0.4773 0.0000
vt 0.2261 0.8296 0.0000
vt 0.4051 0.4959 0.0000
vt 0.1893 0.8115 0.0000
vt 0.4138 0.5126 0.0000
vt 0.1602 0.7827 0.0000
vt 0.4271 0.5267 0.0000
vt 0.1416 0.7460 0.0000
vt 0.4444 0.5350 0.0000
vt 0.1349 0.7057 0.0000
vt 0.4633 0.5377 0.0000
vt 0.1410 0.6655 0.0000
vt 0.4825 0.5350 0.0000
vt 0.1596 0.6286 0.0000
vt 0.4997 0.5257 0.0000
vt 0.1887 0.5990 0.0000
vt 0.5129 0.5118 0.0000
vt 0.2253 0.5800 0.0000
vt 0.5216 0.4949 0.0000
vt 0.2659 0.5731 0.0000
vt 0.5241 0.4761 0.0000
vt 0.3064 0.5791 0.0000
vt 0.5209 0.4574 0.0000
vt 0.3431 0.5973 0.0000
vt 0.5117 0.4407 0.0000
vt 0.3723 0.6260 0.0000
vt 0.4979 0.4278 0.0000
vt 0.3911 0.6623 0.0000
vt 0.4808 0.4197 0.0000
vt 0.3977 0.7029 0.0000
vt 0.4620 0.4172 0.0000
vt 0.3911 0.7439 0.0000
vt 0.4432 0.4204 0.0000
vt 0.3723 0.7810 0.0000
vt 0.4636 0.4779 0.0000
vt 0.3183 0.7728 0.0000
vt 0.2943 0.7853 0.0000
vt 0.2658 0.7049 0.0000
vt 0.2675 0.7898 0.0000
vt 0.2405 0.7859 0.0000
vt 0.2162 0.7739 0.0000
vt 0.1968 0.7551 0.0000
vt 0.1842 0.7312 0.0000
vt 0.1796 0.7046 0.0000
vt 0.1836 0.6779 0.0000
vt 0.1959 0.6533 0.0000
vt 0.2153 0.6334 0.0000
vt 0.2396 0.6207 0.0000
vt 0.2664 0.6161 0.0000
vt 0.2933 0.6201 0.0000
vt 0.3176 0.6321 0.0000
vt 0.3370 0.6509 0.0000
vt 0.3496 0.6749 0.0000
vt 0.3541 0.7016 0.0000
vt 0.3501 0.7285 0.0000
vt 0.3376 0.7532 0.0000
vt 0.2972 0.7932 0.0000
vt 0.3236 0.7795 0.0000
vt 0.2677 0.7982 0.0000
vt 0.2382 0.7938 0.0000
vt 0.2114 0.7807 0.0000
vt 0.1901 0.7599 0.0000
vt 0.1762 0.7337 0.0000
vt 0.1712 0.7045 0.0000
vt 0.1756 0.6752 0.0000
vt 0.1889 0.6485 0.0000
vt 0.2102 0.6268 0.0000
vt 0.2368 0.6128 0.0000
vt 0.2663 0.6077 0.0000
vt 0.2958 0.6120 0.0000
vt 0.3226 0.6251 0.0000
vt 0.3439 0.6458 0.0000
vt 0.3578 0.6722 0.0000
vt 0.3627 0.7015 0.0000
vt 0.3582 0.7311 0.0000
vt 0.3446 0.7582 0.0000
vt 0.3235 0.7795 0.0000
vt 0.2971 0.7933 0.0000
vt 0.2942 0.7854 0.0000
vt 0.3182 0.7729 0.0000
vt 0.2676 0.7982 0.0000
vt 0.2674 0.7899 0.0000
vt 0.2381 0.7939 0.0000
vt 0.2404 0.7859 0.0000
vt 0.2113 0.7807 0.0000
vt 0.2161 0.7739 0.0000
vt 0.1900 0.7600 0.0000
vt 0.1967 0.7551 0.0000
vt 0.1761 0.7337 0.0000
vt 0.1841 0.7312 0.0000
vt 0.1711 0.7045 0.0000
vt 0.1795 0.7046 0.0000
vt 0.1755 0.6752 0.0000
vt 0.1835 0.6779 0.0000
vt 0.1888 0.6485 0.0000
vt 0.1958 0.6534 0.0000
vt 0.2101 0.6268 0.0000
vt 0.2152 0.6335 0.0000
vt 0.2367 0.6128 0.0000
vt 0.2395 0.6208 0.0000
vt 0.2662 0.6077 0.0000
vt 0.2663 0.6162 0.0000
vt 0.2957 0.6120 0.0000
vt 0.2932 0.6201 0.0000
vt 0.3225 0.6251 0.0000
vt 0.3175 0.6321 0.0000
vt 0.3438 0.6459 0.0000
vt 0.3369 0.6509 0.0000
vt 0.3577 0.6722 0.0000
vt 0.3495 0.6749 0.0000
vt 0.3626 0.7015 0.0000
vt 0.3540 0.7016 0.0000
vt 0.3581 0.7311 0.0000
vt 0.3500 0.7285 0.0000
vt 0.3445 0.7582 0.0000
vt 0.3375 0.7533 0.0000
vt 0.3605 0.9121 0.0000
vt 0.3795 0.9110 0.0000
vt 0.3414 0.9138 0.0000
vt 0.3226 0.9180 0.0000
vt 0.3042 0.9227 0.0000
vt 0.2860 0.9280 0.0000
vt 0.2680 0.9334 0.0000
vt 0.2497 0.9380 0.0000
vt 0.2316 0.9430 0.0000
vt 0.2130 0.9464 0.0000
vt 0.1943 0.9500 0.0000
vt 0.1753 0.9514 0.0000
vt 0.1562 0.9498 0.0000
vt 0.1375 0.9486 0.0000
vt 0.1189 0.9454 0.0000
vt 0.4722 0.9274 0.0000
vt 0.4539 0.9227 0.0000
vt 0.4353 0.9197 0.0000
vt 0.4166 0.9174 0.0000
vt 0.3980 0.9145 0.0000
vt 0.3602 0.9017 0.0000
vt 0.3792 0.9007 0.0000
vt 0.3411 0.9038 0.0000
vt 0.3223 0.9078 0.0000
vt 0.3039 0.9127 0.0000
vt 0.2858 0.9183 0.0000
vt 0.2678 0.9239 0.0000
vt 0.2495 0.9283 0.0000
vt 0.2313 0.9329 0.0000
vt 0.2127 0.9361 0.0000
vt 0.1940 0.9398 0.0000
vt 0.1750 0.9416 0.0000
vt 0.1559 0.9399 0.0000
vt 0.1372 0.9383 0.0000
vt 0.4900 0.9234 0.0000
vt 0.4719 0.9169 0.0000
vt 0.4535 0.9128 0.0000
vt 0.4349 0.9097 0.0000
vt 0.4167 0.9047 0.0000
vt 0.3978 0.9037 0.0000
vt 0.1185 0.9355 0.0000
vt 0.4904 0.9333 0.0000
vt 0.6404 0.2830 0.0000
vt 0.6459 0.3439 0.0000
vt 0.6189 0.3475 0.0000
vt 0.6144 0.2875 0.0000
vt 0.6533 0.3932 0.0000
vt 0.6302 0.3937 0.0000
vt 0.7501 0.8295 0.0000
vt 0.8023 0.8295 0.0000
vt 0.8030 0.8594 0.0000
vt 0.7514 0.8594 0.0000
vt 0.8637 0.8295 0.0000
vt 0.8637 0.8594 0.0000
vt 0.9250 0.8295 0.0000
vt 0.9243 0.8594 0.0000
vt 0.9773 0.8295 0.0000
vt 0.9759 0.8594 0.0000
vt 0.0748 0.3499 0.0000
vt 0.0922 0.3030 0.0000
vt 0.1197 0.3095 0.0000
vt 0.1005 0.3536 0.0000
vt 0.1091 0.2463 0.0000
vt 0.1358 0.2530 0.0000
vt 0.1239 0.1870 0.0000
vt 0.1495 0.1938 0.0000
vt 0.1404 0.1278 0.0000
vt 0.1464 0.1237 0.0000
vt 0.1686 0.1355 0.0000
vt 0.1956 0.0642 0.0000
vt 0.2499 0.0286 0.0000
vt 0.2616 0.0539 0.0000
vt 0.2126 0.0870 0.0000
vt 0.3173 0.0059 0.0000
vt 0.3232 0.0335 0.0000
vt 0.3899 0.0000 0.0000
vt 0.3903 0.0282 0.0000
vt 0.4622 0.0126 0.0000
vt 0.4570 0.0404 0.0000
vt 0.5284 0.0406 0.0000
vt 0.5174 0.0665 0.0000
vt 0.5834 0.0819 0.0000
vt 0.5660 0.1044 0.0000
vt 0.6386 0.1391 0.0000
vt 0.6331 0.1515 0.0000
vt 0.6072 0.1603 0.0000
vt 0.6368 0.2061 0.0000
vt 0.6115 0.2226 0.0000
vt 0.5910 0.3562 0.0000
vt 0.5876 0.2976 0.0000
vt 0.6069 0.4006 0.0000
vt 0.8053 0.8897 0.0000
vt 0.7562 0.8897 0.0000
vt 0.8637 0.8897 0.0000
vt 0.9221 0.8897 0.0000
vt 0.9711 0.8897 0.0000
vt 0.1468 0.3227 0.0000
vt 0.1238 0.3634 0.0000
vt 0.1612 0.2672 0.0000
vt 0.1745 0.2083 0.0000
vt 0.1943 0.1539 0.0000
vt 0.2333 0.1097 0.0000
vt 0.2743 0.0790 0.0000
vt 0.3293 0.0612 0.0000
vt 0.3905 0.0563 0.0000
vt 0.4511 0.0681 0.0000
vt 0.5048 0.0921 0.0000
vt 0.5447 0.1269 0.0000
vt 0.5776 0.1769 0.0000
vt 0.5861 0.2357 0.0000
vt 0.5633 0.3678 0.0000
vt 0.5596 0.3151 0.0000
vt 0.5845 0.4112 0.0000
vt 0.8089 0.9185 0.0000
vt 0.7610 0.9185 0.0000
vt 0.8637 0.9185 0.0000
vt 0.9184 0.9185 0.0000
vt 0.9663 0.9185 0.0000
vt 0.1729 0.3387 0.0000
vt 0.1439 0.3775 0.0000
vt 0.1864 0.2885 0.0000
vt 0.1989 0.2276 0.0000
vt 0.2186 0.1755 0.0000
vt 0.2492 0.1352 0.0000
vt 0.2864 0.1045 0.0000
vt 0.3364 0.0886 0.0000
vt 0.3905 0.0830 0.0000
vt 0.4426 0.0958 0.0000
vt 0.4910 0.1167 0.0000
vt 0.5252 0.1512 0.0000
vt 0.5495 0.1956 0.0000
vt 0.5591 0.2516 0.0000
vt 0.5310 0.3795 0.0000
vt 0.5295 0.3281 0.0000
vt 0.5586 0.4210 0.0000
vt 0.8140 0.9451 0.0000
vt 0.7691 0.9451 0.0000
vt 0.8637 0.9451 0.0000
vt 0.9134 0.9451 0.0000
vt 0.9582 0.9451 0.0000
vt 0.2034 0.3554 0.0000
vt 0.1677 0.3920 0.0000
vt 0.2167 0.3067 0.0000
vt 0.2265 0.2480 0.0000
vt 0.2445 0.1992 0.0000
vt 0.2687 0.1610 0.0000
vt 0.3023 0.1302 0.0000
vt 0.3442 0.1151 0.0000
vt 0.3885 0.1078 0.0000
vt 0.4317 0.1211 0.0000
vt 0.4722 0.1409 0.0000
vt 0.5018 0.1752 0.0000
vt 0.5215 0.2163 0.0000
vt 0.5301 0.2678 0.0000
vt 0.4959 0.3687 0.0000
vt 0.4992 0.3264 0.0000
vt 0.4970 0.4245 0.0000
vt 0.4708 0.4064 0.0000
vt 0.8202 0.9688 0.0000
vt 0.7810 0.9688 0.0000
vt 0.8637 0.9688 0.0000
vt 0.9071 0.9688 0.0000
vt 0.9463 0.9688 0.0000
vt 0.2291 0.4041 0.0000
vt 0.2404 0.3500 0.0000
vt 0.2591 0.3909 0.0000
vt 0.2446 0.3081 0.0000
vt 0.2517 0.2603 0.0000
vt 0.2658 0.2181 0.0000
vt 0.2871 0.1836 0.0000
vt 0.3160 0.1552 0.0000
vt 0.3495 0.1400 0.0000
vt 0.3869 0.1343 0.0000
vt 0.4235 0.1450 0.0000
vt 0.4550 0.1642 0.0000
vt 0.4798 0.1958 0.0000
vt 0.4925 0.2344 0.0000
vt 0.4991 0.2780 0.0000
vt 0.4691 0.3544 0.0000
vt 0.4774 0.3180 0.0000
vt 0.4468 0.3843 0.0000
vt 0.4155 0.4301 0.0000
vt 0.4077 0.4021 0.0000
vt 0.3615 0.4337 0.0000
vt 0.3642 0.4046 0.0000
vt 0.3098 0.4211 0.0000
vt 0.3220 0.3947 0.0000
vt 0.2864 0.3721 0.0000
vt 0.2696 0.3396 0.0000
vt 0.2679 0.3030 0.0000
vt 0.2729 0.2665 0.0000
vt 0.2834 0.2331 0.0000
vt 0.3012 0.2048 0.0000
vt 0.3264 0.1819 0.0000
vt 0.3547 0.1661 0.0000
vt 0.3851 0.1617 0.0000
vt 0.4148 0.1701 0.0000
vt 0.4408 0.1894 0.0000
vt 0.4623 0.2153 0.0000
vt 0.4753 0.2459 0.0000
vt 0.4794 0.2808 0.0000
vt 0.4436 0.3411 0.0000
vt 0.4531 0.3138 0.0000
vt 0.4253 0.3624 0.0000
vt 0.3982 0.3754 0.0000
vt 0.3667 0.3769 0.0000
vt 0.3361 0.3695 0.0000
vt 0.3114 0.3533 0.0000
vt 0.2973 0.3299 0.0000
vt 0.2929 0.3021 0.0000
vt 0.2966 0.2723 0.0000
vt 0.3040 0.2468 0.0000
vt 0.3176 0.2267 0.0000
vt 0.3370 0.2071 0.0000
vt 0.3595 0.1948 0.0000
vt 0.3831 0.1915 0.0000
vt 0.4059 0.1979 0.0000
vt 0.4264 0.2130 0.0000
vt 0.4425 0.2350 0.0000
vt 0.4526 0.2569 0.0000
vt 0.4552 0.2834 0.0000
vt 0.4195 0.3259 0.0000
vt 0.4271 0.3064 0.0000
vt 0.4065 0.3405 0.0000
vt 0.3891 0.3488 0.0000
vt 0.3691 0.3499 0.0000
vt 0.3500 0.3446 0.0000
vt 0.3342 0.3342 0.0000
vt 0.3241 0.3183 0.0000
vt 0.3203 0.2984 0.0000
vt 0.3221 0.2784 0.0000
vt 0.3268 0.2599 0.0000
vt 0.3360 0.2457 0.0000
vt 0.3490 0.2341 0.0000
vt 0.3645 0.2269 0.0000
vt 0.3806 0.2241 0.0000
vt 0.3961 0.2291 0.0000
vt 0.4103 0.2383 0.0000
vt 0.4212 0.2515 0.0000
vt 0.4278 0.2669 0.0000
vt 0.4291 0.2861 0.0000
vt 0.3962 0.3078 0.0000
vt 0.4005 0.2983 0.0000
vt 0.3897 0.3147 0.0000
vt 0.3815 0.3187 0.0000
vt 0.3724 0.3198 0.0000
vt 0.3637 0.3170 0.0000
vt 0.3563 0.3118 0.0000
vt 0.3510 0.3041 0.0000
vt 0.3484 0.2943 0.0000
vt 0.3488 0.2835 0.0000
vt 0.3512 0.2734 0.0000
vt 0.3560 0.2649 0.0000
vt 0.3625 0.2587 0.0000
vt 0.3701 0.2549 0.0000
vt 0.3782 0.2536 0.0000
vt 0.3860 0.2560 0.0000
vt 0.3929 0.2609 0.0000
vt 0.3983 0.2679 0.0000
vt 0.4015 0.2770 0.0000
vt 0.4021 0.2874 0.0000
vt 0.3756 0.2850 0.0000
vt 0.6458 0.5503 0.0000
vt 0.6465 0.5792 0.0000
vt 0.5957 0.5792 0.0000
vt 0.5944 0.5503 0.0000
vt 0.5554 0.5792 0.0000
vt 0.5535 0.5503 0.0000
vt 0.9787 0.0867 0.0000
vt 0.9783 0.1154 0.0000
vt 0.9311 0.1154 0.0000
vt 0.9318 0.0867 0.0000
vt 0.8751 0.1154 0.0000
vt 0.8751 0.0867 0.0000
vt 0.8191 0.1154 0.0000
vt 0.8184 0.0867 0.0000
vt 0.7719 0.1154 0.0000
vt 0.7715 0.0867 0.0000
vt 0.5338 0.6985 0.0000
vt 0.5628 0.7004 0.0000
vt 0.5628 0.7409 0.0000
vt 0.5338 0.7395 0.0000
vt 0.5628 0.7919 0.0000
vt 0.5338 0.7912 0.0000
vt 0.5628 0.8485 0.0000
vt 0.5338 0.8485 0.0000
vt 0.5628 0.9051 0.0000
vt 0.5338 0.9058 0.0000
vt 0.5628 0.9561 0.0000
vt 0.5338 0.9575 0.0000
vt 0.5628 0.9967 0.0000
vt 0.5338 0.9985 0.0000
vt 0.9719 0.4221 0.0000
vt 0.9433 0.4206 0.0000
vt 0.9433 0.3746 0.0000
vt 0.9719 0.3753 0.0000
vt 0.9433 0.3187 0.0000
vt 0.9719 0.3187 0.0000
vt 0.9433 0.2629 0.0000
vt 0.9719 0.2622 0.0000
vt 0.9433 0.2169 0.0000
vt 0.9719 0.2154 0.0000
vt 0.8521 0.5503 0.0000
vt 0.8502 0.5792 0.0000
vt 0.8099 0.5792 0.0000
vt 0.8113 0.5503 0.0000
vt 0.7591 0.5792 0.0000
vt 0.7598 0.5503 0.0000
vt 0.7028 0.5792 0.0000
vt 0.7128 0.5503 0.0000
vt 0.6471 0.6073 0.0000
vt 0.5974 0.6073 0.0000
vt 0.5580 0.6073 0.0000
vt 0.9740 0.1433 0.0000
vt 0.9290 0.1433 0.0000
vt 0.8751 0.1433 0.0000
vt 0.8212 0.1433 0.0000
vt 0.7763 0.1433 0.0000
vt 0.5911 0.7030 0.0000
vt 0.5911 0.7425 0.0000
vt 0.5911 0.7925 0.0000
vt 0.5911 0.8485 0.0000
vt 0.5911 0.9030 0.0000
vt 0.5911 0.9522 0.0000
vt 0.5911 0.9912 0.0000
vt 0.9154 0.4172 0.0000
vt 0.9154 0.3725 0.0000
vt 0.9154 0.3187 0.0000
vt 0.9154 0.2650 0.0000
vt 0.9154 0.2203 0.0000
vt 0.8448 0.6073 0.0000
vt 0.8060 0.6073 0.0000
vt 0.7570 0.6073 0.0000
vt 0.7028 0.6073 0.0000
vt 0.6440 0.6364 0.0000
vt 0.5975 0.6343 0.0000
vt 0.5606 0.6341 0.0000
vt 0.9694 0.1699 0.0000
vt 0.9256 0.1699 0.0000
vt 0.8751 0.1699 0.0000
vt 0.8246 0.1699 0.0000
vt 0.7808 0.1699 0.0000
vt 0.6180 0.7056 0.0000
vt 0.6182 0.7427 0.0000
vt 0.6203 0.7894 0.0000
vt 0.6203 0.8461 0.0000
vt 0.6203 0.8996 0.0000
vt 0.6203 0.9460 0.0000
vt 0.6191 0.9848 0.0000
vt 0.8877 0.4124 0.0000
vt 0.8873 0.3691 0.0000
vt 0.8886 0.3187 0.0000
vt 0.8873 0.2684 0.0000
vt 0.8877 0.2250 0.0000
vt 0.8384 0.6353 0.0000
vt 0.7999 0.6364 0.0000
vt 0.7536 0.6364 0.0000
vt 0.7004 0.6364 0.0000
vt 0.6442 0.6677 0.0000
vt 0.6026 0.6622 0.0000
vt 0.5696 0.6588 0.0000
vt 0.9623 0.1945 0.0000
vt 0.9210 0.1945 0.0000
vt 0.8751 0.1945 0.0000
vt 0.8293 0.1945 0.0000
vt 0.7879 0.1945 0.0000
vt 0.6428 0.7146 0.0000
vt 0.6462 0.7478 0.0000
vt 0.6517 0.7896 0.0000
vt 0.6517 0.8432 0.0000
vt 0.6517 0.8949 0.0000
vt 0.6531 0.9422 0.0000
vt 0.6509 0.9814 0.0000
vt 0.8564 0.4057 0.0000
vt 0.8594 0.3645 0.0000
vt 0.8622 0.3187 0.0000
vt 0.8594 0.2730 0.0000
vt 0.8564 0.2317 0.0000
vt 0.8350 0.6668 0.0000
vt 0.7961 0.6691 0.0000
vt 0.7489 0.6677 0.0000
vt 0.6976 0.6677 0.0000
vt 0.6500 0.6933 0.0000
vt 0.6136 0.6869 0.0000
vt 0.8582 0.6120 0.0000
vt 0.8666 0.6055 0.0000
vt 0.8809 0.6226 0.0000
vt 0.8743 0.6316 0.0000
vt 0.9513 0.2163 0.0000
vt 0.9152 0.2163 0.0000
vt 0.8751 0.2163 0.0000
vt 0.8350 0.2163 0.0000
vt 0.7989 0.2163 0.0000
vt 0.9784 0.6316 0.0000
vt 0.9719 0.6226 0.0000
vt 0.9862 0.6055 0.0000
vt 0.9945 0.6120 0.0000
vt 0.6710 0.7589 0.0000
vt 0.6774 0.7955 0.0000
vt 0.6774 0.8419 0.0000
vt 0.6774 0.8890 0.0000
vt 0.6807 0.9341 0.0000
vt 0.6780 0.9709 0.0000
vt 0.8297 0.3948 0.0000
vt 0.8357 0.3587 0.0000
vt 0.8370 0.3187 0.0000
vt 0.8357 0.2788 0.0000
vt 0.8297 0.2427 0.0000
vt 0.8247 0.6938 0.0000
vt 0.7880 0.6965 0.0000
vt 0.7431 0.6933 0.0000
vt 0.6962 0.6933 0.0000
vt 0.6601 0.7121 0.0000
vt 0.6266 0.7073 0.0000
vt 0.8747 0.5978 0.0000
vt 0.8885 0.6120 0.0000
vt 0.9065 0.6212 0.0000
vt 0.9024 0.6336 0.0000
vt 0.9264 0.6243 0.0000
vt 0.9264 0.6374 0.0000
vt 0.9462 0.6212 0.0000
vt 0.9503 0.6336 0.0000
vt 0.9642 0.6120 0.0000
vt 0.9780 0.5978 0.0000
vt 0.6916 0.7719 0.0000
vt 0.6963 0.8056 0.0000
vt 0.6973 0.8434 0.0000
vt 0.6964 0.8821 0.0000
vt 0.6970 0.9190 0.0000
vt 0.9873 0.5020 0.0000
vt 0.9782 0.5110 0.0000
vt 0.9642 0.4932 0.0000
vt 0.9719 0.4803 0.0000
vt 0.9462 0.4824 0.0000
vt 0.9503 0.4693 0.0000
vt 0.9264 0.4785 0.0000
vt 0.9264 0.4662 0.0000
vt 0.9065 0.4824 0.0000
vt 0.9024 0.4693 0.0000
vt 0.8885 0.4932 0.0000
vt 0.8809 0.4803 0.0000
vt 0.8745 0.5110 0.0000
vt 0.8654 0.5020 0.0000
vt 0.7729 0.7127 0.0000
vt 0.7363 0.7122 0.0000
vt 0.6978 0.7130 0.0000
vt 0.8666 0.5779 0.0000
vt 0.8791 0.5737 0.0000
vt 0.8861 0.5892 0.0000
vt 0.8971 0.6002 0.0000
vt 0.9110 0.6072 0.0000
vt 0.9264 0.6097 0.0000
vt 0.9417 0.6072 0.0000
vt 0.9556 0.6002 0.0000
vt 0.9666 0.5892 0.0000
vt 0.9736 0.5737 0.0000
vt 0.9861 0.5779 0.0000
vt 0.9761 0.5550 0.0000
vt 0.9887 0.5555 0.0000
vt 0.9736 0.5374 0.0000
vt 0.9860 0.5327 0.0000
vt 0.9666 0.5223 0.0000
vt 0.9556 0.5081 0.0000
vt 0.9417 0.4989 0.0000
vt 0.9264 0.4957 0.0000
vt 0.9110 0.4989 0.0000
vt 0.8971 0.5081 0.0000
vt 0.8861 0.5223 0.0000
vt 0.8791 0.5374 0.0000
vt 0.8667 0.5327 0.0000
vt 0.8767 0.5550 0.0000
vt 0.8640 0.5555 0.0000
vt 0.8942 0.5677 0.0000
vt 0.8990 0.5791 0.0000
vt 0.9065 0.5873 0.0000
vt 0.9159 0.5921 0.0000
vt 0.9264 0.5938 0.0000
vt 0.9368 0.5921 0.0000
vt 0.9462 0.5873 0.0000
vt 0.9537 0.5791 0.0000
vt 0.9585 0.5677 0.0000
vt 0.9602 0.5551 0.0000
vt 0.9585 0.5429 0.0000
vt 0.9537 0.5326 0.0000
vt 0.9462 0.5242 0.0000
vt 0.9368 0.5188 0.0000
vt 0.9264 0.5165 0.0000
vt 0.9159 0.5188 0.0000
vt 0.9065 0.5242 0.0000
vt 0.8990 0.5326 0.0000
vt 0.8942 0.5429 0.0000
vt 0.8925 0.5551 0.0000
vt 0.9101 0.5621 0.0000
vt 0.9125 0.5678 0.0000
vt 0.9163 0.5719 0.0000
vt 0.9211 0.5743 0.0000
vt 0.9264 0.5751 0.0000
vt 0.9316 0.5743 0.0000
vt 0.9364 0.5719 0.0000
vt 0.9402 0.5678 0.0000
vt 0.9426 0.5621 0.0000
vt 0.9435 0.5556 0.0000
vt 0.9426 0.5492 0.0000
vt 0.9402 0.5435 0.0000
vt 0.9364 0.5391 0.0000
vt 0.9316 0.5364 0.0000
vt 0.9264 0.5354 0.0000
vt 0.9211 0.5364 0.0000
vt 0.9163 0.5391 0.0000
vt 0.9125 0.5435 0.0000
vt 0.9101 0.5492 0.0000
vt 0.9092 0.5556 0.0000
vt 0.9264 0.5543 0.0000
vt 0.3590 0.5794 0.0000
vt 0.3218 0.5483 0.0000
vt 0.3285 0.5353 0.0000
vt 0.3667 0.5680 0.0000
vt 0.2675 0.5295 0.0000
vt 0.2709 0.5163 0.0000
vt 0.2056 0.5183 0.0000
vt 0.2076 0.5047 0.0000
vt 0.1429 0.5123 0.0000
vt 0.1434 0.4985 0.0000
vt 0.0853 0.5149 0.0000
vt 0.0827 0.5006 0.0000
vt 0.0405 0.5339 0.0000
vt 0.0367 0.5207 0.0000
vt 0.0079 0.5290 0.0000
vt 0.0033 0.5201 0.0000
vt 0.0064 0.5172 0.0000
vt 0.5933 0.5103 0.0000
vt 0.6452 0.5103 0.0000
vt 0.6756 0.2806 0.0000
vt 0.6815 0.3435 0.0000
vt 0.5521 0.5103 0.0000
vt 0.6856 0.3947 0.0000
vt 0.9323 0.0469 0.0000
vt 0.9800 0.0469 0.0000
vt 0.7489 0.7896 0.0000
vt 0.8018 0.7896 0.0000
vt 0.8751 0.0469 0.0000
vt 0.8637 0.7896 0.0000
vt 0.8179 0.0469 0.0000
vt 0.9256 0.7896 0.0000
vt 0.7703 0.0469 0.0000
vt 0.9785 0.7896 0.0000
vt 0.4936 0.7384 0.0000
vt 0.4936 0.6970 0.0000
vt 0.0380 0.3414 0.0000
vt 0.0556 0.2940 0.0000
vt 0.4936 0.7906 0.0000
vt 0.0727 0.2386 0.0000
vt 0.4936 0.8485 0.0000
vt 0.0866 0.1819 0.0000
vt 0.4936 0.9064 0.0000
vt 0.5103 0.9586 0.0000
vt 0.5103 1.0000 0.0000
vt 0.9951 0.3758 0.0000
vt 0.9951 0.4233 0.0000
vt 0.9951 0.3187 0.0000
vt 0.9951 0.2616 0.0000
vt 0.9951 0.2141 0.0000
vt 0.8123 0.5269 0.0000
vt 0.8536 0.5269 0.0000
vt 0.7988 0.5103 0.0000
vt 0.7243 0.5103 0.0000
vt 0.6386 0.1560 0.0000
vt 0.6442 0.1512 0.0000
vt 0.6876 0.1239 0.0000
vt 0.6918 0.1250 0.0000
vt 0.6757 0.2109 0.0000
vt 0.1427 0.1106 0.0000
vt 0.1389 0.1213 0.0000
vt 0.0750 0.0635 0.0000
vt 0.0763 0.0573 0.0000
vt 0.3873 0.5273 0.0000
vt 0.3857 0.5333 0.0000
vt 0.3537 0.4953 0.0000
vt 0.3584 0.4937 0.0000
vt 0.3205 0.4526 0.0000
vt 0.3240 0.4499 0.0000
vt 0.2732 0.4226 0.0000
vt 0.2754 0.4193 0.0000
vt 0.2213 0.4065 0.0000
vt 0.2219 0.4026 0.0000
vt 0.1671 0.4077 0.0000
vt 0.1658 0.4037 0.0000
vt 0.1135 0.4234 0.0000
vt 0.1107 0.4198 0.0000
vt 0.0698 0.4549 0.0000
vt 0.0655 0.4521 0.0000
vt 0.0282 0.4823 0.0000
vt 0.0284 0.4759 0.0000
vt 0.7006 0.0708 0.0000
vt 0.7032 0.0767 0.0000
vt 0.1798 0.8350 0.0000
vt 0.2271 0.8591 0.0000
vt 0.1494 0.8545 0.0000
vt 0.1053 0.8354 0.0000
vt 0.1354 0.8059 0.0000
vt 0.0487 0.8075 0.0000
vt 0.1069 0.7531 0.0000
vt 0.0124 0.7532 0.0000
vt 0.0971 0.6911 0.0000
vt 0.0000 0.6911 0.0000
vt 0.1069 0.6291 0.0000
vt 0.0127 0.6289 0.0000
vt 0.1354 0.5763 0.0000
vt 0.0490 0.5747 0.0000
vt 0.1798 0.5471 0.0000
vt 0.1054 0.5467 0.0000
vt 0.1494 0.5278 0.0000
vt 0.2271 0.5231 0.0000
vt 0.5914 0.4631 0.0000
vt 0.6441 0.4631 0.0000
vt 0.7169 0.2905 0.0000
vt 0.7268 0.3490 0.0000
vt 0.5494 0.4631 0.0000
vt 0.9335 0.0000 0.0000
vt 0.9824 0.0000 0.0000
vt 0.8751 0.0000 0.0000
vt 0.8167 0.0031 0.0000
vt 0.7678 0.0072 0.0000
vt 0.4544 0.7366 0.0000
vt 0.4535 0.6944 0.0000
vt 0.4625 0.7910 0.0000
vt 0.4734 0.8485 0.0000
vt 0.4857 0.8729 0.0000
vt 0.7243 0.4631 0.0000
vt 0.7860 0.4631 0.0000
vt 0.7184 0.2230 0.0000
vt 0.5899 0.4365 0.0000
vt 0.6039 0.4133 0.0000
vt 0.6429 0.3935 0.0000
vt 0.5577 0.4546 0.0000
vt 0.5762 0.4336 0.0000
vt 0.7067 0.3955 0.0000
vt 0.7449 0.4114 0.0000
vt 0.7716 0.4393 0.0000
vt 0.4105 0.6094 0.0000
vt 0.4147 0.6079 0.0000
vt 0.4279 0.6385 0.0000
vt 0.4239 0.6405 0.0000
vt 0.3805 0.5368 0.0000
vt 0.3844 0.5345 0.0000
vt 0.3530 0.5017 0.0000
vt 0.3191 0.4589 0.0000
vt 0.3198 0.4535 0.0000
vt 0.2717 0.4294 0.0000
vt 0.2723 0.4246 0.0000
vt 0.2204 0.4134 0.0000
vt 0.2210 0.4090 0.0000
vt 0.1668 0.4145 0.0000
vt 0.1674 0.4099 0.0000
vt 0.1131 0.4298 0.0000
vt 0.1140 0.4244 0.0000
vt 0.0686 0.4613 0.0000
vt 0.0698 0.4550 0.0000
vt 0.0323 0.4870 0.0000
vt 0.0292 0.4837 0.0000
vt 0.6974 0.1221 0.0000
vt 0.7362 0.1518 0.0000
vt 0.7336 0.1550 0.0000
vt 0.0000 0.5204 0.0000
vt 0.7493 0.7422 0.0000
vt 0.7452 0.7468 0.0000
vt 0.7459 0.7357 0.0000
vt 0.7506 0.7337 0.0000
vt 0.8017 0.7422 0.0000
vt 0.8007 0.7458 0.0000
vt 0.8637 0.7422 0.0000
vt 0.8637 0.7458 0.0000
vt 0.9257 0.7454 0.0000
vt 0.9267 0.7490 0.0000
vt 0.9786 0.7495 0.0000
vt 0.9807 0.7531 0.0000
vt 0.0038 0.3294 0.0000
vt 0.0000 0.3268 0.0000
vt 0.0191 0.2815 0.0000
vt 0.0231 0.2837 0.0000
vt 0.0431 0.2303 0.0000
vt 0.0474 0.2316 0.0000
vt 0.0663 0.1793 0.0000
vt 0.0709 0.1799 0.0000
vt 0.0850 0.1554 0.0000
vt 0.0897 0.1565 0.0000
vt 0.7550 0.1710 0.0000
vt 0.7507 0.1727 0.0000
vt 0.7853 0.2955 0.0000
vt 0.7809 0.2956 0.0000
vt 0.7790 0.2369 0.0000
vt 0.7836 0.2379 0.0000
vt 0.7764 0.3386 0.0000
vt 0.7710 0.3424 0.0000
vt 0.7672 0.3701 0.0000
vt 0.7617 0.3680 0.0000
vt 0.7369 0.7130 0.0000
vt 0.7417 0.7123 0.0000
vt 0.7750 0.2010 0.0000
vt 0.7703 0.2008 0.0000
vt 0.7961 0.2941 0.0000
vt 0.7870 0.3361 0.0000
vt 0.7756 0.3638 0.0000
vt 0.7950 0.3734 0.0000
vt 0.7965 0.3848 0.0000
vt 0.2252 0.8947 0.0000
vt 0.2777 0.9037 0.0000
vt 0.2780 0.9143 0.0000
vt 0.2217 0.9043 0.0000
vt 0.3331 0.8937 0.0000
vt 0.3366 0.9037 0.0000
vt 0.3829 0.8671 0.0000
vt 0.3894 0.8756 0.0000
vt 0.4188 0.8276 0.0000
vt 0.4282 0.8336 0.0000
vt 0.4308 0.7814 0.0000
vt 0.4410 0.7845 0.0000
vt 0.4389 0.7243 0.0000
vt 0.4495 0.7241 0.0000
vt 0.4306 0.6690 0.0000
vt 0.4405 0.6657 0.0000
vt 0.4149 0.6468 0.0000
vt 0.4026 0.6169 0.0000
vt 0.7860 0.2021 0.0000
vt 0.7946 0.2379 0.0000
vt 0.1084 0.1292 0.0000
vt 0.0736 0.0645 0.0000
vt 0.7049 0.0773 0.0000
vt 0.7237 0.3954 0.0000
vt 0.7083 0.1180 0.0000
vt 0.7466 0.1488 0.0000
vt 0.7565 0.3558 0.0000
vt 0.5411 0.4639 0.0000
vt 0.5485 0.4555 0.0000
vt 0.7359 0.3912 0.0000
vt 0.7661 0.1699 0.0000
vt 0.6941 0.1185 0.0000
vt 0.6934 0.1228 0.0000
# 860 texture coords

o baseball_Helmet
g baseball_Helmet
usemtl initialShadingGroup
s 1
f 22/142/1 21/124/2 1/144/3 
f 1/144/4 2/162/5 22/142/6 
f 23/141/7 22/142/8 2/162/9 
f 2/162/10 3/161/11 23/141/12 
f 24/140/13 23/141/14 3/161/15 
f 3/161/16 4/160/17 24/140/18 
f 25/139/19 24/140/20 4/160/21 
f 4/160/22 5/159/23 25/139/24 
f 26/138/25 25/139/26 5/159/27 
f 5/159/28 6/158/29 26/138/30 
f 27/164/31 26/138/32 6/158/33 
f 6/158/34 7/157/35 27/164/36 
f 28/136/37 27/137/38 7/163/39 
f 7/163/40 8/156/41 28/136/42 
f 29/135/43 28/136/44 8/156/45 
f 8/156/46 9/155/47 29/135/48 
f 30/134/49 29/135/50 9/155/51 
f 9/155/52 10/154/53 30/134/54 
f 31/133/55 30/134/56 10/154/57 
f 10/154/58 11/153/59 31/133/60 
f 32/132/61 31/133/62 11/153/63 
f 11/153/64 12/152/65 32/132/66 
f 33/131/67 32/132/68 12/152/69 
f 12/152/70 13/151/71 33/131/72 
f 34/130/73 33/131/74 13/151/75 
f 13/151/76 14/150/77 34/130/78 
f 35/129/79 34/130/80 14/150/81 
f 14/150/82 15/149/83 35/129/84 
f 36/128/85 35/129/86 15/149/87 
f 15/149/88 16/148/89 36/128/90 
f 37/127/91 36/128/92 16/148/93 
f 16/148/94 17/147/95 37/127/96 
f 38/126/97 37/127/98 17/147/99 
f 17/147/100 18/146/101 38/126/102 
f 39/125/103 38/126/104 18/146/105 
f 18/146/106 19/145/107 39/125/108 
f 40/123/109 39/125/110 19/145/111 
f 19/145/112 20/143/113 40/123/114 
f 21/124/115 40/123/116 20/143/117 
f 20/143/118 1/144/119 21/124/120 
f 2/2/121 1/1/122 41/41/123 
f 3/5/124 2/2/125 41/41/126 
f 4/7/127 3/5/128 41/41/129 
f 5/9/130 4/7/131 41/41/132 
f 6/11/133 5/9/134 41/41/135 
f 7/13/136 6/11/137 41/41/138 
f 8/15/139 7/13/140 41/41/141 
f 9/17/142 8/15/143 41/41/144 
f 10/19/145 9/17/146 41/41/147 
f 11/21/148 10/19/149 41/41/150 
f 12/23/151 11/21/152 41/41/153 
f 13/25/154 12/23/155 41/41/156 
f 14/27/157 13/25/158 41/41/159 
f 15/29/160 14/27/161 41/41/162 
f 16/31/163 15/29/164 41/41/165 
f 17/33/166 16/31/167 41/41/168 
f 18/35/169 17/33/170 41/41/171 
f 19/37/172 18/35/173 41/41/174 
f 20/39/175 19/37/176 41/41/177 
f 1/1/178 20/39/179 41/41/180 
f 62/42/181 63/43/182 64/44/183 
f 63/43/184 65/45/185 64/44/186 
f 65/45/187 66/46/188 64/44/189 
f 66/46/190 67/47/191 64/44/192 
f 67/47/193 68/48/194 64/44/195 
f 68/48/196 69/49/197 64/44/198 
f 69/49/199 70/50/200 64/44/201 
f 70/50/202 71/51/203 64/44/204 
f 71/51/205 72/52/206 64/44/207 
f 72/52/208 73/53/209 64/44/210 
f 73/53/211 74/54/212 64/44/213 
f 74/54/214 75/55/215 64/44/216 
f 75/55/217 76/56/218 64/44/219 
f 76/56/220 77/57/221 64/44/222 
f 77/57/223 78/58/224 64/44/225 
f 78/58/226 79/59/227 64/44/228 
f 79/59/229 80/60/230 64/44/231 
f 80/60/232 81/61/233 64/44/234 
f 81/61/235 82/62/236 64/44/237 
f 82/62/238 62/42/239 64/44/240 
f 43/63/241 42/64/242 21/4/243 
f 21/4/244 22/3/245 43/63/246 
f 44/65/247 43/63/248 22/3/249 
f 22/3/250 23/6/251 44/65/252 
f 45/66/253 44/65/254 23/6/255 
f 23/6/256 24/8/257 45/66/258 
f 46/67/259 45/66/260 24/8/261 
f 24/8/262 25/10/263 46/67/264 
f 47/68/265 46/67/266 25/10/267 
f 25/10/268 26/12/269 47/68/270 
f 48/69/271 47/68/272 26/12/273 
f 26/12/274 27/14/275 48/69/276 
f 49/70/277 48/69/278 27/14/279 
f 27/14/280 28/16/281 49/70/282 
f 50/71/283 49/70/284 28/16/285 
f 28/16/286 29/18/287 50/71/288 
f 51/72/289 50/71/290 29/18/291 
f 29/18/292 30/20/293 51/72/294 
f 52/73/295 51/72/296 30/20/297 
f 30/20/298 31/22/299 52/73/300 
f 53/74/301 52/73/302 31/22/303 
f 31/22/304 32/24/305 53/74/306 
f 54/75/307 53/74/308 32/24/309 
f 32/24/310 33/26/311 54/75/312 
f 55/76/313 54/75/314 33/26/315 
f 33/26/316 34/28/317 55/76/318 
f 56/77/319 55/76/320 34/28/321 
f 34/28/322 35/30/323 56/77/324 
f 57/78/325 56/77/326 35/30/327 
f 35/30/328 36/32/329 57/78/330 
f 58/79/331 57/78/332 36/32/333 
f 36/32/334 37/34/335 58/79/336 
f 59/80/337 58/79/338 37/34/339 
f 37/34/340 38/36/341 59/80/342 
f 60/81/343 59/80/344 38/36/345 
f 38/36/346 39/38/347 60/81/348 
f 61/82/349 60/81/350 39/38/351 
f 39/38/352 40/40/353 61/82/354 
f 42/64/355 61/82/356 40/40/357 
f 40/40/358 21/4/359 42/64/360 
f 85/85/361 86/86/362 83/83/363 
f 83/83/364 84/84/365 85/85/366 
f 88/88/367 85/85/368 84/84/369 
f 84/84/370 87/87/371 88/88/372 
f 90/90/373 88/88/374 87/87/375 
f 87/87/376 89/89/377 90/90/378 
f 92/92/379 90/90/380 89/89/381 
f 89/89/382 91/91/383 92/92/384 
f 94/94/385 92/92/386 91/91/387 
f 91/91/388 93/93/389 94/94/390 
f 96/96/391 94/94/392 93/93/393 
f 93/93/394 95/95/395 96/96/396 
f 98/98/397 96/96/398 95/95/399 
f 95/95/400 97/97/401 98/98/402 
f 100/100/403 98/98/404 97/97/405 
f 97/97/406 99/99/407 100/100/408 
f 102/102/409 100/100/410 99/99/411 
f 99/99/412 101/101/413 102/102/414 
f 104/104/415 102/102/416 101/101/417 
f 101/101/418 103/103/419 104/104/420 
f 106/106/421 104/104/422 103/103/423 
f 103/103/424 105/105/425 106/106/426 
f 108/108/427 106/106/428 105/105/429 
f 105/105/430 107/107/431 108/108/432 
f 110/110/433 108/108/434 107/107/435 
f 107/107/436 109/109/437 110/110/438 
f 112/112/439 110/110/440 109/109/441 
f 109/109/442 111/111/443 112/112/444 
f 114/114/445 112/112/446 111/111/447 
f 111/111/448 113/113/449 114/114/450 
f 116/116/451 114/114/452 113/113/453 
f 113/113/454 115/115/455 116/116/456 
f 118/118/457 116/116/458 115/115/459 
f 115/115/460 117/117/461 118/118/462 
f 120/120/463 118/118/464 117/117/465 
f 117/117/466 119/119/467 120/120/468 
f 122/122/469 120/120/470 119/119/471 
f 119/119/472 121/121/473 122/122/474 
f 86/86/475 122/122/476 121/121/477 
f 121/121/478 83/83/479 86/86/480 
f 84/84/481 83/83/482 42/64/483 
f 42/64/484 43/63/485 84/84/486 
f 86/86/487 85/85/488 63/43/489 
f 63/43/490 62/42/491 86/86/492 
f 87/87/493 84/84/494 43/63/495 
f 43/63/496 44/65/497 87/87/498 
f 85/85/499 88/88/500 65/45/501 
f 65/45/502 63/43/503 85/85/504 
f 89/89/505 87/87/506 44/65/507 
f 44/65/508 45/66/509 89/89/510 
f 88/88/511 90/90/512 66/46/513 
f 66/46/514 65/45/515 88/88/516 
f 91/91/517 89/89/518 45/66/519 
f 45/66/520 46/67/521 91/91/522 
f 90/90/523 92/92/524 67/47/525 
f 67/47/526 66/46/527 90/90/528 
f 93/93/529 91/91/530 46/67/531 
f 46/67/532 47/68/533 93/93/534 
f 92/92/535 94/94/536 68/48/537 
f 68/48/538 67/47/539 92/92/540 
f 95/95/541 93/93/542 47/68/543 
f 47/68/544 48/69/545 95/95/546 
f 94/94/547 96/96/548 69/49/549 
f 69/49/550 68/48/551 94/94/552 
f 97/97/553 95/95/554 48/69/555 
f 48/69/556 49/70/557 97/97/558 
f 96/96/559 98/98/560 70/50/561 
f 70/50/562 69/49/563 96/96/564 
f 99/99/565 97/97/566 49/70/567 
f 49/70/568 50/71/569 99/99/570 
f 98/98/571 100/100/572 71/51/573 
f 71/51/574 70/50/575 98/98/576 
f 101/101/577 99/99/578 50/71/579 
f 50/71/580 51/72/581 101/101/582 
f 100/100/583 102/102/584 72/52/585 
f 72/52/586 71/51/587 100/100/588 
f 103/103/589 101/101/590 51/72/591 
f 51/72/592 52/73/593 103/103/594 
f 102/102/595 104/104/596 73/53/597 
f 73/53/598 72/52/599 102/102/600 
f 105/105/601 103/103/602 52/73/603 
f 52/73/604 53/74/605 105/105/606 
f 104/104/607 106/106/608 74/54/609 
f 74/54/610 73/53/611 104/104/612 
f 107/107/613 105/105/614 53/74/615 
f 53/74/616 54/75/617 107/107/618 
f 106/106/619 108/108/620 75/55/621 
f 75/55/622 74/54/623 106/106/624 
f 109/109/625 107/107/626 54/75/627 
f 54/75/628 55/76/629 109/109/630 
f 108/108/631 110/110/632 76/56/633 
f 76/56/634 75/55/635 108/108/636 
f 111/111/637 109/109/638 55/76/639 
f 55/76/640 56/77/641 111/111/642 
f 110/110/643 112/112/644 77/57/645 
f 77/57/646 76/56/647 110/110/648 
f 113/113/649 111/111/650 56/77/651 
f 56/77/652 57/78/653 113/113/654 
f 112/112/655 114/114/656 78/58/657 
f 78/58/658 77/57/659 112/112/660 
f 115/115/661 113/113/662 57/78/663 
f 57/78/664 58/79/665 115/115/666 
f 114/114/667 116/116/668 79/59/669 
f 79/59/670 78/58/671 114/114/672 
f 117/117/673 115/115/674 58/79/675 
f 58/79/676 59/80/677 117/117/678 
f 116/116/679 118/118/680 80/60/681 
f 80/60/682 79/59/683 116/116/684 
f 119/119/685 117/117/686 59/80/687 
f 59/80/688 60/81/689 119/119/690 
f 118/118/691 120/120/692 81/61/693 
f 81/61/694 80/60/695 118/118/696 
f 121/121/697 119/119/698 60/81/699 
f 60/81/700 61/82/701 121/121/702 
f 120/120/703 122/122/704 82/62/705 
f 82/62/706 81/61/707 120/120/708 
f 83/83/709 121/121/710 61/82/711 
f 61/82/712 42/64/713 83/83/714 
f 122/122/715 86/86/716 62/42/717 
f 62/42/718 82/62/719 122/122/720 
f 326/167/721 327/168/722 324/165/723 
f 324/165/724 325/166/725 326/167/726 
f 329/170/727 326/167/728 325/166/729 
f 325/166/730 328/169/731 329/170/732 
f 331/173/733 329/174/734 328/171/735 
f 328/171/736 330/172/737 331/173/738 
f 333/176/739 331/173/740 330/172/741 
f 330/172/742 332/175/743 333/176/744 
f 335/178/745 333/176/746 332/175/747 
f 332/175/748 334/177/749 335/178/750 
f 337/180/751 335/178/752 334/177/753 
f 334/177/754 336/179/755 337/180/756 
f 339/183/757 337/184/758 336/181/759 
f 336/181/760 338/182/761 339/183/762 
f 341/186/763 339/183/764 338/182/765 
f 338/182/766 340/185/767 341/186/768 
f 343/188/769 341/186/770 340/185/771 
f 340/185/772 342/187/773 343/188/774 
f 342/187/775 563/189/776 562/190/777 
f 342/187/778 562/190/779 344/191/780 
f 342/187/781 344/191/782 343/188/783 
f 348/194/784 346/195/785 345/192/786 
f 345/192/787 347/193/788 348/194/789 
f 350/197/790 348/194/791 347/193/792 
f 347/193/793 349/196/794 350/197/795 
f 352/199/796 350/197/797 349/196/798 
f 349/196/799 351/198/800 352/199/801 
f 354/201/802 352/199/803 351/198/804 
f 351/198/805 353/200/806 354/201/807 
f 356/203/808 354/201/809 353/200/810 
f 353/200/811 355/202/812 356/203/813 
f 358/205/814 356/203/815 355/202/816 
f 355/202/817 357/204/818 358/205/819 
f 357/204/820 584/206/821 583/207/822 
f 357/204/823 583/207/824 359/208/825 
f 357/204/826 359/208/827 358/205/828 
f 327/168/829 361/210/830 360/209/831 
f 360/209/832 324/165/833 327/168/834 
f 362/211/835 363/212/836 327/168/837 
f 327/168/838 326/167/839 362/211/840 
f 364/213/841 362/211/842 326/167/843 
f 326/167/844 329/170/845 364/213/846 
f 365/214/847 364/215/848 329/174/849 
f 329/174/850 331/173/851 365/214/852 
f 366/216/853 365/214/854 331/173/855 
f 331/173/856 333/176/857 366/216/858 
f 367/217/859 366/216/860 333/176/861 
f 333/176/862 335/178/863 367/217/864 
f 368/218/865 367/217/866 335/178/867 
f 335/178/868 337/180/869 368/218/870 
f 369/219/871 368/220/872 337/184/873 
f 337/184/874 339/183/875 369/219/876 
f 370/221/877 369/219/878 339/183/879 
f 339/183/880 341/186/881 370/221/882 
f 371/222/883 370/221/884 341/186/885 
f 341/186/886 343/188/887 371/222/888 
f 372/223/889 371/222/890 343/188/891 
f 343/188/892 344/191/893 372/223/894 
f 373/224/895 372/223/896 344/191/897 
f 344/191/898 346/195/899 373/224/900 
f 374/225/901 373/224/902 346/195/903 
f 346/195/904 348/194/905 374/225/906 
f 375/226/907 374/225/908 348/194/909 
f 348/194/910 350/197/911 375/226/912 
f 376/227/913 375/226/914 350/197/915 
f 350/197/916 352/199/917 376/227/918 
f 377/228/919 376/227/920 352/199/921 
f 352/199/922 354/201/923 377/228/924 
f 378/229/925 377/228/926 354/201/927 
f 354/201/928 356/203/929 378/229/930 
f 379/230/931 378/229/932 356/203/933 
f 356/203/934 358/205/935 379/230/936 
f 380/231/937 379/230/938 358/205/939 
f 358/205/940 359/208/941 380/231/942 
f 381/232/943 380/231/944 359/208/945 
f 359/208/946 361/210/947 381/232/948 
f 363/212/949 381/232/950 361/210/951 
f 361/210/952 327/168/953 363/212/954 
f 382/233/955 383/234/956 363/212/957 
f 363/212/958 362/211/959 382/233/960 
f 384/235/961 382/233/962 362/211/963 
f 362/211/964 364/213/965 384/235/966 
f 385/236/967 384/237/968 364/215/969 
f 364/215/970 365/214/971 385/236/972 
f 386/238/973 385/236/974 365/214/975 
f 365/214/976 366/216/977 386/238/978 
f 387/239/979 386/238/980 366/216/981 
f 366/216/982 367/217/983 387/239/984 
f 388/240/985 387/239/986 367/217/987 
f 367/217/988 368/218/989 388/240/990 
f 389/241/991 388/242/992 368/220/993 
f 368/220/994 369/219/995 389/241/996 
f 390/243/997 389/241/998 369/219/999 
f 369/219/1000 370/221/1001 390/243/1002 
f 391/244/1003 390/243/1004 370/221/1005 
f 370/221/1006 371/222/1007 391/244/1008 
f 392/245/1009 391/244/1010 371/222/1011 
f 371/222/1012 372/223/1013 392/245/1014 
f 393/246/1015 392/245/1016 372/223/1017 
f 372/223/1018 373/224/1019 393/246/1020 
f 394/247/1021 393/246/1022 373/224/1023 
f 373/224/1024 374/225/1025 394/247/1026 
f 395/248/1027 394/247/1028 374/225/1029 
f 374/225/1030 375/226/1031 395/248/1032 
f 396/249/1033 395/248/1034 375/226/1035 
f 375/226/1036 376/227/1037 396/249/1038 
f 397/250/1039 396/249/1040 376/227/1041 
f 376/227/1042 377/228/1043 397/250/1044 
f 398/251/1045 397/250/1046 377/228/1047 
f 377/228/1048 378/229/1049 398/251/1050 
f 399/252/1051 398/251/1052 378/229/1053 
f 378/229/1054 379/230/1055 399/252/1056 
f 400/253/1057 399/252/1058 379/230/1059 
f 379/230/1060 380/231/1061 400/253/1062 
f 401/254/1063 400/253/1064 380/231/1065 
f 380/231/1066 381/232/1067 401/254/1068 
f 383/234/1069 401/254/1070 381/232/1071 
f 381/232/1072 363/212/1073 383/234/1074 
f 402/255/1075 403/256/1076 383/234/1077 
f 383/234/1078 382/233/1079 402/255/1080 
f 404/257/1081 402/255/1082 382/233/1083 
f 382/233/1084 384/235/1085 404/257/1086 
f 405/258/1087 404/259/1088 384/237/1089 
f 384/237/1090 385/236/1091 405/258/1092 
f 406/260/1093 405/258/1094 385/236/1095 
f 385/236/1096 386/238/1097 406/260/1098 
f 407/261/1099 406/260/1100 386/238/1101 
f 386/238/1102 387/239/1103 407/261/1104 
f 408/262/1105 407/261/1106 387/239/1107 
f 387/239/1108 388/240/1109 408/262/1110 
f 409/263/1111 408/264/1112 388/242/1113 
f 388/242/1114 389/241/1115 409/263/1116 
f 410/265/1117 409/263/1118 389/241/1119 
f 389/241/1120 390/243/1121 410/265/1122 
f 411/266/1123 410/265/1124 390/243/1125 
f 390/243/1126 391/244/1127 411/266/1128 
f 412/267/1129 411/266/1130 391/244/1131 
f 391/244/1132 392/245/1133 412/267/1134 
f 413/268/1135 412/267/1136 392/245/1137 
f 392/245/1138 393/246/1139 413/268/1140 
f 414/269/1141 413/268/1142 393/246/1143 
f 393/246/1144 394/247/1145 414/269/1146 
f 415/270/1147 414/269/1148 394/247/1149 
f 394/247/1150 395/248/1151 415/270/1152 
f 416/271/1153 415/270/1154 395/248/1155 
f 395/248/1156 396/249/1157 416/271/1158 
f 417/272/1159 416/271/1160 396/249/1161 
f 396/249/1162 397/250/1163 417/272/1164 
f 418/273/1165 417/272/1166 397/250/1167 
f 397/250/1168 398/251/1169 418/273/1170 
f 419/274/1171 418/273/1172 398/251/1173 
f 398/251/1174 399/252/1175 419/274/1176 
f 420/275/1177 419/274/1178 399/252/1179 
f 399/252/1180 400/253/1181 420/275/1182 
f 421/276/1183 420/275/1184 400/253/1185 
f 400/253/1186 401/254/1187 421/276/1188 
f 403/256/1189 421/276/1190 401/254/1191 
f 401/254/1192 383/234/1193 403/256/1194 
f 422/277/1195 423/278/1196 403/256/1197 
f 403/256/1198 402/255/1199 422/277/1200 
f 424/280/1201 422/277/1202 402/255/1203 
f 402/255/1204 404/279/1205 424/280/1206 
f 425/281/1207 424/282/1208 404/259/1209 
f 404/259/1210 405/258/1211 425/281/1212 
f 426/283/1213 425/281/1214 405/258/1215 
f 405/258/1216 406/260/1217 426/283/1218 
f 427/284/1219 426/283/1220 406/260/1221 
f 406/260/1222 407/261/1223 427/284/1224 
f 428/285/1225 427/284/1226 407/261/1227 
f 407/261/1228 408/262/1229 428/285/1230 
f 429/287/1231 428/288/1232 408/286/1233 
f 408/286/1234 409/263/1235 429/287/1236 
f 430/289/1237 429/287/1238 409/263/1239 
f 409/263/1240 410/265/1241 430/289/1242 
f 431/290/1243 430/289/1244 410/265/1245 
f 410/265/1246 411/266/1247 431/290/1248 
f 432/291/1249 431/290/1250 411/266/1251 
f 411/266/1252 412/267/1253 432/291/1254 
f 433/292/1255 432/291/1256 412/267/1257 
f 412/267/1258 413/268/1259 433/292/1260 
f 434/293/1261 433/292/1262 413/268/1263 
f 413/268/1264 414/269/1265 434/293/1266 
f 435/294/1267 434/293/1268 414/269/1269 
f 414/269/1270 415/270/1271 435/294/1272 
f 436/295/1273 435/294/1274 415/270/1275 
f 415/270/1276 416/271/1277 436/295/1278 
f 437/296/1279 436/295/1280 416/271/1281 
f 416/271/1282 417/272/1283 437/296/1284 
f 438/297/1285 437/296/1286 417/272/1287 
f 417/272/1288 418/273/1289 438/297/1290 
f 439/298/1291 438/297/1292 418/273/1293 
f 418/273/1294 419/274/1295 439/298/1296 
f 440/299/1297 439/298/1298 419/274/1299 
f 419/274/1300 420/275/1301 440/299/1302 
f 441/300/1303 440/299/1304 420/275/1305 
f 420/275/1306 421/276/1307 441/300/1308 
f 423/278/1309 441/300/1310 421/276/1311 
f 421/276/1312 403/256/1313 423/278/1314 
f 442/301/1315 443/302/1316 423/278/1317 
f 423/278/1318 422/277/1319 442/301/1320 
f 444/303/1321 442/301/1322 422/277/1323 
f 422/277/1324 424/280/1325 444/303/1326 
f 445/305/1327 444/303/1328 424/280/1329 
f 424/280/1330 425/304/1331 445/305/1332 
f 446/307/1333 445/305/1334 425/304/1335 
f 425/304/1336 426/306/1337 446/307/1338 
f 447/309/1339 446/307/1340 426/306/1341 
f 426/306/1342 427/308/1343 447/309/1344 
f 448/310/1345 447/309/1346 427/308/1347 
f 427/308/1348 428/288/1349 448/310/1350 
f 449/311/1351 448/310/1352 428/288/1353 
f 428/288/1354 429/287/1355 449/311/1356 
f 450/312/1357 449/311/1358 429/287/1359 
f 429/287/1360 430/289/1361 450/312/1362 
f 451/313/1363 450/312/1364 430/289/1365 
f 430/289/1366 431/290/1367 451/313/1368 
f 452/314/1369 451/313/1370 431/290/1371 
f 431/290/1372 432/291/1373 452/314/1374 
f 453/315/1375 452/314/1376 432/291/1377 
f 432/291/1378 433/292/1379 453/315/1380 
f 454/316/1381 453/315/1382 433/292/1383 
f 433/292/1384 434/293/1385 454/316/1386 
f 455/317/1387 454/316/1388 434/293/1389 
f 434/293/1390 435/294/1391 455/317/1392 
f 456/318/1393 455/317/1394 435/294/1395 
f 435/294/1396 436/295/1397 456/318/1398 
f 457/319/1399 456/318/1400 436/295/1401 
f 436/295/1402 437/296/1403 457/319/1404 
f 458/320/1405 457/319/1406 437/296/1407 
f 437/296/1408 438/297/1409 458/320/1410 
f 459/321/1411 458/320/1412 438/297/1413 
f 438/297/1414 439/298/1415 459/321/1416 
f 460/322/1417 459/321/1418 439/298/1419 
f 439/298/1420 440/299/1421 460/322/1422 
f 461/323/1423 460/322/1424 440/299/1425 
f 440/299/1426 441/300/1427 461/323/1428 
f 443/302/1429 461/323/1430 441/300/1431 
f 441/300/1432 423/278/1433 443/302/1434 
f 462/324/1435 463/325/1436 443/302/1437 
f 443/302/1438 442/301/1439 462/324/1440 
f 464/326/1441 462/324/1442 442/301/1443 
f 442/301/1444 444/303/1445 464/326/1446 
f 465/327/1447 464/326/1448 444/303/1449 
f 444/303/1450 445/305/1451 465/327/1452 
f 466/328/1453 465/327/1454 445/305/1455 
f 445/305/1456 446/307/1457 466/328/1458 
f 467/329/1459 466/328/1460 446/307/1461 
f 446/307/1462 447/309/1463 467/329/1464 
f 468/330/1465 467/329/1466 447/309/1467 
f 447/309/1468 448/310/1469 468/330/1470 
f 469/331/1471 468/330/1472 448/310/1473 
f 448/310/1474 449/311/1475 469/331/1476 
f 470/332/1477 469/331/1478 449/311/1479 
f 449/311/1480 450/312/1481 470/332/1482 
f 471/333/1483 470/332/1484 450/312/1485 
f 450/312/1486 451/313/1487 471/333/1488 
f 472/334/1489 471/333/1490 451/313/1491 
f 451/313/1492 452/314/1493 472/334/1494 
f 473/335/1495 472/334/1496 452/314/1497 
f 452/314/1498 453/315/1499 473/335/1500 
f 474/336/1501 473/335/1502 453/315/1503 
f 453/315/1504 454/316/1505 474/336/1506 
f 475/337/1507 474/336/1508 454/316/1509 
f 454/316/1510 455/317/1511 475/337/1512 
f 476/338/1513 475/337/1514 455/317/1515 
f 455/317/1516 456/318/1517 476/338/1518 
f 477/339/1519 476/338/1520 456/318/1521 
f 456/318/1522 457/319/1523 477/339/1524 
f 478/340/1525 477/339/1526 457/319/1527 
f 457/319/1528 458/320/1529 478/340/1530 
f 479/341/1531 478/340/1532 458/320/1533 
f 458/320/1534 459/321/1535 479/341/1536 
f 480/342/1537 479/341/1538 459/321/1539 
f 459/321/1540 460/322/1541 480/342/1542 
f 481/343/1543 480/342/1544 460/322/1545 
f 460/322/1546 461/323/1547 481/343/1548 
f 463/325/1549 481/343/1550 461/323/1551 
f 461/323/1552 443/302/1553 463/325/1554 
f 482/344/1555 483/345/1556 463/325/1557 
f 463/325/1558 462/324/1559 482/344/1560 
f 484/346/1561 482/344/1562 462/324/1563 
f 462/324/1564 464/326/1565 484/346/1566 
f 485/347/1567 484/346/1568 464/326/1569 
f 464/326/1570 465/327/1571 485/347/1572 
f 486/348/1573 485/347/1574 465/327/1575 
f 465/327/1576 466/328/1577 486/348/1578 
f 487/349/1579 486/348/1580 466/328/1581 
f 466/328/1582 467/329/1583 487/349/1584 
f 488/350/1585 487/349/1586 467/329/1587 
f 467/329/1588 468/330/1589 488/350/1590 
f 489/351/1591 488/350/1592 468/330/1593 
f 468/330/1594 469/331/1595 489/351/1596 
f 490/352/1597 489/351/1598 469/331/1599 
f 469/331/1600 470/332/1601 490/352/1602 
f 491/353/1603 490/352/1604 470/332/1605 
f 470/332/1606 471/333/1607 491/353/1608 
f 492/354/1609 491/353/1610 471/333/1611 
f 471/333/1612 472/334/1613 492/354/1614 
f 493/355/1615 492/354/1616 472/334/1617 
f 472/334/1618 473/335/1619 493/355/1620 
f 494/356/1621 493/355/1622 473/335/1623 
f 473/335/1624 474/336/1625 494/356/1626 
f 495/357/1627 494/356/1628 474/336/1629 
f 474/336/1630 475/337/1631 495/357/1632 
f 496/358/1633 495/357/1634 475/337/1635 
f 475/337/1636 476/338/1637 496/358/1638 
f 497/359/1639 496/358/1640 476/338/1641 
f 476/338/1642 477/339/1643 497/359/1644 
f 498/360/1645 497/359/1646 477/339/1647 
f 477/339/1648 478/340/1649 498/360/1650 
f 499/361/1651 498/360/1652 478/340/1653 
f 478/340/1654 479/341/1655 499/361/1656 
f 500/362/1657 499/361/1658 479/341/1659 
f 479/341/1660 480/342/1661 500/362/1662 
f 501/363/1663 500/362/1664 480/342/1665 
f 480/342/1666 481/343/1667 501/363/1668 
f 483/345/1669 501/363/1670 481/343/1671 
f 481/343/1672 463/325/1673 483/345/1674 
f 502/364/1675 503/365/1676 483/345/1677 
f 483/345/1678 482/344/1679 502/364/1680 
f 504/366/1681 502/364/1682 482/344/1683 
f 482/344/1684 484/346/1685 504/366/1686 
f 505/367/1687 504/366/1688 484/346/1689 
f 484/346/1690 485/347/1691 505/367/1692 
f 506/368/1693 505/367/1694 485/347/1695 
f 485/347/1696 486/348/1697 506/368/1698 
f 507/369/1699 506/368/1700 486/348/1701 
f 486/348/1702 487/349/1703 507/369/1704 
f 508/370/1705 507/369/1706 487/349/1707 
f 487/349/1708 488/350/1709 508/370/1710 
f 509/371/1711 508/370/1712 488/350/1713 
f 488/350/1714 489/351/1715 509/371/1716 
f 510/372/1717 509/371/1718 489/351/1719 
f 489/351/1720 490/352/1721 510/372/1722 
f 511/373/1723 510/372/1724 490/352/1725 
f 490/352/1726 491/353/1727 511/373/1728 
f 512/374/1729 511/373/1730 491/353/1731 
f 491/353/1732 492/354/1733 512/374/1734 
f 513/375/1735 512/374/1736 492/354/1737 
f 492/354/1738 493/355/1739 513/375/1740 
f 514/376/1741 513/375/1742 493/355/1743 
f 493/355/1744 494/356/1745 514/376/1746 
f 515/377/1747 514/376/1748 494/356/1749 
f 494/356/1750 495/357/1751 515/377/1752 
f 516/378/1753 515/377/1754 495/357/1755 
f 495/357/1756 496/358/1757 516/378/1758 
f 517/379/1759 516/378/1760 496/358/1761 
f 496/358/1762 497/359/1763 517/379/1764 
f 518/380/1765 517/379/1766 497/359/1767 
f 497/359/1768 498/360/1769 518/380/1770 
f 519/381/1771 518/380/1772 498/360/1773 
f 498/360/1774 499/361/1775 519/381/1776 
f 520/382/1777 519/381/1778 499/361/1779 
f 499/361/1780 500/362/1781 520/382/1782 
f 521/383/1783 520/382/1784 500/362/1785 
f 500/362/1786 501/363/1787 521/383/1788 
f 503/365/1789 521/383/1790 501/363/1791 
f 501/363/1792 483/345/1793 503/365/1794 
f 503/365/1795 502/364/1796 522/384/1797 
f 502/364/1798 504/366/1799 522/384/1800 
f 504/366/1801 505/367/1802 522/384/1803 
f 505/367/1804 506/368/1805 522/384/1806 
f 506/368/1807 507/369/1808 522/384/1809 
f 507/369/1810 508/370/1811 522/384/1812 
f 508/370/1813 509/371/1814 522/384/1815 
f 509/371/1816 510/372/1817 522/384/1818 
f 510/372/1819 511/373/1820 522/384/1821 
f 511/373/1822 512/374/1823 522/384/1824 
f 512/374/1825 513/375/1826 522/384/1827 
f 513/375/1828 514/376/1829 522/384/1830 
f 514/376/1831 515/377/1832 522/384/1833 
f 515/377/1834 516/378/1835 522/384/1836 
f 516/378/1837 517/379/1838 522/384/1839 
f 517/379/1840 518/380/1841 522/384/1842 
f 518/380/1843 519/381/1844 522/384/1845 
f 519/381/1846 520/382/1847 522/384/1848 
f 520/382/1849 521/383/1850 522/384/1851 
f 521/383/1852 503/365/1853 522/384/1854 
f 144/387/1855 124/388/1856 123/385/1857 
f 123/385/1858 143/386/1859 144/387/1860 
f 145/389/1861 125/390/1862 124/388/1863 
f 124/388/1864 144/387/1865 145/389/1866 
f 146/393/1867 126/394/1868 125/391/1869 
f 125/391/1870 145/392/1871 146/393/1872 
f 147/395/1873 127/396/1874 126/394/1875 
f 126/394/1876 146/393/1877 147/395/1878 
f 148/397/1879 128/398/1880 127/396/1881 
f 127/396/1882 147/395/1883 148/397/1884 
f 149/399/1885 129/400/1886 128/398/1887 
f 128/398/1888 148/397/1889 149/399/1890 
f 150/403/1891 130/404/1892 129/401/1893 
f 129/401/1894 149/402/1895 150/403/1896 
f 151/405/1897 131/406/1898 130/404/1899 
f 130/404/1900 150/403/1901 151/405/1902 
f 152/407/1903 132/408/1904 131/406/1905 
f 131/406/1906 151/405/1907 152/407/1908 
f 153/409/1909 133/410/1910 132/408/1911 
f 132/408/1912 152/407/1913 153/409/1914 
f 154/411/1915 134/412/1916 133/410/1917 
f 133/410/1918 153/409/1919 154/411/1920 
f 155/413/1921 135/414/1922 134/412/1923 
f 134/412/1924 154/411/1925 155/413/1926 
f 156/417/1927 136/418/1928 135/415/1929 
f 135/415/1930 155/416/1931 156/417/1932 
f 157/419/1933 137/420/1934 136/418/1935 
f 136/418/1936 156/417/1937 157/419/1938 
f 158/421/1939 138/422/1940 137/420/1941 
f 137/420/1942 157/419/1943 158/421/1944 
f 159/423/1945 139/424/1946 138/422/1947 
f 138/422/1948 158/421/1949 159/423/1950 
f 160/427/1951 140/428/1952 139/425/1953 
f 139/425/1954 159/426/1955 160/427/1956 
f 161/429/1957 141/430/1958 140/428/1959 
f 140/428/1960 160/427/1961 161/429/1962 
f 162/431/1963 142/432/1964 141/430/1965 
f 141/430/1966 161/429/1967 162/431/1968 
f 143/386/1969 123/385/1970 142/432/1971 
f 142/432/1972 162/431/1973 143/386/1974 
f 164/434/1975 144/387/1976 143/386/1977 
f 143/386/1978 163/433/1979 164/434/1980 
f 165/435/1981 145/389/1982 144/387/1983 
f 144/387/1984 164/434/1985 165/435/1986 
f 166/437/1987 146/393/1988 145/392/1989 
f 145/392/1990 165/436/1991 166/437/1992 
f 167/438/1993 147/395/1994 146/393/1995 
f 146/393/1996 166/437/1997 167/438/1998 
f 168/439/1999 148/397/2000 147/395/2001 
f 147/395/2002 167/438/2003 168/439/2004 
f 169/440/2005 149/399/2006 148/397/2007 
f 148/397/2008 168/439/2009 169/440/2010 
f 170/442/2011 150/403/2012 149/402/2013 
f 149/402/2014 169/441/2015 170/442/2016 
f 171/443/2017 151/405/2018 150/403/2019 
f 150/403/2020 170/442/2021 171/443/2022 
f 172/444/2023 152/407/2024 151/405/2025 
f 151/405/2026 171/443/2027 172/444/2028 
f 173/445/2029 153/409/2030 152/407/2031 
f 152/407/2032 172/444/2033 173/445/2034 
f 174/446/2035 154/411/2036 153/409/2037 
f 153/409/2038 173/445/2039 174/446/2040 
f 175/447/2041 155/413/2042 154/411/2043 
f 154/411/2044 174/446/2045 175/447/2046 
f 176/449/2047 156/417/2048 155/416/2049 
f 155/416/2050 175/448/2051 176/449/2052 
f 177/450/2053 157/419/2054 156/417/2055 
f 156/417/2056 176/449/2057 177/450/2058 
f 178/451/2059 158/421/2060 157/419/2061 
f 157/419/2062 177/450/2063 178/451/2064 
f 179/452/2065 159/423/2066 158/421/2067 
f 158/421/2068 178/451/2069 179/452/2070 
f 180/454/2071 160/427/2072 159/426/2073 
f 159/426/2074 179/453/2075 180/454/2076 
f 181/455/2077 161/429/2078 160/427/2079 
f 160/427/2080 180/454/2081 181/455/2082 
f 182/456/2083 162/431/2084 161/429/2085 
f 161/429/2086 181/455/2087 182/456/2088 
f 163/433/2089 143/386/2090 162/431/2091 
f 162/431/2092 182/456/2093 163/433/2094 
f 184/458/2095 164/434/2096 163/433/2097 
f 163/433/2098 183/457/2099 184/458/2100 
f 185/459/2101 165/435/2102 164/434/2103 
f 164/434/2104 184/458/2105 185/459/2106 
f 186/461/2107 166/437/2108 165/436/2109 
f 165/436/2110 185/460/2111 186/461/2112 
f 187/462/2113 167/438/2114 166/437/2115 
f 166/437/2116 186/461/2117 187/462/2118 
f 188/463/2119 168/439/2120 167/438/2121 
f 167/438/2122 187/462/2123 188/463/2124 
f 189/464/2125 169/440/2126 168/439/2127 
f 168/439/2128 188/463/2129 189/464/2130 
f 190/466/2131 170/442/2132 169/441/2133 
f 169/441/2134 189/465/2135 190/466/2136 
f 191/467/2137 171/443/2138 170/442/2139 
f 170/442/2140 190/466/2141 191/467/2142 
f 192/468/2143 172/444/2144 171/443/2145 
f 171/443/2146 191/467/2147 192/468/2148 
f 193/469/2149 173/445/2150 172/444/2151 
f 172/444/2152 192/468/2153 193/469/2154 
f 194/470/2155 174/446/2156 173/445/2157 
f 173/445/2158 193/469/2159 194/470/2160 
f 195/471/2161 175/447/2162 174/446/2163 
f 174/446/2164 194/470/2165 195/471/2166 
f 196/473/2167 176/449/2168 175/448/2169 
f 175/448/2170 195/472/2171 196/473/2172 
f 197/474/2173 177/450/2174 176/449/2175 
f 176/449/2176 196/473/2177 197/474/2178 
f 198/475/2179 178/451/2180 177/450/2181 
f 177/450/2182 197/474/2183 198/475/2184 
f 199/476/2185 179/452/2186 178/451/2187 
f 178/451/2188 198/475/2189 199/476/2190 
f 200/478/2191 180/454/2192 179/453/2193 
f 179/453/2194 199/477/2195 200/478/2196 
f 201/479/2197 181/455/2198 180/454/2199 
f 180/454/2200 200/478/2201 201/479/2202 
f 202/480/2203 182/456/2204 181/455/2205 
f 181/455/2206 201/479/2207 202/480/2208 
f 183/457/2209 163/433/2210 182/456/2211 
f 182/456/2212 202/480/2213 183/457/2214 
f 204/482/2215 184/458/2216 183/457/2217 
f 183/457/2218 203/481/2219 204/482/2220 
f 205/483/2221 185/459/2222 184/458/2223 
f 184/458/2224 204/482/2225 205/483/2226 
f 206/485/2227 186/461/2228 185/460/2229 
f 185/460/2230 205/484/2231 206/485/2232 
f 207/486/2233 187/462/2234 186/461/2235 
f 186/461/2236 206/485/2237 207/486/2238 
f 208/487/2239 188/463/2240 187/462/2241 
f 187/462/2242 207/486/2243 208/487/2244 
f 209/488/2245 189/464/2246 188/463/2247 
f 188/463/2248 208/487/2249 209/488/2250 
f 210/490/2251 190/466/2252 189/465/2253 
f 189/465/2254 209/489/2255 210/490/2256 
f 211/491/2257 191/467/2258 190/466/2259 
f 190/466/2260 210/490/2261 211/491/2262 
f 212/492/2263 192/468/2264 191/467/2265 
f 191/467/2266 211/491/2267 212/492/2268 
f 213/493/2269 193/469/2270 192/468/2271 
f 192/468/2272 212/492/2273 213/493/2274 
f 214/494/2275 194/470/2276 193/469/2277 
f 193/469/2278 213/493/2279 214/494/2280 
f 215/495/2281 195/471/2282 194/470/2283 
f 194/470/2284 214/494/2285 215/495/2286 
f 216/497/2287 196/473/2288 195/472/2289 
f 195/472/2290 215/496/2291 216/497/2292 
f 217/498/2293 197/474/2294 196/473/2295 
f 196/473/2296 216/497/2297 217/498/2298 
f 218/499/2299 198/475/2300 197/474/2301 
f 197/474/2302 217/498/2303 218/499/2304 
f 219/500/2305 199/476/2306 198/475/2307 
f 198/475/2308 218/499/2309 219/500/2310 
f 220/502/2311 200/478/2312 199/477/2313 
f 199/477/2314 219/501/2315 220/502/2316 
f 221/503/2317 201/479/2318 200/478/2319 
f 200/478/2320 220/502/2321 221/503/2322 
f 222/504/2323 202/480/2324 201/479/2325 
f 201/479/2326 221/503/2327 222/504/2328 
f 203/481/2329 183/457/2330 202/480/2331 
f 202/480/2332 222/504/2333 203/481/2334 
f 224/506/2335 204/482/2336 203/481/2337 
f 203/481/2338 223/505/2339 224/506/2340 
f 225/509/2341 205/510/2342 204/507/2343 
f 204/507/2344 224/508/2345 225/509/2346 
f 226/512/2347 206/485/2348 205/484/2349 
f 205/484/2350 225/511/2351 226/512/2352 
f 227/513/2353 207/486/2354 206/485/2355 
f 206/485/2356 226/512/2357 227/513/2358 
f 228/514/2359 208/487/2360 207/486/2361 
f 207/486/2362 227/513/2363 228/514/2364 
f 229/515/2365 209/488/2366 208/487/2367 
f 208/487/2368 228/514/2369 229/515/2370 
f 230/518/2371 210/519/2372 209/516/2373 
f 209/516/2374 229/517/2375 230/518/2376 
f 231/521/2377 211/491/2378 210/490/2379 
f 210/490/2380 230/520/2381 231/521/2382 
f 232/522/2383 212/492/2384 211/491/2385 
f 211/491/2386 231/521/2387 232/522/2388 
f 233/523/2389 213/493/2390 212/492/2391 
f 212/492/2392 232/522/2393 233/523/2394 
f 234/524/2395 214/494/2396 213/493/2397 
f 213/493/2398 233/523/2399 234/524/2400 
f 235/525/2401 215/495/2402 214/494/2403 
f 214/494/2404 234/524/2405 235/525/2406 
f 236/527/2407 216/497/2408 215/496/2409 
f 215/496/2410 235/526/2411 236/527/2412 
f 237/528/2413 217/498/2414 216/497/2415 
f 216/497/2416 236/527/2417 237/528/2418 
f 238/529/2419 218/499/2420 217/498/2421 
f 217/498/2422 237/528/2423 238/529/2424 
f 239/530/2425 219/500/2426 218/499/2427 
f 218/499/2428 238/529/2429 239/530/2430 
f 240/532/2431 220/502/2432 219/501/2433 
f 219/501/2434 239/531/2435 240/532/2436 
f 241/533/2437 221/503/2438 220/502/2439 
f 220/502/2440 240/532/2441 241/533/2442 
f 242/534/2443 222/504/2444 221/503/2445 
f 221/503/2446 241/533/2447 242/534/2448 
f 223/505/2449 203/481/2450 222/504/2451 
f 222/504/2452 242/534/2453 223/505/2454 
f 244/536/2455 224/506/2456 223/505/2457 
f 223/505/2458 243/535/2459 244/536/2460 
f 245/538/2461 225/509/2462 224/508/2463 
f 224/508/2464 244/537/2465 245/538/2466 
f 246/539/2467 226/540/2468 225/509/2469 
f 225/509/2470 245/538/2471 246/539/2472 
f 247/541/2473 227/542/2474 226/540/2475 
f 226/540/2476 246/539/2477 247/541/2478 
f 248/543/2479 228/544/2480 227/542/2481 
f 227/542/2482 247/541/2483 248/543/2484 
f 249/545/2485 229/517/2486 228/544/2487 
f 228/544/2488 248/543/2489 249/545/2490 
f 250/546/2491 230/518/2492 229/517/2493 
f 229/517/2494 249/545/2495 250/546/2496 
f 251/548/2497 231/521/2498 230/520/2499 
f 230/520/2500 250/547/2501 251/548/2502 
f 252/549/2503 232/522/2504 231/521/2505 
f 231/521/2506 251/548/2507 252/549/2508 
f 253/550/2509 233/523/2510 232/522/2511 
f 232/522/2512 252/549/2513 253/550/2514 
f 254/551/2515 234/524/2516 233/523/2517 
f 233/523/2518 253/550/2519 254/551/2520 
f 255/554/2521 235/555/2522 234/552/2523 
f 234/552/2524 254/553/2525 255/554/2526 
f 256/556/2527 236/557/2528 235/555/2529 
f 235/555/2530 255/554/2531 256/556/2532 
f 257/558/2533 237/559/2534 236/557/2535 
f 236/557/2536 256/556/2537 257/558/2538 
f 258/560/2539 238/561/2540 237/559/2541 
f 237/559/2542 257/558/2543 258/560/2544 
f 259/562/2545 239/563/2546 238/561/2547 
f 238/561/2548 258/560/2549 259/562/2550 
f 260/564/2551 240/565/2552 239/563/2553 
f 239/563/2554 259/562/2555 260/564/2556 
f 261/567/2557 241/533/2558 240/532/2559 
f 240/532/2560 260/566/2561 261/567/2562 
f 262/568/2563 242/534/2564 241/533/2565 
f 241/533/2566 261/567/2567 262/568/2568 
f 243/535/2569 223/505/2570 242/534/2571 
f 242/534/2572 262/568/2573 243/535/2574 
f 264/571/2575 244/537/2576 243/569/2577 
f 243/569/2578 263/570/2579 264/571/2580 
f 265/572/2581 245/538/2582 244/537/2583 
f 244/537/2584 264/571/2585 265/572/2586 
f 266/573/2587 246/539/2588 245/538/2589 
f 245/538/2590 265/572/2591 266/573/2592 
f 267/574/2593 247/541/2594 246/539/2595 
f 246/539/2596 266/573/2597 267/574/2598 
f 268/575/2599 248/543/2600 247/541/2601 
f 247/541/2602 267/574/2603 268/575/2604 
f 269/576/2605 249/545/2606 248/543/2607 
f 248/543/2608 268/575/2609 269/576/2610 
f 270/577/2611 250/546/2612 249/545/2613 
f 249/545/2614 269/576/2615 270/577/2616 
f 271/578/2617 251/579/2618 250/546/2619 
f 250/546/2620 270/577/2621 271/578/2622 
f 272/580/2623 252/581/2624 251/579/2625 
f 251/579/2626 271/578/2627 272/580/2628 
f 273/582/2629 253/583/2630 252/581/2631 
f 252/581/2632 272/580/2633 273/582/2634 
f 274/584/2635 254/553/2636 253/583/2637 
f 253/583/2638 273/582/2639 274/584/2640 
f 275/585/2641 255/554/2642 254/553/2643 
f 254/553/2644 274/584/2645 275/585/2646 
f 276/586/2647 256/556/2648 255/554/2649 
f 255/554/2650 275/585/2651 276/586/2652 
f 277/587/2653 257/558/2654 256/556/2655 
f 256/556/2656 276/586/2657 277/587/2658 
f 278/588/2659 258/560/2660 257/558/2661 
f 257/558/2662 277/587/2663 278/588/2664 
f 279/589/2665 259/562/2666 258/560/2667 
f 258/560/2668 278/588/2669 279/589/2670 
f 280/590/2671 260/564/2672 259/562/2673 
f 259/562/2674 279/589/2675 280/590/2676 
f 281/591/2677 261/592/2678 260/564/2679 
f 260/564/2680 280/590/2681 281/591/2682 
f 282/593/2683 262/594/2684 261/592/2685 
f 261/592/2686 281/591/2687 282/593/2688 
f 263/570/2689 243/569/2690 262/594/2691 
f 262/594/2692 282/593/2693 263/570/2694 
f 284/596/2695 264/571/2696 263/570/2697 
f 263/570/2698 283/595/2699 284/596/2700 
f 285/597/2701 265/572/2702 264/571/2703 
f 264/571/2704 284/596/2705 285/597/2706 
f 286/598/2707 266/573/2708 265/572/2709 
f 265/572/2710 285/597/2711 286/598/2712 
f 287/599/2713 267/574/2714 266/573/2715 
f 266/573/2716 286/598/2717 287/599/2718 
f 288/600/2719 268/575/2720 267/574/2721 
f 267/574/2722 287/599/2723 288/600/2724 
f 289/601/2725 269/576/2726 268/575/2727 
f 268/575/2728 288/600/2729 289/601/2730 
f 290/602/2731 270/577/2732 269/576/2733 
f 269/576/2734 289/601/2735 290/602/2736 
f 291/603/2737 271/578/2738 270/577/2739 
f 270/577/2740 290/602/2741 291/603/2742 
f 292/604/2743 272/580/2744 271/578/2745 
f 271/578/2746 291/603/2747 292/604/2748 
f 293/605/2749 273/582/2750 272/580/2751 
f 272/580/2752 292/604/2753 293/605/2754 
f 294/606/2755 274/584/2756 273/582/2757 
f 273/582/2758 293/605/2759 294/606/2760 
f 295/607/2761 275/585/2762 274/584/2763 
f 274/584/2764 294/606/2765 295/607/2766 
f 296/608/2767 276/586/2768 275/585/2769 
f 275/585/2770 295/607/2771 296/608/2772 
f 297/609/2773 277/587/2774 276/586/2775 
f 276/586/2776 296/608/2777 297/609/2778 
f 298/610/2779 278/588/2780 277/587/2781 
f 277/587/2782 297/609/2783 298/610/2784 
f 299/611/2785 279/589/2786 278/588/2787 
f 278/588/2788 298/610/2789 299/611/2790 
f 300/612/2791 280/590/2792 279/589/2793 
f 279/589/2794 299/611/2795 300/612/2796 
f 301/613/2797 281/591/2798 280/590/2799 
f 280/590/2800 300/612/2801 301/613/2802 
f 302/614/2803 282/593/2804 281/591/2805 
f 281/591/2806 301/613/2807 302/614/2808 
f 283/595/2809 263/570/2810 282/593/2811 
f 282/593/2812 302/614/2813 283/595/2814 
f 304/616/2815 284/596/2816 283/595/2817 
f 283/595/2818 303/615/2819 304/616/2820 
f 305/617/2821 285/597/2822 284/596/2823 
f 284/596/2824 304/616/2825 305/617/2826 
f 306/618/2827 286/598/2828 285/597/2829 
f 285/597/2830 305/617/2831 306/618/2832 
f 307/619/2833 287/599/2834 286/598/2835 
f 286/598/2836 306/618/2837 307/619/2838 
f 308/620/2839 288/600/2840 287/599/2841 
f 287/599/2842 307/619/2843 308/620/2844 
f 309/621/2845 289/601/2846 288/600/2847 
f 288/600/2848 308/620/2849 309/621/2850 
f 310/622/2851 290/602/2852 289/601/2853 
f 289/601/2854 309/621/2855 310/622/2856 
f 311/623/2857 291/603/2858 290/602/2859 
f 290/602/2860 310/622/2861 311/623/2862 
f 312/624/2863 292/604/2864 291/603/2865 
f 291/603/2866 311/623/2867 312/624/2868 
f 313/625/2869 293/605/2870 292/604/2871 
f 292/604/2872 312/624/2873 313/625/2874 
f 314/626/2875 294/606/2876 293/605/2877 
f 293/605/2878 313/625/2879 314/626/2880 
f 315/627/2881 295/607/2882 294/606/2883 
f 294/606/2884 314/626/2885 315/627/2886 
f 316/628/2887 296/608/2888 295/607/2889 
f 295/607/2890 315/627/2891 316/628/2892 
f 317/629/2893 297/609/2894 296/608/2895 
f 296/608/2896 316/628/2897 317/629/2898 
f 318/630/2899 298/610/2900 297/609/2901 
f 297/609/2902 317/629/2903 318/630/2904 
f 319/631/2905 299/611/2906 298/610/2907 
f 298/610/2908 318/630/2909 319/631/2910 
f 320/632/2911 300/612/2912 299/611/2913 
f 299/611/2914 319/631/2915 320/632/2916 
f 321/633/2917 301/613/2918 300/612/2919 
f 300/612/2920 320/632/2921 321/633/2922 
f 322/634/2923 302/614/2924 301/613/2925 
f 301/613/2926 321/633/2927 322/634/2928 
f 303/615/2929 283/595/2930 302/614/2931 
f 302/614/2932 322/634/2933 303/615/2934 
f 303/615/2935 323/635/2936 304/616/2937 
f 304/616/2938 323/635/2939 305/617/2940 
f 305/617/2941 323/635/2942 306/618/2943 
f 306/618/2944 323/635/2945 307/619/2946 
f 307/619/2947 323/635/2948 308/620/2949 
f 308/620/2950 323/635/2951 309/621/2952 
f 309/621/2953 323/635/2954 310/622/2955 
f 310/622/2956 323/635/2957 311/623/2958 
f 311/623/2959 323/635/2960 312/624/2961 
f 312/624/2962 323/635/2963 313/625/2964 
f 313/625/2965 323/635/2966 314/626/2967 
f 314/626/2968 323/635/2969 315/627/2970 
f 315/627/2971 323/635/2972 316/628/2973 
f 316/628/2974 323/635/2975 317/629/2976 
f 317/629/2977 323/635/2978 318/630/2979 
f 318/630/2980 323/635/2981 319/631/2982 
f 319/631/2983 323/635/2984 320/632/2985 
f 320/632/2986 323/635/2987 321/633/2988 
f 321/633/2989 323/635/2990 322/634/2991 
f 322/634/2992 323/635/2993 303/615/2994 
f 547/638/2995 545/639/2996 544/636/2997 
f 544/636/2998 546/637/2999 547/638/3000 
f 549/641/3001 547/638/3002 546/637/3003 
f 546/637/3004 548/640/3005 549/641/3006 
f 551/643/3007 549/641/3008 548/640/3009 
f 548/640/3010 550/642/3011 551/643/3012 
f 553/645/3013 551/643/3014 550/642/3015 
f 550/642/3016 552/644/3017 553/645/3018 
f 555/647/3019 553/645/3020 552/644/3021 
f 552/644/3022 554/646/3023 555/647/3024 
f 557/649/3025 555/647/3026 554/646/3027 
f 554/646/3028 556/648/3029 557/649/3030 
f 556/648/3031 558/650/3032 632/651/3033 
f 556/648/3034 632/651/3035 631/652/3036 
f 556/648/3037 631/652/3038 557/649/3039 
f 524/653/3040 523/654/3041 123/385/3042 
f 123/385/3043 124/388/3044 524/653/3045 
f 526/655/3046 525/656/3047 325/166/3048 
f 325/166/3049 324/165/3050 526/655/3051 
f 527/657/3052 524/653/3053 124/388/3054 
f 124/388/3055 125/390/3056 527/657/3057 
f 525/656/3058 528/658/3059 328/169/3060 
f 328/169/3061 325/166/3062 525/656/3063 
f 529/659/3064 527/660/3065 125/391/3066 
f 125/391/3067 126/394/3068 529/659/3069 
f 528/661/3070 530/662/3071 330/172/3072 
f 330/172/3073 328/171/3074 528/661/3075 
f 531/663/3076 529/659/3077 126/394/3078 
f 126/394/3079 127/396/3080 531/663/3081 
f 530/662/3082 532/664/3083 332/175/3084 
f 332/175/3085 330/172/3086 530/662/3087 
f 533/665/3088 531/663/3089 127/396/3090 
f 127/396/3091 128/398/3092 533/665/3093 
f 532/664/3094 534/666/3095 334/177/3096 
f 334/177/3097 332/175/3098 532/664/3099 
f 535/667/3100 533/665/3101 128/398/3102 
f 128/398/3103 129/400/3104 535/667/3105 
f 534/666/3106 536/668/3107 336/179/3108 
f 336/179/3109 334/177/3110 534/666/3111 
f 537/669/3112 535/670/3113 129/401/3114 
f 129/401/3115 130/404/3116 537/669/3117 
f 536/671/3118 538/672/3119 338/182/3120 
f 338/182/3121 336/181/3122 536/671/3123 
f 539/673/3124 537/669/3125 130/404/3126 
f 130/404/3127 131/406/3128 539/673/3129 
f 538/672/3130 540/674/3131 340/185/3132 
f 340/185/3133 338/182/3134 538/672/3135 
f 541/675/3136 539/673/3137 131/406/3138 
f 131/406/3139 132/408/3140 541/675/3141 
f 540/674/3142 542/676/3143 342/187/3144 
f 342/187/3145 340/185/3146 540/674/3147 
f 543/677/3148 541/675/3149 132/408/3150 
f 132/408/3151 133/410/3152 543/677/3153 
f 544/678/3154 543/677/3155 133/410/3156 
f 133/410/3157 134/412/3158 544/678/3159 
f 546/679/3160 544/678/3161 134/412/3162 
f 134/412/3163 135/414/3164 546/679/3165 
f 548/680/3166 546/681/3167 135/415/3168 
f 135/415/3169 136/418/3170 548/680/3171 
f 550/682/3172 548/680/3173 136/418/3174 
f 136/418/3175 137/420/3176 550/682/3177 
f 552/683/3178 550/682/3179 137/420/3180 
f 137/420/3181 138/422/3182 552/683/3183 
f 554/684/3184 552/683/3185 138/422/3186 
f 138/422/3187 139/424/3188 554/684/3189 
f 556/685/3190 554/686/3191 139/425/3192 
f 139/425/3193 140/428/3194 556/685/3195 
f 558/687/3196 556/685/3197 140/428/3198 
f 140/428/3199 141/430/3200 558/687/3201 
f 559/688/3202 558/687/3203 141/430/3204 
f 141/430/3205 142/432/3206 559/688/3207 
f 360/209/3208 582/689/3209 581/690/3210 
f 360/209/3211 581/690/3212 630/691/3213 
f 360/209/3214 630/691/3215 629/692/3216 
f 360/209/3217 629/692/3218 560/693/3219 
f 523/654/3220 559/688/3221 142/432/3222 
f 142/432/3223 123/385/3224 523/654/3225 
f 560/693/3226 526/655/3227 324/165/3228 
f 324/165/3229 360/209/3230 560/693/3231 
f 562/190/3232 561/694/3233 345/192/3234 
f 562/190/3235 345/192/3236 346/195/3237 
f 562/190/3238 346/195/3239 344/191/3240 
f 583/207/3241 582/689/3242 360/209/3243 
f 583/207/3244 360/209/3245 361/210/3246 
f 583/207/3247 361/210/3248 359/208/3249 
f 566/696/3250 565/697/3251 561/694/3252 
f 561/694/3253 564/695/3254 566/696/3255 
f 568/700/3256 567/701/3257 565/698/3258 
f 565/698/3259 566/699/3260 568/700/3261 
f 570/702/3262 569/703/3263 567/701/3264 
f 567/701/3265 568/700/3266 570/702/3267 
f 572/704/3268 571/705/3269 569/703/3270 
f 569/703/3271 570/702/3272 572/704/3273 
f 574/706/3274 573/707/3275 571/705/3276 
f 571/705/3277 572/704/3278 574/706/3279 
f 576/708/3280 575/709/3281 573/707/3282 
f 573/707/3283 574/706/3284 576/708/3285 
f 578/710/3286 577/711/3287 575/709/3288 
f 575/709/3289 576/708/3290 578/710/3291 
f 580/712/3292 579/713/3293 577/711/3294 
f 577/711/3295 578/710/3296 580/712/3297 
f 586/714/3298 585/715/3299 579/713/3300 
f 579/713/3301 580/712/3302 586/714/3303 
f 585/716/3304 586/717/3305 581/690/3306 
f 581/690/3307 584/206/3308 585/716/3309 
f 565/720/3310 567/721/3311 345/718/3312 
f 345/718/3313 561/719/3314 565/720/3315 
f 567/721/3316 569/723/3317 347/722/3318 
f 347/722/3319 345/718/3320 567/721/3321 
f 569/723/3322 571/725/3323 349/724/3324 
f 349/724/3325 347/722/3326 569/723/3327 
f 571/725/3328 573/727/3329 351/726/3330 
f 351/726/3331 349/724/3332 571/725/3333 
f 573/727/3334 575/729/3335 353/728/3336 
f 353/728/3337 351/726/3338 573/727/3339 
f 575/729/3340 577/731/3341 355/730/3342 
f 355/730/3343 353/728/3344 575/729/3345 
f 577/731/3346 579/733/3347 357/732/3348 
f 357/732/3349 355/730/3350 577/731/3351 
f 357/732/3352 579/733/3353 585/734/3354 
f 585/734/3355 584/735/3356 357/732/3357 
f 563/189/3358 564/695/3359 561/694/3360 
f 561/694/3361 562/190/3362 563/189/3363 
f 583/207/3364 584/206/3365 581/690/3366 
f 581/690/3367 582/689/3368 583/207/3369 
f 588/736/3370 587/737/3371 523/654/3372 
f 523/654/3373 524/653/3374 588/736/3375 
f 590/738/3376 589/739/3377 525/656/3378 
f 525/656/3379 526/655/3380 590/738/3381 
f 591/740/3382 588/736/3383 524/653/3384 
f 524/653/3385 527/657/3386 591/740/3387 
f 592/741/3388 591/742/3389 527/660/3390 
f 527/660/3391 529/659/3392 592/741/3393 
f 593/743/3394 592/741/3395 529/659/3396 
f 529/659/3397 531/663/3398 593/743/3399 
f 594/744/3400 593/743/3401 531/663/3402 
f 531/663/3403 533/665/3404 594/744/3405 
f 595/745/3406 594/744/3407 533/665/3408 
f 533/665/3409 535/667/3410 595/745/3411 
f 596/746/3412 595/747/3413 535/670/3414 
f 535/670/3415 537/669/3416 596/746/3417 
f 597/748/3418 596/746/3419 537/669/3420 
f 537/669/3421 539/673/3422 597/748/3423 
f 598/749/3424 597/748/3425 539/673/3426 
f 539/673/3427 541/675/3428 598/749/3429 
f 599/750/3430 598/749/3431 541/675/3432 
f 541/675/3433 543/677/3434 599/750/3435 
f 601/751/3436 600/752/3437 558/687/3438 
f 558/687/3439 559/688/3440 601/751/3441 
f 587/737/3442 601/751/3443 559/688/3444 
f 559/688/3445 523/654/3446 587/737/3447 
f 602/753/3448 590/738/3449 526/655/3450 
f 526/655/3451 560/693/3452 602/753/3453 
f 587/737/3454 588/736/3455 608/754/3456 
f 587/737/3457 608/754/3458 607/755/3459 
f 587/737/3460 607/755/3461 603/756/3462 
f 588/736/3463 591/740/3464 604/757/3465 
f 588/736/3466 604/757/3467 606/758/3468 
f 588/736/3469 606/758/3470 608/754/3471 
f 600/752/3472 601/751/3473 605/759/3474 
f 600/752/3475 605/759/3476 611/760/3477 
f 600/752/3478 611/760/3479 610/761/3480 
f 603/756/3481 605/759/3482 601/751/3483 
f 601/751/3484 587/737/3485 603/756/3486 
f 606/758/3487 607/755/3488 608/754/3489 
f 652/764/3490 651/765/3491 612/762/3492 
f 612/762/3493 613/763/3494 652/764/3495 
f 614/766/3496 615/767/3497 613/763/3498 
f 613/763/3499 612/762/3500 614/766/3501 
f 616/768/3502 568/700/3503 615/767/3504 
f 615/767/3505 614/766/3506 616/768/3507 
f 617/769/3508 618/770/3509 568/700/3510 
f 568/700/3511 616/768/3512 617/769/3513 
f 619/771/3514 620/772/3515 618/770/3516 
f 618/770/3517 617/769/3518 619/771/3519 
f 621/773/3520 622/774/3521 620/772/3522 
f 620/772/3523 619/771/3524 621/773/3525 
f 623/775/3526 624/776/3527 622/774/3528 
f 622/774/3529 621/773/3530 623/775/3531 
f 625/777/3532 626/778/3533 624/776/3534 
f 624/776/3535 623/775/3536 625/777/3537 
f 627/779/3538 628/780/3539 626/778/3540 
f 626/778/3541 625/777/3542 627/779/3543 
f 633/781/3544 634/782/3545 628/780/3546 
f 628/780/3547 627/779/3548 633/781/3549 
f 654/784/3550 653/785/3551 629/692/3552 
f 629/692/3553 632/783/3554 654/784/3555 
f 634/782/3556 633/781/3557 631/652/3558 
f 631/652/3559 630/786/3560 634/782/3561 
f 660/789/3562 659/790/3563 635/787/3564 
f 635/787/3565 636/788/3566 660/789/3567 
f 638/791/3568 637/792/3569 636/788/3570 
f 636/788/3571 635/787/3572 638/791/3573 
f 640/793/3574 639/794/3575 637/792/3576 
f 637/792/3577 638/791/3578 640/793/3579 
f 642/795/3580 641/796/3581 639/794/3582 
f 639/794/3583 640/793/3584 642/795/3585 
f 644/797/3586 643/798/3587 641/796/3588 
f 641/796/3589 642/795/3590 644/797/3591 
f 646/801/3592 645/802/3593 643/799/3594 
f 643/799/3595 644/800/3596 646/801/3597 
f 648/803/3598 647/804/3599 645/802/3600 
f 645/802/3601 646/801/3602 648/803/3603 
f 650/805/3604 649/806/3605 647/804/3606 
f 647/804/3607 648/803/3608 650/805/3609 
f 651/807/3610 652/808/3611 649/806/3612 
f 649/806/3613 650/805/3614 651/807/3615 
f 662/809/3616 661/810/3617 653/785/3618 
f 653/785/3619 654/784/3620 662/809/3621 
f 664/813/3622 663/814/3623 655/811/3624 
f 655/811/3625 656/812/3626 664/813/3627 
f 658/815/3628 657/816/3629 656/812/3630 
f 656/812/3631 655/811/3632 658/815/3633 
f 665/817/3634 666/818/3635 657/816/3636 
f 657/816/3637 658/815/3638 665/817/3639 
f 666/819/3640 665/820/3641 659/790/3642 
f 659/790/3643 660/789/3644 666/819/3645 
f 668/821/3646 667/822/3647 661/810/3648 
f 661/810/3649 662/809/3650 668/821/3651 
f 667/822/3652 668/821/3653 663/814/3654 
f 663/814/3655 664/813/3656 667/822/3657 
f 658/815/3658 655/811/3659 603/823/3660 
f 603/823/3661 607/824/3662 658/815/3663 
f 604/826/3664 659/827/3665 665/817/3666 
f 665/817/3667 606/825/3668 604/826/3669 
f 638/830/3670 635/831/3671 591/828/3672 
f 591/828/3673 592/829/3674 638/830/3675 
f 640/833/3676 638/830/3677 592/829/3678 
f 592/829/3679 593/832/3680 640/833/3681 
f 642/835/3682 640/833/3683 593/832/3684 
f 593/832/3685 594/834/3686 642/835/3687 
f 644/837/3688 642/835/3689 594/834/3690 
f 594/834/3691 595/836/3692 644/837/3693 
f 646/839/3694 644/837/3695 595/836/3696 
f 595/836/3697 596/838/3698 646/839/3699 
f 648/841/3700 646/839/3701 596/838/3702 
f 596/838/3703 597/840/3704 648/841/3705 
f 650/843/3706 648/841/3707 597/840/3708 
f 597/840/3709 598/842/3710 650/843/3711 
f 651/765/3712 650/843/3713 598/842/3714 
f 598/842/3715 599/844/3716 651/765/3717 
f 545/639/3718 612/762/3719 543/845/3720 
f 543/845/3721 544/636/3722 545/639/3723 
f 605/847/3724 663/814/3725 668/821/3726 
f 668/821/3727 611/846/3728 605/847/3729 
f 655/811/3730 663/814/3731 605/847/3732 
f 605/847/3733 603/823/3734 655/811/3735 
f 616/768/3736 614/766/3737 612/762/3738 
f 612/762/3739 545/639/3740 616/768/3741 
f 617/769/3742 616/768/3743 545/639/3744 
f 545/639/3745 547/638/3746 617/769/3747 
f 619/771/3748 617/769/3749 547/638/3750 
f 547/638/3751 549/641/3752 619/771/3753 
f 621/773/3754 619/771/3755 549/641/3756 
f 549/641/3757 551/643/3758 621/773/3759 
f 623/775/3760 621/773/3761 551/643/3762 
f 551/643/3763 553/645/3764 623/775/3765 
f 625/777/3766 623/775/3767 553/645/3768 
f 553/645/3769 555/647/3770 625/777/3771 
f 627/779/3772 625/777/3773 555/647/3774 
f 555/647/3775 557/649/3776 627/779/3777 
f 633/781/3778 627/779/3779 557/649/3780 
f 557/649/3781 631/652/3782 633/781/3783 
f 564/695/3784 563/189/3785 342/187/3786 
f 564/695/3787 342/187/3788 542/676/3789 
f 564/695/3790 542/676/3791 613/848/3792 
f 568/700/3793 566/699/3794 615/767/3795 
f 570/702/3796 568/700/3797 618/770/3798 
f 618/770/3799 620/772/3800 572/704/3801 
f 572/704/3802 570/702/3803 618/770/3804 
f 620/772/3805 622/774/3806 574/706/3807 
f 574/706/3808 572/704/3809 620/772/3810 
f 622/774/3811 624/776/3812 576/708/3813 
f 576/708/3814 574/706/3815 622/774/3816 
f 624/776/3817 626/778/3818 578/710/3819 
f 578/710/3820 576/708/3821 624/776/3822 
f 626/778/3823 628/780/3824 580/712/3825 
f 580/712/3826 578/710/3827 626/778/3828 
f 628/780/3829 634/782/3830 586/714/3831 
f 586/714/3832 580/712/3833 628/780/3834 
f 613/848/3835 615/849/3836 566/696/3837 
f 566/696/3838 564/695/3839 613/848/3840 
f 581/690/3841 586/717/3842 634/850/3843 
f 634/850/3844 630/691/3845 581/690/3846 
f 589/739/3847 636/851/3848 528/658/3849 
f 528/658/3850 525/656/3851 589/739/3852 
f 636/788/3853 637/792/3854 530/662/3855 
f 530/662/3856 528/661/3857 636/788/3858 
f 637/792/3859 639/794/3860 532/664/3861 
f 532/664/3862 530/662/3863 637/792/3864 
f 639/794/3865 641/796/3866 534/666/3867 
f 534/666/3868 532/664/3869 639/794/3870 
f 641/796/3871 643/798/3872 536/668/3873 
f 536/668/3874 534/666/3875 641/796/3876 
f 643/799/3877 645/802/3878 538/672/3879 
f 538/672/3880 536/671/3881 643/799/3882 
f 645/802/3883 647/804/3884 540/674/3885 
f 540/674/3886 538/672/3887 645/802/3888 
f 647/804/3889 649/806/3890 542/676/3891 
f 542/676/3892 540/674/3893 647/804/3894 
f 651/765/3895 599/844/3896 543/845/3897 
f 543/845/3898 612/762/3899 651/765/3900 
f 649/806/3901 652/808/3902 613/848/3903 
f 613/848/3904 542/676/3905 649/806/3906 
f 653/785/3907 602/753/3908 560/693/3909 
f 560/693/3910 629/692/3911 653/785/3912 
f 558/852/3913 600/853/3914 654/784/3915 
f 654/784/3916 632/783/3917 558/852/3918 
f 589/739/3919 590/738/3920 656/812/3921 
f 589/739/3922 656/812/3923 657/816/3924 
f 589/739/3925 657/816/3926 609/854/3927 
f 659/856/3928 604/757/3929 591/740/3930 
f 591/740/3931 635/855/3932 659/856/3933 
f 636/851/3934 589/739/3935 609/854/3936 
f 636/851/3937 609/854/3938 666/818/3939 
f 636/851/3940 666/818/3941 660/857/3942 
f 602/753/3943 653/785/3944 661/810/3945 
f 602/753/3946 661/810/3947 667/822/3948 
f 602/753/3949 667/822/3950 664/813/3951 
f 610/858/3952 662/809/3953 654/784/3954 
f 654/784/3955 600/853/3956 610/858/3957 
f 664/813/3958 656/812/3959 590/738/3960 
f 590/738/3961 602/753/3962 664/813/3963 
f 665/817/3964 658/815/3965 607/824/3966 
f 607/824/3967 606/825/3968 665/817/3969 
f 668/821/3970 662/809/3971 610/858/3972 
f 610/858/3973 611/846/3974 668/821/3975 
f 666/818/3976 609/854/3977 657/816/3978 
f 631/859/3979 632/860/3980 629/692/3981 
f 629/692/3982 630/691/3983 631/859/3984 
# 0 polygons - 1328 triangles

