# This file uses centimeters as units for non-parametric coordinates.

mtllib bullet.mtl
g default
v 0.951057 0.623064 -7.660143
v 0.809018 0.623064 -7.938912
v 0.587786 0.623064 -8.160144
v 0.309017 0.623064 -8.302183
v 0.000000 0.623064 -8.351127
v -0.309017 0.623064 -8.302183
v -0.587785 0.623064 -8.160144
v -0.809017 0.623064 -7.938911
v -0.951057 0.623064 -7.660143
v -1.000000 0.623064 -7.351126
v -0.951057 0.623064 -7.042109
v -0.809017 0.623064 -6.763341
v -0.587785 0.623064 -6.542109
v -0.309017 0.623064 -6.400070
v -0.000000 0.623064 -6.351126
v 0.309017 0.623064 -6.400070
v 0.587785 0.623064 -6.542109
v 0.809017 0.623064 -6.763341
v 0.951057 0.623064 -7.042109
v 1.000000 0.623064 -7.351126
v 0.643242 8.312948 -7.560128
v 0.547180 8.312948 -7.748674
v 0.397548 8.312948 -7.898306
v 0.209003 8.312948 -7.994369
v -0.000000 8.312948 -8.027477
v -0.209002 8.312948 -7.994369
v -0.397548 8.312948 -7.898306
v -0.547180 8.312948 -7.748674
v -0.643243 8.312948 -7.560128
v -0.676351 8.312948 -7.351126
v -0.643243 8.312948 -7.142123
v -0.547180 8.312948 -6.953578
v -0.397548 8.312948 -6.803946
v -0.209002 8.312948 -6.707884
v -0.000000 8.312948 -6.674775
v 0.209002 8.312948 -6.707884
v 0.397548 8.312948 -6.803946
v 0.547180 8.312948 -6.953578
v 0.643242 8.312948 -7.142123
v 0.676351 8.312948 -7.351126
v 0.951057 7.570857 -7.660143
v 1.000000 7.570857 -7.351126
v 0.951057 7.570857 -7.042109
v 0.809017 7.570857 -6.763341
v 0.587785 7.570857 -6.542109
v 0.309017 7.570857 -6.400070
v -0.000000 7.570857 -6.351126
v -0.309017 7.570857 -6.400070
v -0.587785 7.570857 -6.542109
v -0.809017 7.570857 -6.763341
v -0.951057 7.570857 -7.042109
v -1.000000 7.570857 -7.351126
v -0.951057 7.570857 -7.660143
v -0.809017 7.570857 -7.938911
v -0.587785 7.570857 -8.160144
v -0.309017 7.570857 -8.302183
v 0.000000 7.570857 -8.351127
v 0.309017 7.570857 -8.302183
v 0.587786 7.570857 -8.160144
v 0.809018 7.570857 -7.938912
v 0.585791 9.600046 -7.541461
v 0.498309 9.600046 -7.713167
v 0.362041 9.600046 -7.849435
v 0.190336 9.600046 -7.936918
v -0.000000 9.600046 -7.967070
v -0.190335 9.600046 -7.936918
v -0.362041 9.600046 -7.849435
v -0.498309 9.600046 -7.713167
v -0.585792 9.600046 -7.541461
v -0.615943 9.600046 -7.351126
v -0.585792 9.600046 -7.160790
v -0.498309 9.600046 -6.989085
v -0.362041 9.600046 -6.852818
v -0.190335 9.600046 -6.765335
v -0.000000 9.600046 -6.735183
v 0.190335 9.600046 -6.765335
v 0.362041 9.600046 -6.852818
v 0.498309 9.600046 -6.989085
v 0.585791 9.600046 -7.160790
v 0.615943 9.600046 -7.351126
v 0.516988 9.600046 -7.519106
v 0.439780 9.600046 -7.670644
v 0.319518 9.600046 -7.790906
v 0.167980 9.600046 -7.868114
v -0.000000 9.600046 -7.894724
v -0.167979 9.600046 -7.868114
v -0.319518 9.600046 -7.790906
v -0.439780 9.600046 -7.670644
v -0.516988 9.600046 -7.519106
v -0.543598 9.600046 -7.351126
v -0.516988 9.600046 -7.183146
v -0.439780 9.600046 -7.031609
v -0.319518 9.600046 -6.911346
v -0.167979 9.600046 -6.834138
v -0.000000 9.600046 -6.807528
v 0.167979 9.600046 -6.834138
v 0.319518 9.600046 -6.911346
v 0.439780 9.600046 -7.031609
v 0.516988 9.600046 -7.183146
v 0.543598 9.600046 -7.351126
v 0.469762 11.183004 -7.503761
v 0.399607 11.183004 -7.641457
v 0.290330 11.183004 -7.750733
v 0.152635 11.183004 -7.820888
v -0.000000 11.183004 -7.845068
v -0.152635 11.183004 -7.820888
v -0.290330 11.183004 -7.750733
v -0.399607 11.183004 -7.641457
v -0.469762 11.183004 -7.503761
v -0.493941 11.183004 -7.351126
v -0.469762 11.183004 -7.198491
v -0.399607 11.183004 -7.060796
v -0.290330 11.183004 -6.951519
v -0.152635 11.183004 -6.881365
v -0.000000 11.183004 -6.857185
v 0.152635 11.183004 -6.881365
v 0.290330 11.183004 -6.951519
v 0.399607 11.183004 -7.060796
v 0.469762 11.183004 -7.198491
v 0.493941 11.183004 -7.351126
v 0.380779 11.832561 -7.474849
v 0.323913 11.832561 -7.586462
v 0.235335 11.832561 -7.675039
v 0.123723 11.832561 -7.731905
v -0.000000 11.832561 -7.751504
v -0.123722 11.832561 -7.731905
v -0.235336 11.832561 -7.675037
v -0.323913 11.832561 -7.586464
v -0.380779 11.832561 -7.474853
v -0.400378 11.832561 -7.351126
v -0.380779 11.832561 -7.227399
v -0.323913 11.832561 -7.115787
v -0.235336 11.832561 -7.027214
v -0.123722 11.832561 -6.970347
v -0.000000 11.832561 -6.950748
v 0.123722 11.832561 -6.970346
v 0.235335 11.832561 -7.027213
v 0.323913 11.832561 -7.115791
v 0.380779 11.832561 -7.227403
v 0.400378 11.832561 -7.351126
v 0.223588 12.300547 -7.423774
v 0.190197 12.300547 -7.489311
v 0.138186 12.300547 -7.541322
v 0.072648 12.300547 -7.574715
v -0.000000 12.300547 -7.586223
v -0.072648 12.300547 -7.574714
v -0.138186 12.300547 -7.541325
v -0.190198 12.300547 -7.489315
v -0.223589 12.300547 -7.423775
v -0.235097 12.300547 -7.351126
v -0.223589 12.300547 -7.278475
v -0.190198 12.300547 -7.212937
v -0.138186 12.300547 -7.160927
v -0.072648 12.300547 -7.127538
v -0.000000 12.300547 -7.116029
v 0.072648 12.300547 -7.127537
v 0.138186 12.300547 -7.160928
v 0.190197 12.300547 -7.212942
v 0.223588 12.300547 -7.278479
v 0.235097 12.300547 -7.351126
v 0.055808 12.696459 -7.369258
v 0.047473 12.696459 -7.385617
v -0.000000 12.696457 -7.351125
v 0.034491 12.696459 -7.398598
v 0.018133 12.696459 -7.406933
v -0.000000 12.696459 -7.409805
v -0.018133 12.696459 -7.406933
v -0.034491 12.696459 -7.398598
v -0.047474 12.696459 -7.385617
v -0.055808 12.696459 -7.369259
v -0.058681 12.696459 -7.351125
v -0.055808 12.696459 -7.332992
v -0.047474 12.696459 -7.316634
v -0.034491 12.696459 -7.303653
v -0.018133 12.696459 -7.295318
v -0.000000 12.696459 -7.292445
v 0.018133 12.696459 -7.295318
v 0.034491 12.696459 -7.303653
v 0.047473 12.696459 -7.316635
v 0.055808 12.696459 -7.332993
v 0.058680 12.696459 -7.351125
v 0.811756 0.344168 -7.614882
v 0.690521 0.344168 -7.852819
v 0.501693 0.344168 -8.041647
v 0.263756 0.344168 -8.162882
v -0.000000 0.344168 -8.204657
v -0.263756 0.344168 -8.162882
v -0.501693 0.344168 -8.041647
v -0.690521 0.344168 -7.852819
v -0.811756 0.344168 -7.614882
v -0.853531 0.344168 -7.351126
v -0.811756 0.344168 -7.087371
v -0.690521 0.344168 -6.849433
v -0.501693 0.344168 -6.660605
v -0.263755 0.344168 -6.539371
v -0.000000 0.344168 -6.497596
v 0.263755 0.344168 -6.539371
v 0.501693 0.344168 -6.660605
v 0.690521 0.344168 -6.849433
v 0.811756 0.344168 -7.087371
v 0.853530 0.344168 -7.351126
v 0.976275 0.196315 -7.668337
v 0.830469 0.196315 -7.954497
v 0.603371 0.196315 -8.181596
v 0.317211 0.196315 -8.327401
v 0.000000 0.196315 -8.377643
v -0.317211 0.196315 -8.327401
v -0.603371 0.196315 -8.181596
v -0.830469 0.196315 -7.954497
v -0.976275 0.196315 -7.668337
v -1.026516 0.196315 -7.351126
v -0.976275 0.196315 -7.033915
v -0.830469 0.196315 -6.747755
v -0.603371 0.196315 -6.520657
v -0.317211 0.196315 -6.374851
v -0.000000 0.196315 -6.324610
v 0.317211 0.196315 -6.374851
v 0.603371 0.196315 -6.520658
v 0.830469 0.196315 -6.747755
v 0.976275 0.196315 -7.033916
v 1.026516 0.196315 -7.351126
v 0.976275 0.022570 -7.668337
v 0.830469 0.022570 -7.954497
v 0.000000 0.022570 -7.351126
v 0.603371 0.022570 -8.181596
v 0.317211 0.022570 -8.327401
v 0.000000 0.022570 -8.377643
v -0.317211 0.022570 -8.327401
v -0.603371 0.022570 -8.181596
v -0.830469 0.022570 -7.954497
v -0.976275 0.022570 -7.668337
v -1.026516 0.022570 -7.351126
v -0.976275 0.022570 -7.033915
v -0.830469 0.022570 -6.747755
v -0.603371 0.022570 -6.520657
v -0.317211 0.022570 -6.374851
v -0.000000 0.022570 -6.324610
v 0.317211 0.022570 -6.374851
v 0.603371 0.022570 -6.520658
v 0.830469 0.022570 -6.747755
v 0.976275 0.022570 -7.033916
v 1.026516 0.022570 -7.351126
v 0.951057 0.623064 -5.414865
v 0.809018 0.623064 -5.693634
v 0.587786 0.623064 -5.914866
v 0.309017 0.623064 -6.056905
v 0.000000 0.623064 -6.105849
v -0.309017 0.623064 -6.056905
v -0.587785 0.623064 -5.914865
v -0.809017 0.623064 -5.693634
v -0.951057 0.623064 -5.414865
v -1.000000 0.623064 -5.105848
v -0.951057 0.623064 -4.796831
v -0.809017 0.623064 -4.518063
v -0.587785 0.623064 -4.296831
v -0.309017 0.623064 -4.154792
v -0.000000 0.623064 -4.105848
v 0.309017 0.623064 -4.154792
v 0.587785 0.623064 -4.296831
v 0.809017 0.623064 -4.518063
v 0.951057 0.623064 -4.796831
v 1.000000 0.623064 -5.105848
v 0.643242 8.312948 -5.314850
v 0.547180 8.312948 -5.503397
v 0.397548 8.312948 -5.653028
v 0.209003 8.312948 -5.749091
v -0.000000 8.312948 -5.782200
v -0.209002 8.312948 -5.749091
v -0.397548 8.312948 -5.653028
v -0.547180 8.312948 -5.503397
v -0.643243 8.312948 -5.314850
v -0.676351 8.312948 -5.105848
v -0.643243 8.312948 -4.896845
v -0.547180 8.312948 -4.708301
v -0.397548 8.312948 -4.558669
v -0.209002 8.312948 -4.462606
v -0.000000 8.312948 -4.429497
v 0.209002 8.312948 -4.462606
v 0.397548 8.312948 -4.558669
v 0.547180 8.312948 -4.708301
v 0.643242 8.312948 -4.896845
v 0.676351 8.312948 -5.105848
v 0.951057 7.570857 -5.414865
v 1.000000 7.570857 -5.105848
v 0.951057 7.570857 -4.796831
v 0.809017 7.570857 -4.518063
v 0.587785 7.570857 -4.296831
v 0.309017 7.570857 -4.154792
v -0.000000 7.570857 -4.105848
v -0.309017 7.570857 -4.154792
v -0.587785 7.570857 -4.296831
v -0.809017 7.570857 -4.518063
v -0.951057 7.570857 -4.796831
v -1.000000 7.570857 -5.105848
v -0.951057 7.570857 -5.414865
v -0.809017 7.570857 -5.693634
v -0.587785 7.570857 -5.914865
v -0.309017 7.570857 -6.056905
v 0.000000 7.570857 -6.105849
v 0.309017 7.570857 -6.056905
v 0.587786 7.570857 -5.914866
v 0.809018 7.570857 -5.693634
v 0.585791 9.600046 -5.296184
v 0.498309 9.600046 -5.467889
v 0.362041 9.600046 -5.604157
v 0.190336 9.600046 -5.691640
v -0.000000 9.600046 -5.721792
v -0.190335 9.600046 -5.691640
v -0.362041 9.600046 -5.604157
v -0.498309 9.600046 -5.467889
v -0.585792 9.600046 -5.296184
v -0.615943 9.600046 -5.105848
v -0.585792 9.600046 -4.915513
v -0.498309 9.600046 -4.743807
v -0.362041 9.600046 -4.607540
v -0.190335 9.600046 -4.520057
v -0.000000 9.600046 -4.489905
v 0.190335 9.600046 -4.520057
v 0.362041 9.600046 -4.607540
v 0.498309 9.600046 -4.743807
v 0.585791 9.600046 -4.915513
v 0.615943 9.600046 -5.105848
v 0.516988 9.600046 -5.273828
v 0.439780 9.600046 -5.425366
v 0.319518 9.600046 -5.545629
v 0.167980 9.600046 -5.622837
v -0.000000 9.600046 -5.649446
v -0.167979 9.600046 -5.622837
v -0.319518 9.600046 -5.545629
v -0.439780 9.600046 -5.425366
v -0.516988 9.600046 -5.273828
v -0.543598 9.600046 -5.105848
v -0.516988 9.600046 -4.937868
v -0.439780 9.600046 -4.786331
v -0.319518 9.600046 -4.666068
v -0.167979 9.600046 -4.588861
v -0.000000 9.600046 -4.562251
v 0.167979 9.600046 -4.588861
v 0.319518 9.600046 -4.666068
v 0.439780 9.600046 -4.786331
v 0.516988 9.600046 -4.937868
v 0.543598 9.600046 -5.105848
v 0.469762 11.183004 -5.258483
v 0.399607 11.183004 -5.396179
v 0.290330 11.183004 -5.505455
v 0.152635 11.183004 -5.575610
v -0.000000 11.183004 -5.599790
v -0.152635 11.183004 -5.575610
v -0.290330 11.183004 -5.505455
v -0.399607 11.183004 -5.396179
v -0.469762 11.183004 -5.258483
v -0.493941 11.183004 -5.105848
v -0.469762 11.183004 -4.953213
v -0.399607 11.183004 -4.815518
v -0.290330 11.183004 -4.706242
v -0.152635 11.183004 -4.636087
v -0.000000 11.183004 -4.611907
v 0.152635 11.183004 -4.636087
v 0.290330 11.183004 -4.706242
v 0.399607 11.183004 -4.815518
v 0.469762 11.183004 -4.953213
v 0.493941 11.183004 -5.105848
v 0.380779 11.832561 -5.229571
v 0.323913 11.832561 -5.341184
v 0.235335 11.832561 -5.429761
v 0.123723 11.832561 -5.486627
v -0.000000 11.832561 -5.506227
v -0.123722 11.832561 -5.486627
v -0.235336 11.832561 -5.429759
v -0.323913 11.832561 -5.341186
v -0.380779 11.832561 -5.229575
v -0.400378 11.832561 -5.105848
v -0.380779 11.832561 -4.982121
v -0.323913 11.832561 -4.870509
v -0.235336 11.832561 -4.781936
v -0.123722 11.832561 -4.725070
v -0.000000 11.832561 -4.705470
v 0.123722 11.832561 -4.725069
v 0.235335 11.832561 -4.781935
v 0.323913 11.832561 -4.870513
v 0.380779 11.832561 -4.982125
v 0.400378 11.832561 -5.105848
v 0.223588 12.300547 -5.178496
v 0.190197 12.300547 -5.244033
v 0.138186 12.300547 -5.296044
v 0.072648 12.300547 -5.329437
v -0.000000 12.300547 -5.340945
v -0.072648 12.300547 -5.329436
v -0.138186 12.300547 -5.296047
v -0.190198 12.300547 -5.244037
v -0.223589 12.300547 -5.178497
v -0.235097 12.300547 -5.105848
v -0.223589 12.300547 -5.033197
v -0.190198 12.300547 -4.967659
v -0.138186 12.300547 -4.915649
v -0.072648 12.300547 -4.882260
v -0.000000 12.300547 -4.870751
v 0.072648 12.300547 -4.882259
v 0.138186 12.300547 -4.915650
v 0.190197 12.300547 -4.967664
v 0.223588 12.300547 -5.033201
v 0.235097 12.300547 -5.105848
v 0.055808 12.696459 -5.123981
v 0.047473 12.696459 -5.140339
v -0.000000 12.696457 -5.105847
v 0.034491 12.696459 -5.153320
v 0.018133 12.696459 -5.161655
v -0.000000 12.696459 -5.164528
v -0.018133 12.696459 -5.161655
v -0.034491 12.696459 -5.153320
v -0.047474 12.696459 -5.140339
v -0.055808 12.696459 -5.123981
v -0.058681 12.696459 -5.105847
v -0.055808 12.696459 -5.087714
v -0.047474 12.696459 -5.071356
v -0.034491 12.696459 -5.058375
v -0.018133 12.696459 -5.050040
v -0.000000 12.696459 -5.047167
v 0.018133 12.696459 -5.050040
v 0.034491 12.696459 -5.058375
v 0.047473 12.696459 -5.071357
v 0.055808 12.696459 -5.087715
v 0.058680 12.696459 -5.105847
v 0.811756 0.344168 -5.369604
v 0.690521 0.344168 -5.607541
v 0.501693 0.344168 -5.796370
v 0.263756 0.344168 -5.917604
v -0.000000 0.344168 -5.959379
v -0.263756 0.344168 -5.917604
v -0.501693 0.344168 -5.796369
v -0.690521 0.344168 -5.607541
v -0.811756 0.344168 -5.369604
v -0.853531 0.344168 -5.105848
v -0.811756 0.344168 -4.842093
v -0.690521 0.344168 -4.604156
v -0.501693 0.344168 -4.415328
v -0.263755 0.344168 -4.294093
v -0.000000 0.344168 -4.252318
v 0.263755 0.344168 -4.294093
v 0.501693 0.344168 -4.415328
v 0.690521 0.344168 -4.604156
v 0.811756 0.344168 -4.842093
v 0.853530 0.344168 -5.105848
v 0.976275 0.196315 -5.423059
v 0.830469 0.196315 -5.709219
v 0.603371 0.196315 -5.936317
v 0.317211 0.196315 -6.082124
v 0.000000 0.196315 -6.132365
v -0.317211 0.196315 -6.082123
v -0.603371 0.196315 -5.936317
v -0.830469 0.196315 -5.709219
v -0.976275 0.196315 -5.423059
v -1.026516 0.196315 -5.105848
v -0.976275 0.196315 -4.788637
v -0.830469 0.196315 -4.502477
v -0.603371 0.196315 -4.275379
v -0.317211 0.196315 -4.129573
v -0.000000 0.196315 -4.079332
v 0.317211 0.196315 -4.129573
v 0.603371 0.196315 -4.275379
v 0.830469 0.196315 -4.502477
v 0.976275 0.196315 -4.788637
v 1.026516 0.196315 -5.105848
v 0.976275 0.022570 -5.423059
v 0.830469 0.022570 -5.709219
v 0.000000 0.022570 -5.105848
v 0.603371 0.022570 -5.936317
v 0.317211 0.022570 -6.082124
v 0.000000 0.022570 -6.132365
v -0.317211 0.022570 -6.082123
v -0.603371 0.022570 -5.936317
v -0.830469 0.022570 -5.709219
v -0.976275 0.022570 -5.423059
v -1.026516 0.022570 -5.105848
v -0.976275 0.022570 -4.788637
v -0.830469 0.022570 -4.502477
v -0.603371 0.022570 -4.275379
v -0.317211 0.022570 -4.129573
v -0.000000 0.022570 -4.079332
v 0.317211 0.022570 -4.129573
v 0.603371 0.022570 -4.275379
v 0.830469 0.022570 -4.502477
v 0.976275 0.022570 -4.788637
v 1.026516 0.022570 -5.105848
v 0.951057 0.623064 -3.196877
v 0.809018 0.623064 -3.475645
v 0.587786 0.623064 -3.696877
v 0.309017 0.623064 -3.838917
v 0.000000 0.623064 -3.887860
v -0.309017 0.623064 -3.838917
v -0.587785 0.623064 -3.696877
v -0.809017 0.623064 -3.475645
v -0.951057 0.623064 -3.196877
v -1.000000 0.623064 -2.887860
v -0.951057 0.623064 -2.578843
v -0.809017 0.623064 -2.300074
v -0.587785 0.623064 -2.078842
v -0.309017 0.623064 -1.936803
v -0.000000 0.623064 -1.887859
v 0.309017 0.623064 -1.936803
v 0.587785 0.623064 -2.078843
v 0.809017 0.623064 -2.300074
v 0.951057 0.623064 -2.578843
v 1.000000 0.623064 -2.887860
v 0.643242 8.312948 -3.096862
v 0.547180 8.312948 -3.285408
v 0.397548 8.312948 -3.435040
v 0.209003 8.312948 -3.531102
v -0.000000 8.312948 -3.564211
v -0.209002 8.312948 -3.531102
v -0.397548 8.312948 -3.435040
v -0.547180 8.312948 -3.285408
v -0.643243 8.312948 -3.096862
v -0.676351 8.312948 -2.887860
v -0.643243 8.312948 -2.678857
v -0.547180 8.312948 -2.490312
v -0.397548 8.312948 -2.340680
v -0.209002 8.312948 -2.244617
v -0.000000 8.312948 -2.211509
v 0.209002 8.312948 -2.244617
v 0.397548 8.312948 -2.340680
v 0.547180 8.312948 -2.490312
v 0.643242 8.312948 -2.678857
v 0.676351 8.312948 -2.887860
v 0.951057 7.570857 -3.196877
v 1.000000 7.570857 -2.887860
v 0.951057 7.570857 -2.578843
v 0.809017 7.570857 -2.300074
v 0.587785 7.570857 -2.078843
v 0.309017 7.570857 -1.936803
v -0.000000 7.570857 -1.887859
v -0.309017 7.570857 -1.936803
v -0.587785 7.570857 -2.078842
v -0.809017 7.570857 -2.300074
v -0.951057 7.570857 -2.578843
v -1.000000 7.570857 -2.887860
v -0.951057 7.570857 -3.196877
v -0.809017 7.570857 -3.475645
v -0.587785 7.570857 -3.696877
v -0.309017 7.570857 -3.838917
v 0.000000 7.570857 -3.887860
v 0.309017 7.570857 -3.838917
v 0.587786 7.570857 -3.696877
v 0.809018 7.570857 -3.475645
v 0.585791 9.600046 -3.078195
v 0.498309 9.600046 -3.249901
v 0.362041 9.600046 -3.386168
v 0.190336 9.600046 -3.473651
v -0.000000 9.600046 -3.503803
v -0.190335 9.600046 -3.473651
v -0.362041 9.600046 -3.386168
v -0.498309 9.600046 -3.249901
v -0.585792 9.600046 -3.078195
v -0.615943 9.600046 -2.887860
v -0.585792 9.600046 -2.697524
v -0.498309 9.600046 -2.525819
v -0.362041 9.600046 -2.389551
v -0.190335 9.600046 -2.302068
v -0.000000 9.600046 -2.271917
v 0.190335 9.600046 -2.302068
v 0.362041 9.600046 -2.389551
v 0.498309 9.600046 -2.525819
v 0.585791 9.600046 -2.697524
v 0.615943 9.600046 -2.887860
v 0.516988 9.600046 -3.055839
v 0.439780 9.600046 -3.207377
v 0.319518 9.600046 -3.327640
v 0.167980 9.600046 -3.404848
v -0.000000 9.600046 -3.431458
v -0.167979 9.600046 -3.404848
v -0.319518 9.600046 -3.327640
v -0.439780 9.600046 -3.207377
v -0.516988 9.600046 -3.055839
v -0.543598 9.600046 -2.887860
v -0.516988 9.600046 -2.719880
v -0.439780 9.600046 -2.568342
v -0.319518 9.600046 -2.448080
v -0.167979 9.600046 -2.370872
v -0.000000 9.600046 -2.344262
v 0.167979 9.600046 -2.370872
v 0.319518 9.600046 -2.448080
v 0.439780 9.600046 -2.568342
v 0.516988 9.600046 -2.719880
v 0.543598 9.600046 -2.887860
v 0.469762 11.183004 -3.040494
v 0.399607 11.183004 -3.178190
v 0.290330 11.183004 -3.287467
v 0.152635 11.183004 -3.357621
v -0.000000 11.183004 -3.381801
v -0.152635 11.183004 -3.357621
v -0.290330 11.183004 -3.287467
v -0.399607 11.183004 -3.178190
v -0.469762 11.183004 -3.040494
v -0.493941 11.183004 -2.887860
v -0.469762 11.183004 -2.735224
v -0.399607 11.183004 -2.597529
v -0.290330 11.183004 -2.488253
v -0.152635 11.183004 -2.418098
v -0.000000 11.183004 -2.393919
v 0.152635 11.183004 -2.418098
v 0.290330 11.183004 -2.488253
v 0.399607 11.183004 -2.597529
v 0.469762 11.183004 -2.735224
v 0.493941 11.183004 -2.887860
v 0.380779 11.832561 -3.011582
v 0.323913 11.832561 -3.123195
v 0.235335 11.832561 -3.211772
v 0.123723 11.832561 -3.268639
v -0.000000 11.832561 -3.288238
v -0.123722 11.832561 -3.268639
v -0.235336 11.832561 -3.211771
v -0.323913 11.832561 -3.123197
v -0.380779 11.832561 -3.011586
v -0.400378 11.832561 -2.887860
v -0.380779 11.832561 -2.764133
v -0.323913 11.832561 -2.652520
v -0.235336 11.832561 -2.563947
v -0.123722 11.832561 -2.507081
v -0.000000 11.832561 -2.487481
v 0.123722 11.832561 -2.507080
v 0.235335 11.832561 -2.563946
v 0.323913 11.832561 -2.652524
v 0.380779 11.832561 -2.764137
v 0.400378 11.832561 -2.887860
v 0.223588 12.300547 -2.960508
v 0.190197 12.300547 -3.026044
v 0.138186 12.300547 -3.078056
v 0.072648 12.300547 -3.111448
v -0.000000 12.300547 -3.122957
v -0.072648 12.300547 -3.111447
v -0.138186 12.300547 -3.078058
v -0.190198 12.300547 -3.026048
v -0.223589 12.300547 -2.960509
v -0.235097 12.300547 -2.887860
v -0.223589 12.300547 -2.815209
v -0.190198 12.300547 -2.749670
v -0.138186 12.300547 -2.697661
v -0.072648 12.300547 -2.664271
v -0.000000 12.300547 -2.652762
v 0.072648 12.300547 -2.664270
v 0.138186 12.300547 -2.697662
v 0.190197 12.300547 -2.749675
v 0.223588 12.300547 -2.815212
v 0.235097 12.300547 -2.887860
v 0.055808 12.696459 -2.905992
v 0.047473 12.696459 -2.922350
v -0.000000 12.696457 -2.887859
v 0.034491 12.696459 -2.935332
v 0.018133 12.696459 -2.943666
v -0.000000 12.696459 -2.946539
v -0.018133 12.696459 -2.943666
v -0.034491 12.696459 -2.935332
v -0.047474 12.696459 -2.922350
v -0.055808 12.696459 -2.905992
v -0.058681 12.696459 -2.887859
v -0.055808 12.696459 -2.869725
v -0.047474 12.696459 -2.853368
v -0.034491 12.696459 -2.840387
v -0.018133 12.696459 -2.832051
v -0.000000 12.696459 -2.829178
v 0.018133 12.696459 -2.832051
v 0.034491 12.696459 -2.840386
v 0.047473 12.696459 -2.853368
v 0.055808 12.696459 -2.869726
v 0.058680 12.696459 -2.887859
v 0.811756 0.344168 -3.151615
v 0.690521 0.344168 -3.389553
v 0.501693 0.344168 -3.578381
v 0.263756 0.344168 -3.699616
v -0.000000 0.344168 -3.741390
v -0.263756 0.344168 -3.699615
v -0.501693 0.344168 -3.578381
v -0.690521 0.344168 -3.389552
v -0.811756 0.344168 -3.151615
v -0.853531 0.344168 -2.887860
v -0.811756 0.344168 -2.624104
v -0.690521 0.344168 -2.386167
v -0.501693 0.344168 -2.197339
v -0.263755 0.344168 -2.076104
v -0.000000 0.344168 -2.034329
v 0.263755 0.344168 -2.076104
v 0.501693 0.344168 -2.197339
v 0.690521 0.344168 -2.386167
v 0.811756 0.344168 -2.624104
v 0.853530 0.344168 -2.887860
v 0.976275 0.196315 -3.205071
v 0.830469 0.196315 -3.491231
v 0.603371 0.196315 -3.718329
v 0.317211 0.196315 -3.864135
v 0.000000 0.196315 -3.914376
v -0.317211 0.196315 -3.864135
v -0.603371 0.196315 -3.718329
v -0.830469 0.196315 -3.491231
v -0.976275 0.196315 -3.205070
v -1.026516 0.196315 -2.887860
v -0.976275 0.196315 -2.570649
v -0.830469 0.196315 -2.284488
v -0.603371 0.196315 -2.057391
v -0.317211 0.196315 -1.911585
v -0.000000 0.196315 -1.861344
v 0.317211 0.196315 -1.911585
v 0.603371 0.196315 -2.057391
v 0.830469 0.196315 -2.284489
v 0.976275 0.196315 -2.570649
v 1.026516 0.196315 -2.887860
v 0.976275 0.022570 -3.205071
v 0.830469 0.022570 -3.491231
v 0.000000 0.022570 -2.887860
v 0.603371 0.022570 -3.718329
v 0.317211 0.022570 -3.864135
v 0.000000 0.022570 -3.914376
v -0.317211 0.022570 -3.864135
v -0.603371 0.022570 -3.718329
v -0.830469 0.022570 -3.491231
v -0.976275 0.022570 -3.205070
v -1.026516 0.022570 -2.887860
v -0.976275 0.022570 -2.570649
v -0.830469 0.022570 -2.284488
v -0.603371 0.022570 -2.057391
v -0.317211 0.022570 -1.911585
v -0.000000 0.022570 -1.861344
v 0.317211 0.022570 -1.911585
v 0.603371 0.022570 -2.057391
v 0.830469 0.022570 -2.284489
v 0.976275 0.022570 -2.570649
v 1.026516 0.022570 -2.887860
v 0.951057 0.623064 -1.008415
v 0.809018 0.623064 -1.287184
v 0.587786 0.623064 -1.508416
v 0.309017 0.623064 -1.650455
v 0.000000 0.623064 -1.699399
v -0.309017 0.623064 -1.650455
v -0.587785 0.623064 -1.508415
v -0.809017 0.623064 -1.287184
v -0.951057 0.623064 -1.008415
v -1.000000 0.623064 -0.699398
v -0.951057 0.623064 -0.390381
v -0.809017 0.623064 -0.111613
v -0.587785 0.623064 0.109619
v -0.309017 0.623064 0.251658
v -0.000000 0.623064 0.300602
v 0.309017 0.623064 0.251658
v 0.587785 0.623064 0.109619
v 0.809017 0.623064 -0.111613
v 0.951057 0.623064 -0.390381
v 1.000000 0.623064 -0.699398
v 0.643242 8.312948 -0.908400
v 0.547180 8.312948 -1.096946
v 0.397548 8.312948 -1.246578
v 0.209003 8.312948 -1.342641
v -0.000000 8.312948 -1.375749
v -0.209002 8.312948 -1.342641
v -0.397548 8.312948 -1.246578
v -0.547180 8.312948 -1.096946
v -0.643243 8.312948 -0.908400
v -0.676351 8.312948 -0.699398
v -0.643243 8.312948 -0.490395
v -0.547180 8.312948 -0.301850
v -0.397548 8.312948 -0.152218
v -0.209002 8.312948 -0.056156
v -0.000000 8.312948 -0.023047
v 0.209002 8.312948 -0.056156
v 0.397548 8.312948 -0.152218
v 0.547180 8.312948 -0.301850
v 0.643242 8.312948 -0.490395
v 0.676351 8.312948 -0.699398
v 0.951057 7.570857 -1.008415
v 1.000000 7.570857 -0.699398
v 0.951057 7.570857 -0.390381
v 0.809017 7.570857 -0.111613
v 0.587785 7.570857 0.109619
v 0.309017 7.570857 0.251658
v -0.000000 7.570857 0.300602
v -0.309017 7.570857 0.251658
v -0.587785 7.570857 0.109619
v -0.809017 7.570857 -0.111613
v -0.951057 7.570857 -0.390381
v -1.000000 7.570857 -0.699398
v -0.951057 7.570857 -1.008415
v -0.809017 7.570857 -1.287184
v -0.587785 7.570857 -1.508415
v -0.309017 7.570857 -1.650455
v 0.000000 7.570857 -1.699399
v 0.309017 7.570857 -1.650455
v 0.587786 7.570857 -1.508416
v 0.809018 7.570857 -1.287184
v 0.585791 9.600046 -0.889733
v 0.498309 9.600046 -1.061439
v 0.362041 9.600046 -1.197707
v 0.190336 9.600046 -1.285190
v -0.000000 9.600046 -1.315341
v -0.190335 9.600046 -1.285190
v -0.362041 9.600046 -1.197707
v -0.498309 9.600046 -1.061439
v -0.585792 9.600046 -0.889733
v -0.615943 9.600046 -0.699398
v -0.585792 9.600046 -0.509062
v -0.498309 9.600046 -0.337357
v -0.362041 9.600046 -0.201090
v -0.190335 9.600046 -0.113607
v -0.000000 9.600046 -0.083455
v 0.190335 9.600046 -0.113607
v 0.362041 9.600046 -0.201090
v 0.498309 9.600046 -0.337357
v 0.585791 9.600046 -0.509062
v 0.615943 9.600046 -0.699398
v 0.516988 9.600046 -0.867378
v 0.439780 9.600046 -1.018916
v 0.319518 9.600046 -1.139179
v 0.167980 9.600046 -1.216386
v -0.000000 9.600046 -1.242996
v -0.167979 9.600046 -1.216386
v -0.319518 9.600046 -1.139179
v -0.439780 9.600046 -1.018916
v -0.516988 9.600046 -0.867378
v -0.543598 9.600046 -0.699398
v -0.516988 9.600046 -0.531418
v -0.439780 9.600046 -0.379881
v -0.319518 9.600046 -0.259618
v -0.167979 9.600046 -0.182410
v -0.000000 9.600046 -0.155800
v 0.167979 9.600046 -0.182410
v 0.319518 9.600046 -0.259618
v 0.439780 9.600046 -0.379881
v 0.516988 9.600046 -0.531418
v 0.543598 9.600046 -0.699398
v 0.469762 11.183004 -0.852033
v 0.399607 11.183004 -0.989729
v 0.290330 11.183004 -1.099005
v 0.152635 11.183004 -1.169160
v -0.000000 11.183004 -1.193339
v -0.152635 11.183004 -1.169160
v -0.290330 11.183004 -1.099005
v -0.399607 11.183004 -0.989729
v -0.469762 11.183004 -0.852033
v -0.493941 11.183004 -0.699398
v -0.469762 11.183004 -0.546763
v -0.399607 11.183004 -0.409068
v -0.290330 11.183004 -0.299791
v -0.152635 11.183004 -0.229637
v -0.000000 11.183004 -0.205457
v 0.152635 11.183004 -0.229637
v 0.290330 11.183004 -0.299791
v 0.399607 11.183004 -0.409068
v 0.469762 11.183004 -0.546763
v 0.493941 11.183004 -0.699398
v 0.380779 11.832561 -0.823121
v 0.323913 11.832561 -0.934734
v 0.235335 11.832561 -1.023311
v 0.123723 11.832561 -1.080177
v -0.000000 11.832561 -1.099776
v -0.123722 11.832561 -1.080177
v -0.235336 11.832561 -1.023309
v -0.323913 11.832561 -0.934736
v -0.380779 11.832561 -0.823125
v -0.400378 11.832561 -0.699398
v -0.380779 11.832561 -0.575671
v -0.323913 11.832561 -0.464059
v -0.235336 11.832561 -0.375486
v -0.123722 11.832561 -0.318620
v -0.000000 11.832561 -0.299020
v 0.123722 11.832561 -0.318618
v 0.235335 11.832561 -0.375485
v 0.323913 11.832561 -0.464063
v 0.380779 11.832561 -0.575675
v 0.400378 11.832561 -0.699398
v 0.223588 12.300547 -0.772046
v 0.190197 12.300547 -0.837583
v 0.138186 12.300547 -0.889594
v 0.072648 12.300547 -0.922987
v -0.000000 12.300547 -0.934495
v -0.072648 12.300547 -0.922986
v -0.138186 12.300547 -0.889596
v -0.190198 12.300547 -0.837587
v -0.223589 12.300547 -0.772047
v -0.235097 12.300547 -0.699398
v -0.223589 12.300547 -0.626747
v -0.190198 12.300547 -0.561209
v -0.138186 12.300547 -0.509199
v -0.072648 12.300547 -0.475810
v -0.000000 12.300547 -0.464301
v 0.072648 12.300547 -0.475809
v 0.138186 12.300547 -0.509200
v 0.190197 12.300547 -0.561214
v 0.223588 12.300547 -0.626751
v 0.235097 12.300547 -0.699398
v 0.055808 12.696459 -0.717531
v 0.047473 12.696459 -0.733889
v -0.000000 12.696457 -0.699397
v 0.034491 12.696459 -0.746870
v 0.018133 12.696459 -0.755205
v -0.000000 12.696459 -0.758078
v -0.018133 12.696459 -0.755205
v -0.034491 12.696459 -0.746870
v -0.047474 12.696459 -0.733889
v -0.055808 12.696459 -0.717531
v -0.058681 12.696459 -0.699397
v -0.055808 12.696459 -0.681264
v -0.047474 12.696459 -0.664906
v -0.034491 12.696459 -0.651925
v -0.018133 12.696459 -0.643590
v -0.000000 12.696459 -0.640717
v 0.018133 12.696459 -0.643589
v 0.034491 12.696459 -0.651924
v 0.047473 12.696459 -0.664907
v 0.055808 12.696459 -0.681264
v 0.058680 12.696459 -0.699397
v 0.811756 0.344168 -0.963154
v 0.690521 0.344168 -1.201091
v 0.501693 0.344168 -1.389919
v 0.263756 0.344168 -1.511154
v -0.000000 0.344168 -1.552929
v -0.263756 0.344168 -1.511154
v -0.501693 0.344168 -1.389919
v -0.690521 0.344168 -1.201091
v -0.811756 0.344168 -0.963154
v -0.853531 0.344168 -0.699398
v -0.811756 0.344168 -0.435643
v -0.690521 0.344168 -0.197706
v -0.501693 0.344168 -0.008878
v -0.263755 0.344168 0.112358
v -0.000000 0.344168 0.154132
v 0.263755 0.344168 0.112357
v 0.501693 0.344168 -0.008878
v 0.690521 0.344168 -0.197706
v 0.811756 0.344168 -0.435643
v 0.853530 0.344168 -0.699398
v 0.976275 0.196315 -1.016609
v 0.830469 0.196315 -1.302769
v 0.603371 0.196315 -1.529867
v 0.317211 0.196315 -1.675673
v 0.000000 0.196315 -1.725915
v -0.317211 0.196315 -1.675673
v -0.603371 0.196315 -1.529867
v -0.830469 0.196315 -1.302769
v -0.976275 0.196315 -1.016609
v -1.026516 0.196315 -0.699398
v -0.976275 0.196315 -0.382187
v -0.830469 0.196315 -0.096027
v -0.603371 0.196315 0.131071
v -0.317211 0.196315 0.276877
v -0.000000 0.196315 0.327118
v 0.317211 0.196315 0.276877
v 0.603371 0.196315 0.131071
v 0.830469 0.196315 -0.096027
v 0.976275 0.196315 -0.382187
v 1.026516 0.196315 -0.699398
v 0.976275 0.022570 -1.016609
v 0.830469 0.022570 -1.302769
v 0.000000 0.022570 -0.699398
v 0.603371 0.022570 -1.529867
v 0.317211 0.022570 -1.675673
v 0.000000 0.022570 -1.725915
v -0.317211 0.022570 -1.675673
v -0.603371 0.022570 -1.529867
v -0.830469 0.022570 -1.302769
v -0.976275 0.022570 -1.016609
v -1.026516 0.022570 -0.699398
v -0.976275 0.022570 -0.382187
v -0.830469 0.022570 -0.096027
v -0.603371 0.022570 0.131071
v -0.317211 0.022570 0.276877
v -0.000000 0.022570 0.327118
v 0.317211 0.022570 0.276877
v 0.603371 0.022570 0.131071
v 0.830469 0.022570 -0.096027
v 0.976275 0.022570 -0.382187
v 1.026516 0.022570 -0.699398
v 0.951057 0.623064 1.219134
v 0.809018 0.623064 0.940366
v 0.587786 0.623064 0.719134
v 0.309017 0.623064 0.577094
v 0.000000 0.623064 0.528151
v -0.309017 0.623064 0.577095
v -0.587785 0.623064 0.719134
v -0.809017 0.623064 0.940366
v -0.951057 0.623064 1.219134
v -1.000000 0.623064 1.528152
v -0.951057 0.623064 1.837169
v -0.809017 0.623064 2.115937
v -0.587785 0.623064 2.337169
v -0.309017 0.623064 2.479208
v -0.000000 0.623064 2.528152
v 0.309017 0.623064 2.479208
v 0.587785 0.623064 2.337169
v 0.809017 0.623064 2.115937
v 0.951057 0.623064 1.837168
v 1.000000 0.623064 1.528152
v 0.643242 8.312948 1.319149
v 0.547180 8.312948 1.130604
v 0.397548 8.312948 0.980971
v 0.209003 8.312948 0.884909
v -0.000000 8.312948 0.851800
v -0.209002 8.312948 0.884909
v -0.397548 8.312948 0.980971
v -0.547180 8.312948 1.130604
v -0.643243 8.312948 1.319149
v -0.676351 8.312948 1.528152
v -0.643243 8.312948 1.737154
v -0.547180 8.312948 1.925699
v -0.397548 8.312948 2.075331
v -0.209002 8.312948 2.171394
v -0.000000 8.312948 2.204503
v 0.209002 8.312948 2.171394
v 0.397548 8.312948 2.075331
v 0.547180 8.312948 1.925699
v 0.643242 8.312948 1.737154
v 0.676351 8.312948 1.528152
v 0.951057 7.570857 1.219134
v 1.000000 7.570857 1.528152
v 0.951057 7.570857 1.837168
v 0.809017 7.570857 2.115937
v 0.587785 7.570857 2.337169
v 0.309017 7.570857 2.479208
v -0.000000 7.570857 2.528152
v -0.309017 7.570857 2.479208
v -0.587785 7.570857 2.337169
v -0.809017 7.570857 2.115937
v -0.951057 7.570857 1.837169
v -1.000000 7.570857 1.528152
v -0.951057 7.570857 1.219134
v -0.809017 7.570857 0.940366
v -0.587785 7.570857 0.719134
v -0.309017 7.570857 0.577095
v 0.000000 7.570857 0.528151
v 0.309017 7.570857 0.577094
v 0.587786 7.570857 0.719134
v 0.809018 7.570857 0.940366
v 0.585791 9.600046 1.337816
v 0.498309 9.600046 1.166110
v 0.362041 9.600046 1.029843
v 0.190336 9.600046 0.942360
v -0.000000 9.600046 0.912208
v -0.190335 9.600046 0.942360
v -0.362041 9.600046 1.029843
v -0.498309 9.600046 1.166110
v -0.585792 9.600046 1.337816
v -0.615943 9.600046 1.528151
v -0.585792 9.600046 1.718487
v -0.498309 9.600046 1.890192
v -0.362041 9.600046 2.026460
v -0.190335 9.600046 2.113943
v -0.000000 9.600046 2.144094
v 0.190335 9.600046 2.113943
v 0.362041 9.600046 2.026460
v 0.498309 9.600046 1.890192
v 0.585791 9.600046 1.718487
v 0.615943 9.600046 1.528151
v 0.516988 9.600046 1.360172
v 0.439780 9.600046 1.208634
v 0.319518 9.600046 1.088371
v 0.167980 9.600046 1.011163
v -0.000000 9.600046 0.984553
v -0.167979 9.600046 1.011163
v -0.319518 9.600046 1.088371
v -0.439780 9.600046 1.208634
v -0.516988 9.600046 1.360172
v -0.543598 9.600046 1.528151
v -0.516988 9.600046 1.696132
v -0.439780 9.600046 1.847669
v -0.319518 9.600046 1.967932
v -0.167979 9.600046 2.045139
v -0.000000 9.600046 2.071749
v 0.167979 9.600046 2.045139
v 0.319518 9.600046 1.967932
v 0.439780 9.600046 1.847669
v 0.516988 9.600046 1.696131
v 0.543598 9.600046 1.528151
v 0.469762 11.183004 1.375517
v 0.399607 11.183004 1.237821
v 0.290330 11.183004 1.128544
v 0.152635 11.183004 1.058390
v -0.000000 11.183004 1.034210
v -0.152635 11.183004 1.058390
v -0.290330 11.183004 1.128544
v -0.399607 11.183004 1.237821
v -0.469762 11.183004 1.375517
v -0.493941 11.183004 1.528151
v -0.469762 11.183004 1.680787
v -0.399607 11.183004 1.818482
v -0.290330 11.183004 1.927758
v -0.152635 11.183004 1.997913
v -0.000000 11.183004 2.022092
v 0.152635 11.183004 1.997913
v 0.290330 11.183004 1.927758
v 0.399607 11.183004 1.818482
v 0.469762 11.183004 1.680787
v 0.493941 11.183004 1.528151
v 0.380779 11.832561 1.404429
v 0.323913 11.832561 1.292816
v 0.235335 11.832561 1.204239
v 0.123723 11.832561 1.147373
v -0.000000 11.832561 1.127773
v -0.123722 11.832561 1.147373
v -0.235336 11.832561 1.204241
v -0.323913 11.832561 1.292814
v -0.380779 11.832561 1.404425
v -0.400378 11.832561 1.528151
v -0.380779 11.832561 1.651878
v -0.323913 11.832561 1.763491
v -0.235336 11.832561 1.852064
v -0.123722 11.832561 1.908930
v -0.000000 11.832561 1.928530
v 0.123722 11.832561 1.908931
v 0.235335 11.832561 1.852065
v 0.323913 11.832561 1.763487
v 0.380779 11.832561 1.651874
v 0.400378 11.832561 1.528151
v 0.223588 12.300547 1.455503
v 0.190197 12.300547 1.389967
v 0.138186 12.300547 1.337955
v 0.072648 12.300547 1.304563
v -0.000000 12.300547 1.293055
v -0.072648 12.300547 1.304564
v -0.138186 12.300547 1.337953
v -0.190198 12.300547 1.389963
v -0.223589 12.300547 1.455502
v -0.235097 12.300547 1.528152
v -0.223589 12.300547 1.600802
v -0.190198 12.300547 1.666341
v -0.138186 12.300547 1.718350
v -0.072648 12.300547 1.751740
v -0.000000 12.300547 1.763249
v 0.072648 12.300547 1.751741
v 0.138186 12.300547 1.718349
v 0.190197 12.300547 1.666336
v 0.223588 12.300547 1.600799
v 0.235097 12.300547 1.528152
v 0.055808 12.696459 1.510019
v 0.047473 12.696459 1.493661
v -0.000000 12.696457 1.528152
v 0.034491 12.696459 1.480680
v 0.018133 12.696459 1.472345
v -0.000000 12.696459 1.469472
v -0.018133 12.696459 1.472345
v -0.034491 12.696459 1.480679
v -0.047474 12.696459 1.493661
v -0.055808 12.696459 1.510019
v -0.058681 12.696459 1.528152
v -0.055808 12.696459 1.546286
v -0.047474 12.696459 1.562643
v -0.034491 12.696459 1.575624
v -0.018133 12.696459 1.583960
v -0.000000 12.696459 1.586833
v 0.018133 12.696459 1.583960
v 0.034491 12.696459 1.575625
v 0.047473 12.696459 1.562643
v 0.055808 12.696459 1.546285
v 0.058680 12.696459 1.528152
v 0.811756 0.344168 1.264396
v 0.690521 0.344168 1.026459
v 0.501693 0.344168 0.837631
v 0.263756 0.344168 0.716395
v -0.000000 0.344168 0.674621
v -0.263756 0.344168 0.716395
v -0.501693 0.344168 0.837631
v -0.690521 0.344168 1.026459
v -0.811756 0.344168 1.264396
v -0.853531 0.344168 1.528152
v -0.811756 0.344168 1.791907
v -0.690521 0.344168 2.029844
v -0.501693 0.344168 2.218672
v -0.263755 0.344168 2.339907
v -0.000000 0.344168 2.381682
v 0.263755 0.344168 2.339907
v 0.501693 0.344168 2.218672
v 0.690521 0.344168 2.029844
v 0.811756 0.344168 1.791907
v 0.853530 0.344168 1.528152
v 0.976275 0.196315 1.210940
v 0.830469 0.196315 0.924780
v 0.603371 0.196315 0.697682
v 0.317211 0.196315 0.551876
v 0.000000 0.196315 0.501635
v -0.317211 0.196315 0.551876
v -0.603371 0.196315 0.697682
v -0.830469 0.196315 0.924780
v -0.976275 0.196315 1.210941
v -1.026516 0.196315 1.528152
v -0.976275 0.196315 1.845362
v -0.830469 0.196315 2.131523
v -0.603371 0.196315 2.358620
v -0.317211 0.196315 2.504426
v -0.000000 0.196315 2.554667
v 0.317211 0.196315 2.504426
v 0.603371 0.196315 2.358620
v 0.830469 0.196315 2.131523
v 0.976275 0.196315 1.845362
v 1.026516 0.196315 1.528152
v 0.976275 0.022570 1.210940
v 0.830469 0.022570 0.924780
v 0.000000 0.022570 1.528152
v 0.603371 0.022570 0.697682
v 0.317211 0.022570 0.551876
v 0.000000 0.022570 0.501635
v -0.317211 0.022570 0.551876
v -0.603371 0.022570 0.697682
v -0.830469 0.022570 0.924780
v -0.976275 0.022570 1.210941
v -1.026516 0.022570 1.528152
v -0.976275 0.022570 1.845362
v -0.830469 0.022570 2.131523
v -0.603371 0.022570 2.358620
v -0.317211 0.022570 2.504426
v -0.000000 0.022570 2.554667
v 0.317211 0.022570 2.504426
v 0.603371 0.022570 2.358620
v 0.830469 0.022570 2.131523
v 0.976275 0.022570 1.845362
v 1.026516 0.022570 1.528152
v 0.951057 0.623064 3.463780
v 0.809018 0.623064 3.185012
v 0.587786 0.623064 2.963780
v 0.309017 0.623064 2.821741
v 0.000000 0.623064 2.772797
v -0.309017 0.623064 2.821741
v -0.587785 0.623064 2.963780
v -0.809017 0.623064 3.185012
v -0.951057 0.623064 3.463780
v -1.000000 0.623064 3.772798
v -0.951057 0.623064 4.081815
v -0.809017 0.623064 4.360583
v -0.587785 0.623064 4.581815
v -0.309017 0.623064 4.723854
v -0.000000 0.623064 4.772798
v 0.309017 0.623064 4.723854
v 0.587785 0.623064 4.581815
v 0.809017 0.623064 4.360583
v 0.951057 0.623064 4.081815
v 1.000000 0.623064 3.772798
v 0.643242 8.312948 3.563796
v 0.547180 8.312948 3.375250
v 0.397548 8.312948 3.225617
v 0.209003 8.312948 3.129555
v -0.000000 8.312948 3.096446
v -0.209002 8.312948 3.129555
v -0.397548 8.312948 3.225617
v -0.547180 8.312948 3.375250
v -0.643243 8.312948 3.563796
v -0.676351 8.312948 3.772798
v -0.643243 8.312948 3.981800
v -0.547180 8.312948 4.170345
v -0.397548 8.312948 4.319977
v -0.209002 8.312948 4.416040
v -0.000000 8.312948 4.449149
v 0.209002 8.312948 4.416040
v 0.397548 8.312948 4.319977
v 0.547180 8.312948 4.170345
v 0.643242 8.312948 3.981800
v 0.676351 8.312948 3.772798
v 0.951057 7.570857 3.463780
v 1.000000 7.570857 3.772798
v 0.951057 7.570857 4.081815
v 0.809017 7.570857 4.360583
v 0.587785 7.570857 4.581815
v 0.309017 7.570857 4.723854
v -0.000000 7.570857 4.772798
v -0.309017 7.570857 4.723854
v -0.587785 7.570857 4.581815
v -0.809017 7.570857 4.360583
v -0.951057 7.570857 4.081815
v -1.000000 7.570857 3.772798
v -0.951057 7.570857 3.463780
v -0.809017 7.570857 3.185012
v -0.587785 7.570857 2.963780
v -0.309017 7.570857 2.821741
v 0.000000 7.570857 2.772797
v 0.309017 7.570857 2.821741
v 0.587786 7.570857 2.963780
v 0.809018 7.570857 3.185012
v 0.585791 9.600046 3.582463
v 0.498309 9.600046 3.410756
v 0.362041 9.600046 3.274489
v 0.190336 9.600046 3.187006
v -0.000000 9.600046 3.156854
v -0.190335 9.600046 3.187006
v -0.362041 9.600046 3.274489
v -0.498309 9.600046 3.410756
v -0.585792 9.600046 3.582463
v -0.615943 9.600046 3.772798
v -0.585792 9.600046 3.963133
v -0.498309 9.600046 4.134839
v -0.362041 9.600046 4.271106
v -0.190335 9.600046 4.358589
v -0.000000 9.600046 4.388741
v 0.190335 9.600046 4.358589
v 0.362041 9.600046 4.271106
v 0.498309 9.600046 4.134839
v 0.585791 9.600046 3.963133
v 0.615943 9.600046 3.772798
v 0.516988 9.600046 3.604818
v 0.439780 9.600046 3.453280
v 0.319518 9.600046 3.333017
v 0.167980 9.600046 3.255810
v -0.000000 9.600046 3.229199
v -0.167979 9.600046 3.255810
v -0.319518 9.600046 3.333017
v -0.439780 9.600046 3.453280
v -0.516988 9.600046 3.604818
v -0.543598 9.600046 3.772798
v -0.516988 9.600046 3.940778
v -0.439780 9.600046 4.092315
v -0.319518 9.600046 4.212578
v -0.167979 9.600046 4.289785
v -0.000000 9.600046 4.316395
v 0.167979 9.600046 4.289785
v 0.319518 9.600046 4.212578
v 0.439780 9.600046 4.092315
v 0.516988 9.600046 3.940778
v 0.543598 9.600046 3.772798
v 0.469762 11.183004 3.620163
v 0.399607 11.183004 3.482467
v 0.290330 11.183004 3.373190
v 0.152635 11.183004 3.303036
v -0.000000 11.183004 3.278856
v -0.152635 11.183004 3.303036
v -0.290330 11.183004 3.373190
v -0.399607 11.183004 3.482467
v -0.469762 11.183004 3.620163
v -0.493941 11.183004 3.772798
v -0.469762 11.183004 3.925433
v -0.399607 11.183004 4.063128
v -0.290330 11.183004 4.172404
v -0.152635 11.183004 4.242559
v -0.000000 11.183004 4.266738
v 0.152635 11.183004 4.242559
v 0.290330 11.183004 4.172404
v 0.399607 11.183004 4.063128
v 0.469762 11.183004 3.925433
v 0.493941 11.183004 3.772798
v 0.380779 11.832561 3.649075
v 0.323913 11.832561 3.537462
v 0.235335 11.832561 3.448885
v 0.123723 11.832561 3.392019
v -0.000000 11.832561 3.372419
v -0.123722 11.832561 3.392019
v -0.235336 11.832561 3.448887
v -0.323913 11.832561 3.537460
v -0.380779 11.832561 3.649071
v -0.400378 11.832561 3.772798
v -0.380779 11.832561 3.896524
v -0.323913 11.832561 4.008137
v -0.235336 11.832561 4.096710
v -0.123722 11.832561 4.153576
v -0.000000 11.832561 4.173176
v 0.123722 11.832561 4.153577
v 0.235335 11.832561 4.096711
v 0.323913 11.832561 4.008133
v 0.380779 11.832561 3.896520
v 0.400378 11.832561 3.772798
v 0.223588 12.300547 3.700149
v 0.190197 12.300547 3.634613
v 0.138186 12.300547 3.582602
v 0.072648 12.300547 3.549209
v -0.000000 12.300547 3.537701
v -0.072648 12.300547 3.549210
v -0.138186 12.300547 3.582599
v -0.190198 12.300547 3.634609
v -0.223589 12.300547 3.700148
v -0.235097 12.300547 3.772798
v -0.223589 12.300547 3.845448
v -0.190198 12.300547 3.910987
v -0.138186 12.300547 3.962996
v -0.072648 12.300547 3.996386
v -0.000000 12.300547 4.007895
v 0.072648 12.300547 3.996387
v 0.138186 12.300547 3.962996
v 0.190197 12.300547 3.910982
v 0.223588 12.300547 3.845445
v 0.235097 12.300547 3.772798
v 0.055808 12.696459 3.754665
v 0.047473 12.696459 3.738307
v -0.000000 12.696457 3.772798
v 0.034491 12.696459 3.725326
v 0.018133 12.696459 3.716991
v -0.000000 12.696459 3.714118
v -0.018133 12.696459 3.716991
v -0.034491 12.696459 3.725325
v -0.047474 12.696459 3.738307
v -0.055808 12.696459 3.754665
v -0.058681 12.696459 3.772798
v -0.055808 12.696459 3.790932
v -0.047474 12.696459 3.807290
v -0.034491 12.696459 3.820271
v -0.018133 12.696459 3.828606
v -0.000000 12.696459 3.831479
v 0.018133 12.696459 3.828606
v 0.034491 12.696459 3.820271
v 0.047473 12.696459 3.807289
v 0.055808 12.696459 3.790931
v 0.058680 12.696459 3.772798
v 0.811756 0.344168 3.509042
v 0.690521 0.344168 3.271105
v 0.501693 0.344168 3.082277
v 0.263756 0.344168 2.961041
v -0.000000 0.344168 2.919267
v -0.263756 0.344168 2.961041
v -0.501693 0.344168 3.082277
v -0.690521 0.344168 3.271105
v -0.811756 0.344168 3.509042
v -0.853531 0.344168 3.772798
v -0.811756 0.344168 4.036553
v -0.690521 0.344168 4.274490
v -0.501693 0.344168 4.463318
v -0.263755 0.344168 4.584553
v -0.000000 0.344168 4.626328
v 0.263755 0.344168 4.584553
v 0.501693 0.344168 4.463318
v 0.690521 0.344168 4.274490
v 0.811756 0.344168 4.036553
v 0.853530 0.344168 3.772798
v 0.976275 0.196315 3.455586
v 0.830469 0.196315 3.169426
v 0.603371 0.196315 2.942328
v 0.317211 0.196315 2.796522
v 0.000000 0.196315 2.746281
v -0.317211 0.196315 2.796522
v -0.603371 0.196315 2.942328
v -0.830469 0.196315 3.169426
v -0.976275 0.196315 3.455587
v -1.026516 0.196315 3.772798
v -0.976275 0.196315 4.090009
v -0.830469 0.196315 4.376169
v -0.603371 0.196315 4.603267
v -0.317211 0.196315 4.749073
v -0.000000 0.196315 4.799314
v 0.317211 0.196315 4.749073
v 0.603371 0.196315 4.603267
v 0.830469 0.196315 4.376169
v 0.976275 0.196315 4.090009
v 1.026516 0.196315 3.772798
v 0.976275 0.022570 3.455586
v 0.830469 0.022570 3.169426
v 0.000000 0.022570 3.772798
v 0.603371 0.022570 2.942328
v 0.317211 0.022570 2.796522
v 0.000000 0.022570 2.746281
v -0.317211 0.022570 2.796522
v -0.603371 0.022570 2.942328
v -0.830469 0.022570 3.169426
v -0.976275 0.022570 3.455587
v -1.026516 0.022570 3.772798
v -0.976275 0.022570 4.090009
v -0.830469 0.022570 4.376169
v -0.603371 0.022570 4.603267
v -0.317211 0.022570 4.749073
v -0.000000 0.022570 4.799314
v 0.317211 0.022570 4.749073
v 0.603371 0.022570 4.603267
v 0.830469 0.022570 4.376169
v 0.976275 0.022570 4.090009
v 1.026516 0.022570 3.772798
v 0.951057 0.623064 5.675856
v 0.809018 0.623064 5.397087
v 0.587786 0.623064 5.175855
v 0.309017 0.623064 5.033816
v 0.000000 0.623064 4.984872
v -0.309017 0.623064 5.033816
v -0.587785 0.623064 5.175856
v -0.809017 0.623064 5.397088
v -0.951057 0.623064 5.675856
v -1.000000 0.623064 5.984873
v -0.951057 0.623064 6.293890
v -0.809017 0.623064 6.572658
v -0.587785 0.623064 6.793890
v -0.309017 0.623064 6.935929
v -0.000000 0.623064 6.984873
v 0.309017 0.623064 6.935929
v 0.587785 0.623064 6.793890
v 0.809017 0.623064 6.572658
v 0.951057 0.623064 6.293890
v 1.000000 0.623064 5.984873
v 0.643242 8.312948 5.775871
v 0.547180 8.312948 5.587325
v 0.397548 8.312948 5.437693
v 0.209003 8.312948 5.341630
v -0.000000 8.312948 5.308521
v -0.209002 8.312948 5.341630
v -0.397548 8.312948 5.437693
v -0.547180 8.312948 5.587325
v -0.643243 8.312948 5.775871
v -0.676351 8.312948 5.984873
v -0.643243 8.312948 6.193876
v -0.547180 8.312948 6.382421
v -0.397548 8.312948 6.532053
v -0.209002 8.312948 6.628115
v -0.000000 8.312948 6.661224
v 0.209002 8.312948 6.628115
v 0.397548 8.312948 6.532053
v 0.547180 8.312948 6.382421
v 0.643242 8.312948 6.193876
v 0.676351 8.312948 5.984873
v 0.951057 7.570857 5.675856
v 1.000000 7.570857 5.984873
v 0.951057 7.570857 6.293890
v 0.809017 7.570857 6.572658
v 0.587785 7.570857 6.793890
v 0.309017 7.570857 6.935929
v -0.000000 7.570857 6.984873
v -0.309017 7.570857 6.935929
v -0.587785 7.570857 6.793890
v -0.809017 7.570857 6.572658
v -0.951057 7.570857 6.293890
v -1.000000 7.570857 5.984873
v -0.951057 7.570857 5.675856
v -0.809017 7.570857 5.397088
v -0.587785 7.570857 5.175856
v -0.309017 7.570857 5.033816
v 0.000000 7.570857 4.984872
v 0.309017 7.570857 5.033816
v 0.587786 7.570857 5.175855
v 0.809018 7.570857 5.397087
v 0.585791 9.600046 5.794538
v 0.498309 9.600046 5.622832
v 0.362041 9.600046 5.486564
v 0.190336 9.600046 5.399081
v -0.000000 9.600046 5.368929
v -0.190335 9.600046 5.399081
v -0.362041 9.600046 5.486564
v -0.498309 9.600046 5.622832
v -0.585792 9.600046 5.794538
v -0.615943 9.600046 5.984873
v -0.585792 9.600046 6.175209
v -0.498309 9.600046 6.346914
v -0.362041 9.600046 6.483181
v -0.190335 9.600046 6.570664
v -0.000000 9.600046 6.600816
v 0.190335 9.600046 6.570664
v 0.362041 9.600046 6.483181
v 0.498309 9.600046 6.346914
v 0.585791 9.600046 6.175209
v 0.615943 9.600046 5.984873
v 0.516988 9.600046 5.816894
v 0.439780 9.600046 5.665355
v 0.319518 9.600046 5.545093
v 0.167980 9.600046 5.467885
v -0.000000 9.600046 5.441275
v -0.167979 9.600046 5.467885
v -0.319518 9.600046 5.545093
v -0.439780 9.600046 5.665355
v -0.516988 9.600046 5.816894
v -0.543598 9.600046 5.984873
v -0.516988 9.600046 6.152853
v -0.439780 9.600046 6.304390
v -0.319518 9.600046 6.424653
v -0.167979 9.600046 6.501861
v -0.000000 9.600046 6.528471
v 0.167979 9.600046 6.501861
v 0.319518 9.600046 6.424653
v 0.439780 9.600046 6.304390
v 0.516988 9.600046 6.152853
v 0.543598 9.600046 5.984873
v 0.469762 11.183004 5.832238
v 0.399607 11.183004 5.694542
v 0.290330 11.183004 5.585266
v 0.152635 11.183004 5.515111
v -0.000000 11.183004 5.490932
v -0.152635 11.183004 5.515111
v -0.290330 11.183004 5.585266
v -0.399607 11.183004 5.694542
v -0.469762 11.183004 5.832238
v -0.493941 11.183004 5.984873
v -0.469762 11.183004 6.137508
v -0.399607 11.183004 6.275203
v -0.290330 11.183004 6.384480
v -0.152635 11.183004 6.454634
v -0.000000 11.183004 6.478814
v 0.152635 11.183004 6.454634
v 0.290330 11.183004 6.384480
v 0.399607 11.183004 6.275203
v 0.469762 11.183004 6.137508
v 0.493941 11.183004 5.984873
v 0.380779 11.832561 5.861150
v 0.323913 11.832561 5.749537
v 0.235335 11.832561 5.660960
v 0.123723 11.832561 5.604094
v -0.000000 11.832561 5.584495
v -0.123722 11.832561 5.604094
v -0.235336 11.832561 5.660962
v -0.323913 11.832561 5.749535
v -0.380779 11.832561 5.861146
v -0.400378 11.832561 5.984873
v -0.380779 11.832561 6.108600
v -0.323913 11.832561 6.220212
v -0.235336 11.832561 6.308785
v -0.123722 11.832561 6.365652
v -0.000000 11.832561 6.385251
v 0.123722 11.832561 6.365653
v 0.235335 11.832561 6.308786
v 0.323913 11.832561 6.220208
v 0.380779 11.832561 6.108596
v 0.400378 11.832561 5.984873
v 0.223588 12.300547 5.912225
v 0.190197 12.300547 5.846688
v 0.138186 12.300547 5.794677
v 0.072648 12.300547 5.761284
v -0.000000 12.300547 5.749776
v -0.072648 12.300547 5.761285
v -0.138186 12.300547 5.794674
v -0.190198 12.300547 5.846684
v -0.223589 12.300547 5.912224
v -0.235097 12.300547 5.984873
v -0.223589 12.300547 6.057524
v -0.190198 12.300547 6.123062
v -0.138186 12.300547 6.175072
v -0.072648 12.300547 6.208461
v -0.000000 12.300547 6.219970
v 0.072648 12.300547 6.208462
v 0.138186 12.300547 6.175071
v 0.190197 12.300547 6.123057
v 0.223588 12.300547 6.057520
v 0.235097 12.300547 5.984873
v 0.055808 12.696459 5.966741
v 0.047473 12.696459 5.950382
v -0.000000 12.696457 5.984874
v 0.034491 12.696459 5.937401
v 0.018133 12.696459 5.929066
v -0.000000 12.696459 5.926193
v -0.018133 12.696459 5.929066
v -0.034491 12.696459 5.937401
v -0.047474 12.696459 5.950382
v -0.055808 12.696459 5.966740
v -0.058681 12.696459 5.984874
v -0.055808 12.696459 6.003007
v -0.047474 12.696459 6.019365
v -0.034491 12.696459 6.032346
v -0.018133 12.696459 6.040681
v -0.000000 12.696459 6.043554
v 0.018133 12.696459 6.040681
v 0.034491 12.696459 6.032346
v 0.047473 12.696459 6.019364
v 0.055808 12.696459 6.003006
v 0.058680 12.696459 5.984874
v 0.811756 0.344168 5.721117
v 0.690521 0.344168 5.483180
v 0.501693 0.344168 5.294352
v 0.263756 0.344168 5.173117
v -0.000000 0.344168 5.131342
v -0.263756 0.344168 5.173117
v -0.501693 0.344168 5.294352
v -0.690521 0.344168 5.483180
v -0.811756 0.344168 5.721117
v -0.853531 0.344168 5.984873
v -0.811756 0.344168 6.248628
v -0.690521 0.344168 6.486566
v -0.501693 0.344168 6.675394
v -0.263755 0.344168 6.796628
v -0.000000 0.344168 6.838403
v 0.263755 0.344168 6.796628
v 0.501693 0.344168 6.675394
v 0.690521 0.344168 6.486566
v 0.811756 0.344168 6.248628
v 0.853530 0.344168 5.984873
v 0.976275 0.196315 5.667662
v 0.830469 0.196315 5.381502
v 0.603371 0.196315 5.154404
v 0.317211 0.196315 5.008597
v 0.000000 0.196315 4.958356
v -0.317211 0.196315 5.008598
v -0.603371 0.196315 5.154404
v -0.830469 0.196315 5.381502
v -0.976275 0.196315 5.667662
v -1.026516 0.196315 5.984873
v -0.976275 0.196315 6.302084
v -0.830469 0.196315 6.588244
v -0.603371 0.196315 6.815342
v -0.317211 0.196315 6.961148
v -0.000000 0.196315 7.011389
v 0.317211 0.196315 6.961148
v 0.603371 0.196315 6.815342
v 0.830469 0.196315 6.588244
v 0.976275 0.196315 6.302084
v 1.026516 0.196315 5.984873
v 0.976275 0.022570 5.667662
v 0.830469 0.022570 5.381502
v 0.000000 0.022570 5.984873
v 0.603371 0.022570 5.154404
v 0.317211 0.022570 5.008597
v 0.000000 0.022570 4.958356
v -0.317211 0.022570 5.008598
v -0.603371 0.022570 5.154404
v -0.830469 0.022570 5.381502
v -0.976275 0.022570 5.667662
v -1.026516 0.022570 5.984873
v -0.976275 0.022570 6.302084
v -0.830469 0.022570 6.588244
v -0.603371 0.022570 6.815342
v -0.317211 0.022570 6.961148
v -0.000000 0.022570 7.011389
v 0.317211 0.022570 6.961148
v 0.603371 0.022570 6.815342
v 0.830469 0.022570 6.588244
v 0.976275 0.022570 6.302084
v 1.026516 0.022570 5.984873
v 0.951057 0.623064 7.871597
v 0.809018 0.623064 7.592829
v 0.587786 0.623064 7.371597
v 0.309017 0.623064 7.229558
v 0.000000 0.623064 7.180614
v -0.309017 0.623064 7.229558
v -0.587785 0.623064 7.371597
v -0.809017 0.623064 7.592829
v -0.951057 0.623064 7.871597
v -1.000000 0.623064 8.180614
v -0.951057 0.623064 8.489632
v -0.809017 0.623064 8.768400
v -0.587785 0.623064 8.989632
v -0.309017 0.623064 9.131671
v -0.000000 0.623064 9.180614
v 0.309017 0.623064 9.131671
v 0.587785 0.623064 8.989632
v 0.809017 0.623064 8.768400
v 0.951057 0.623064 8.489632
v 1.000000 0.623064 8.180614
v 0.643242 8.312948 7.971612
v 0.547180 8.312948 7.783066
v 0.397548 8.312948 7.633434
v 0.209003 8.312948 7.537372
v -0.000000 8.312948 7.504263
v -0.209002 8.312948 7.537372
v -0.397548 8.312948 7.633434
v -0.547180 8.312948 7.783066
v -0.643243 8.312948 7.971612
v -0.676351 8.312948 8.180614
v -0.643243 8.312948 8.389617
v -0.547180 8.312948 8.578162
v -0.397548 8.312948 8.727795
v -0.209002 8.312948 8.823856
v -0.000000 8.312948 8.856965
v 0.209002 8.312948 8.823856
v 0.397548 8.312948 8.727795
v 0.547180 8.312948 8.578162
v 0.643242 8.312948 8.389617
v 0.676351 8.312948 8.180614
v 0.951057 7.570857 7.871597
v 1.000000 7.570857 8.180614
v 0.951057 7.570857 8.489632
v 0.809017 7.570857 8.768400
v 0.587785 7.570857 8.989632
v 0.309017 7.570857 9.131671
v -0.000000 7.570857 9.180614
v -0.309017 7.570857 9.131671
v -0.587785 7.570857 8.989632
v -0.809017 7.570857 8.768400
v -0.951057 7.570857 8.489632
v -1.000000 7.570857 8.180614
v -0.951057 7.570857 7.871597
v -0.809017 7.570857 7.592829
v -0.587785 7.570857 7.371597
v -0.309017 7.570857 7.229558
v 0.000000 7.570857 7.180614
v 0.309017 7.570857 7.229558
v 0.587786 7.570857 7.371597
v 0.809018 7.570857 7.592829
v 0.585791 9.600046 7.990279
v 0.498309 9.600046 7.818573
v 0.362041 9.600046 7.682306
v 0.190336 9.600046 7.594823
v -0.000000 9.600046 7.564671
v -0.190335 9.600046 7.594823
v -0.362041 9.600046 7.682306
v -0.498309 9.600046 7.818573
v -0.585792 9.600046 7.990279
v -0.615943 9.600046 8.180614
v -0.585792 9.600046 8.370951
v -0.498309 9.600046 8.542655
v -0.362041 9.600046 8.678923
v -0.190335 9.600046 8.766406
v -0.000000 9.600046 8.796557
v 0.190335 9.600046 8.766406
v 0.362041 9.600046 8.678923
v 0.498309 9.600046 8.542655
v 0.585791 9.600046 8.370951
v 0.615943 9.600046 8.180614
v 0.516988 9.600046 8.012635
v 0.439780 9.600046 7.861096
v 0.319518 9.600046 7.740834
v 0.167980 9.600046 7.663626
v -0.000000 9.600046 7.637016
v -0.167979 9.600046 7.663626
v -0.319518 9.600046 7.740834
v -0.439780 9.600046 7.861096
v -0.516988 9.600046 8.012635
v -0.543598 9.600046 8.180614
v -0.516988 9.600046 8.348595
v -0.439780 9.600046 8.500132
v -0.319518 9.600046 8.620395
v -0.167979 9.600046 8.697602
v -0.000000 9.600046 8.724213
v 0.167979 9.600046 8.697602
v 0.319518 9.600046 8.620395
v 0.439780 9.600046 8.500132
v 0.516988 9.600046 8.348595
v 0.543598 9.600046 8.180614
v 0.469762 11.183004 8.027980
v 0.399607 11.183004 7.890284
v 0.290330 11.183004 7.781007
v 0.152635 11.183004 7.710853
v -0.000000 11.183004 7.686673
v -0.152635 11.183004 7.710853
v -0.290330 11.183004 7.781007
v -0.399607 11.183004 7.890284
v -0.469762 11.183004 8.027980
v -0.493941 11.183004 8.180614
v -0.469762 11.183004 8.333250
v -0.399607 11.183004 8.470944
v -0.290330 11.183004 8.580221
v -0.152635 11.183004 8.650376
v -0.000000 11.183004 8.674556
v 0.152635 11.183004 8.650376
v 0.290330 11.183004 8.580221
v 0.399607 11.183004 8.470944
v 0.469762 11.183004 8.333250
v 0.493941 11.183004 8.180614
v 0.380779 11.832561 8.056892
v 0.323913 11.832561 7.945279
v 0.235335 11.832561 7.856702
v 0.123723 11.832561 7.799836
v -0.000000 11.832561 7.780236
v -0.123722 11.832561 7.799836
v -0.235336 11.832561 7.856704
v -0.323913 11.832561 7.945277
v -0.380779 11.832561 8.056888
v -0.400378 11.832561 8.180614
v -0.380779 11.832561 8.304341
v -0.323913 11.832561 8.415954
v -0.235336 11.832561 8.504527
v -0.123722 11.832561 8.561393
v -0.000000 11.832561 8.580993
v 0.123722 11.832561 8.561395
v 0.235335 11.832561 8.504528
v 0.323913 11.832561 8.415950
v 0.380779 11.832561 8.304338
v 0.400378 11.832561 8.180614
v 0.223588 12.300547 8.107966
v 0.190197 12.300547 8.042430
v 0.138186 12.300547 7.990418
v 0.072648 12.300547 7.957026
v -0.000000 12.300547 7.945518
v -0.072648 12.300547 7.957026
v -0.138186 12.300547 7.990416
v -0.190198 12.300547 8.042426
v -0.223589 12.300547 8.107965
v -0.235097 12.300547 8.180614
v -0.223589 12.300547 8.253265
v -0.190198 12.300547 8.318804
v -0.138186 12.300547 8.370813
v -0.072648 12.300547 8.404202
v -0.000000 12.300547 8.415711
v 0.072648 12.300547 8.404203
v 0.138186 12.300547 8.370812
v 0.190197 12.300547 8.318799
v 0.223588 12.300547 8.253262
v 0.235097 12.300547 8.180614
v 0.055808 12.696459 8.162482
v 0.047473 12.696459 8.146124
v -0.000000 12.696457 8.180615
v 0.034491 12.696459 8.133142
v 0.018133 12.696459 8.124808
v -0.000000 12.696459 8.121935
v -0.018133 12.696459 8.124807
v -0.034491 12.696459 8.133142
v -0.047474 12.696459 8.146124
v -0.055808 12.696459 8.162482
v -0.058681 12.696459 8.180615
v -0.055808 12.696459 8.198750
v -0.047474 12.696459 8.215106
v -0.034491 12.696459 8.228087
v -0.018133 12.696459 8.236423
v -0.000000 12.696459 8.239296
v 0.018133 12.696459 8.236423
v 0.034491 12.696459 8.228088
v 0.047473 12.696459 8.215106
v 0.055808 12.696459 8.198749
v 0.058680 12.696459 8.180615
v 0.811756 0.344168 7.916859
v 0.690521 0.344168 7.678922
v 0.501693 0.344168 7.490093
v 0.263756 0.344168 7.368858
v -0.000000 0.344168 7.327084
v -0.263756 0.344168 7.368858
v -0.501693 0.344168 7.490094
v -0.690521 0.344168 7.678922
v -0.811756 0.344168 7.916859
v -0.853531 0.344168 8.180614
v -0.811756 0.344168 8.444370
v -0.690521 0.344168 8.682307
v -0.501693 0.344168 8.871135
v -0.263755 0.344168 8.992371
v -0.000000 0.344168 9.034145
v 0.263755 0.344168 8.992371
v 0.501693 0.344168 8.871135
v 0.690521 0.344168 8.682307
v 0.811756 0.344168 8.444370
v 0.853530 0.344168 8.180614
v 0.976275 0.196315 7.863403
v 0.830469 0.196315 7.577243
v 0.603371 0.196315 7.350145
v 0.317211 0.196315 7.204339
v 0.000000 0.196315 7.154098
v -0.317211 0.196315 7.204340
v -0.603371 0.196315 7.350145
v -0.830469 0.196315 7.577243
v -0.976275 0.196315 7.863403
v -1.026516 0.196315 8.180614
v -0.976275 0.196315 8.497826
v -0.830469 0.196315 8.783985
v -0.603371 0.196315 9.011084
v -0.317211 0.196315 9.156889
v -0.000000 0.196315 9.207130
v 0.317211 0.196315 9.156889
v 0.603371 0.196315 9.011084
v 0.830469 0.196315 8.783985
v 0.976275 0.196315 8.497826
v 1.026516 0.196315 8.180614
v 0.976275 0.022570 7.863403
v 0.830469 0.022570 7.577243
v 0.000000 0.022570 8.180614
v 0.603371 0.022570 7.350145
v 0.317211 0.022570 7.204339
v 0.000000 0.022570 7.154098
v -0.317211 0.022570 7.204340
v -0.603371 0.022570 7.350145
v -0.830469 0.022570 7.577243
v -0.976275 0.022570 7.863403
v -1.026516 0.022570 8.180614
v -0.976275 0.022570 8.497826
v -0.830469 0.022570 8.783985
v -0.603371 0.022570 9.011084
v -0.317211 0.022570 9.156889
v -0.000000 0.022570 9.207130
v 0.317211 0.022570 9.156889
v 0.603371 0.022570 9.011084
v 0.830469 0.022570 8.783985
v 0.976275 0.022570 8.497826
v 1.026516 0.022570 8.180614
v 0.951057 0.623064 10.074272
v 0.809018 0.623064 9.795504
v 0.587786 0.623064 9.574272
v 0.309017 0.623064 9.432232
v 0.000000 0.623064 9.383289
v -0.309017 0.623064 9.432232
v -0.587785 0.623064 9.574272
v -0.809017 0.623064 9.795504
v -0.951057 0.623064 10.074272
v -1.000000 0.623064 10.383289
v -0.951057 0.623064 10.692307
v -0.809017 0.623064 10.971075
v -0.587785 0.623064 11.192307
v -0.309017 0.623064 11.334346
v -0.000000 0.623064 11.383289
v 0.309017 0.623064 11.334346
v 0.587785 0.623064 11.192307
v 0.809017 0.623064 10.971075
v 0.951057 0.623064 10.692307
v 1.000000 0.623064 10.383289
v 0.643242 8.312948 10.174287
v 0.547180 8.312948 9.985742
v 0.397548 8.312948 9.836109
v 0.209003 8.312948 9.740047
v -0.000000 8.312948 9.706938
v -0.209002 8.312948 9.740047
v -0.397548 8.312948 9.836109
v -0.547180 8.312948 9.985742
v -0.643243 8.312948 10.174287
v -0.676351 8.312948 10.383289
v -0.643243 8.312948 10.592292
v -0.547180 8.312948 10.780837
v -0.397548 8.312948 10.930470
v -0.209002 8.312948 11.026531
v -0.000000 8.312948 11.059640
v 0.209002 8.312948 11.026531
v 0.397548 8.312948 10.930470
v 0.547180 8.312948 10.780837
v 0.643242 8.312948 10.592292
v 0.676351 8.312948 10.383289
v 0.951057 7.570857 10.074272
v 1.000000 7.570857 10.383289
v 0.951057 7.570857 10.692307
v 0.809017 7.570857 10.971075
v 0.587785 7.570857 11.192307
v 0.309017 7.570857 11.334346
v -0.000000 7.570857 11.383289
v -0.309017 7.570857 11.334346
v -0.587785 7.570857 11.192307
v -0.809017 7.570857 10.971075
v -0.951057 7.570857 10.692307
v -1.000000 7.570857 10.383289
v -0.951057 7.570857 10.074272
v -0.809017 7.570857 9.795504
v -0.587785 7.570857 9.574272
v -0.309017 7.570857 9.432232
v 0.000000 7.570857 9.383289
v 0.309017 7.570857 9.432232
v 0.587786 7.570857 9.574272
v 0.809018 7.570857 9.795504
v 0.585791 9.600046 10.192954
v 0.498309 9.600046 10.021248
v 0.362041 9.600046 9.884980
v 0.190336 9.600046 9.797498
v -0.000000 9.600046 9.767346
v -0.190335 9.600046 9.797498
v -0.362041 9.600046 9.884980
v -0.498309 9.600046 10.021248
v -0.585792 9.600046 10.192954
v -0.615943 9.600046 10.383289
v -0.585792 9.600046 10.573626
v -0.498309 9.600046 10.745330
v -0.362041 9.600046 10.881598
v -0.190335 9.600046 10.969081
v -0.000000 9.600046 10.999232
v 0.190335 9.600046 10.969081
v 0.362041 9.600046 10.881598
v 0.498309 9.600046 10.745330
v 0.585791 9.600046 10.573626
v 0.615943 9.600046 10.383289
v 0.516988 9.600046 10.215310
v 0.439780 9.600046 10.063771
v 0.319518 9.600046 9.943509
v 0.167980 9.600046 9.866302
v -0.000000 9.600046 9.839691
v -0.167979 9.600046 9.866302
v -0.319518 9.600046 9.943509
v -0.439780 9.600046 10.063771
v -0.516988 9.600046 10.215310
v -0.543598 9.600046 10.383289
v -0.516988 9.600046 10.551270
v -0.439780 9.600046 10.702806
v -0.319518 9.600046 10.823070
v -0.167979 9.600046 10.900277
v -0.000000 9.600046 10.926888
v 0.167979 9.600046 10.900277
v 0.319518 9.600046 10.823070
v 0.439780 9.600046 10.702806
v 0.516988 9.600046 10.551270
v 0.543598 9.600046 10.383289
v 0.469762 11.183004 10.230655
v 0.399607 11.183004 10.092958
v 0.290330 11.183004 9.983683
v 0.152635 11.183004 9.913527
v -0.000000 11.183004 9.889348
v -0.152635 11.183004 9.913527
v -0.290330 11.183004 9.983683
v -0.399607 11.183004 10.092958
v -0.469762 11.183004 10.230655
v -0.493941 11.183004 10.383289
v -0.469762 11.183004 10.535925
v -0.399607 11.183004 10.673619
v -0.290330 11.183004 10.782896
v -0.152635 11.183004 10.853051
v -0.000000 11.183004 10.877231
v 0.152635 11.183004 10.853051
v 0.290330 11.183004 10.782896
v 0.399607 11.183004 10.673619
v 0.469762 11.183004 10.535925
v 0.493941 11.183004 10.383289
v 0.380779 11.832561 10.259567
v 0.323913 11.832561 10.147954
v 0.235335 11.832561 10.059377
v 0.123723 11.832561 10.002510
v -0.000000 11.832561 9.982911
v -0.123722 11.832561 10.002510
v -0.235336 11.832561 10.059379
v -0.323913 11.832561 10.147952
v -0.380779 11.832561 10.259562
v -0.400378 11.832561 10.383289
v -0.380779 11.832561 10.507016
v -0.323913 11.832561 10.618629
v -0.235336 11.832561 10.707202
v -0.123722 11.832561 10.764068
v -0.000000 11.832561 10.783668
v 0.123722 11.832561 10.764070
v 0.235335 11.832561 10.707203
v 0.323913 11.832561 10.618625
v 0.380779 11.832561 10.507012
v 0.400378 11.832561 10.383289
v 0.223588 12.300547 10.310641
v 0.190197 12.300547 10.245105
v 0.138186 12.300547 10.193093
v 0.072648 12.300547 10.159700
v -0.000000 12.300547 10.148192
v -0.072648 12.300547 10.159701
v -0.138186 12.300547 10.193091
v -0.190198 12.300547 10.245101
v -0.223589 12.300547 10.310640
v -0.235097 12.300547 10.383289
v -0.223589 12.300547 10.455940
v -0.190198 12.300547 10.521479
v -0.138186 12.300547 10.573488
v -0.072648 12.300547 10.606877
v -0.000000 12.300547 10.618386
v 0.072648 12.300547 10.606878
v 0.138186 12.300547 10.573487
v 0.190197 12.300547 10.521474
v 0.223588 12.300547 10.455936
v 0.235097 12.300547 10.383289
v 0.055808 12.696459 10.365157
v 0.047473 12.696459 10.348799
v -0.000000 12.696457 10.383290
v 0.034491 12.696459 10.335817
v 0.018133 12.696459 10.327483
v -0.000000 12.696459 10.324610
v -0.018133 12.696459 10.327482
v -0.034491 12.696459 10.335817
v -0.047474 12.696459 10.348799
v -0.055808 12.696459 10.365157
v -0.058681 12.696459 10.383290
v -0.055808 12.696459 10.401424
v -0.047474 12.696459 10.417781
v -0.034491 12.696459 10.430762
v -0.018133 12.696459 10.439097
v -0.000000 12.696459 10.441971
v 0.018133 12.696459 10.439098
v 0.034491 12.696459 10.430763
v 0.047473 12.696459 10.417781
v 0.055808 12.696459 10.401423
v 0.058680 12.696459 10.383290
v 0.811756 0.344168 10.119534
v 0.690521 0.344168 9.881597
v 0.501693 0.344168 9.692768
v 0.263756 0.344168 9.571533
v -0.000000 0.344168 9.529758
v -0.263756 0.344168 9.571533
v -0.501693 0.344168 9.692768
v -0.690521 0.344168 9.881597
v -0.811756 0.344168 10.119534
v -0.853531 0.344168 10.383289
v -0.811756 0.344168 10.647045
v -0.690521 0.344168 10.884982
v -0.501693 0.344168 11.073810
v -0.263755 0.344168 11.195045
v -0.000000 0.344168 11.236820
v 0.263755 0.344168 11.195045
v 0.501693 0.344168 11.073810
v 0.690521 0.344168 10.884982
v 0.811756 0.344168 10.647045
v 0.853530 0.344168 10.383289
v 0.976275 0.196315 10.066078
v 0.830469 0.196315 9.779918
v 0.603371 0.196315 9.552820
v 0.317211 0.196315 9.407014
v 0.000000 0.196315 9.356773
v -0.317211 0.196315 9.407014
v -0.603371 0.196315 9.552820
v -0.830469 0.196315 9.779919
v -0.976275 0.196315 10.066078
v -1.026516 0.196315 10.383289
v -0.976275 0.196315 10.700500
v -0.830469 0.196315 10.986660
v -0.603371 0.196315 11.213758
v -0.317211 0.196315 11.359564
v -0.000000 0.196315 11.409805
v 0.317211 0.196315 11.359564
v 0.603371 0.196315 11.213758
v 0.830469 0.196315 10.986660
v 0.976275 0.196315 10.700500
v 1.026516 0.196315 10.383289
v 0.976275 0.022570 10.066078
v 0.830469 0.022570 9.779918
v 0.000000 0.022570 10.383289
v 0.603371 0.022570 9.552820
v 0.317211 0.022570 9.407014
v 0.000000 0.022570 9.356773
v -0.317211 0.022570 9.407014
v -0.603371 0.022570 9.552820
v -0.830469 0.022570 9.779919
v -0.976275 0.022570 10.066078
v -1.026516 0.022570 10.383289
v -0.976275 0.022570 10.700500
v -0.830469 0.022570 10.986660
v -0.603371 0.022570 11.213758
v -0.317211 0.022570 11.359564
v -0.000000 0.022570 11.409805
v 0.317211 0.022570 11.359564
v 0.603371 0.022570 11.213758
v 0.830469 0.022570 10.986660
v 0.976275 0.022570 10.700500
v 1.026516 0.022570 10.383289
v -1.145223 -0.429964 11.067970
v 1.145223 -0.429964 11.067970
v -1.145223 -0.016357 11.067970
v 1.145223 -0.016357 11.067970
v -1.145223 -0.016357 -10.222136
v 1.145223 -0.016357 -10.222136
v -1.145223 -0.429964 -10.222136
v 1.145223 -0.429964 -10.222136
v 0.517171 -0.429964 11.766577
v 0.517171 -0.016357 11.766577
v 0.517171 -0.016357 -10.920743
v 0.517171 -0.429964 -10.920743
v -0.427410 -0.429964 11.766577
v -0.427410 -0.016357 11.766577
v -0.427410 -0.016357 -10.920743
v -0.427410 -0.429964 -10.920743
v -0.118448 -0.429964 11.883440
v -0.118448 -0.016357 11.883440
v -0.118448 -0.016357 -11.037605
v -0.118448 -0.429964 -11.037605
v 0.255149 -0.429964 11.883440
v 0.255149 -0.016357 11.883440
v 0.255149 -0.016357 -11.037605
v 0.255149 -0.429964 -11.037605
v -1.145223 -0.016357 -10.028908
v -1.145223 -0.429964 -10.028910
v -0.427410 -0.429964 -10.714837
v -0.118448 -0.429964 -10.829577
v 0.255149 -0.429964 -10.829577
v 0.517171 -0.429964 -10.714837
v 1.145223 -0.429964 -10.028910
v 1.145223 -0.016357 -10.028908
v 0.517171 -0.016357 -10.714831
v 0.255149 -0.016357 -10.829575
v -0.118448 -0.016357 -10.829575
v -0.427410 -0.016357 -10.714831
v -1.145223 -0.016357 10.812180
v -1.145223 -0.429964 10.812170
v -0.427410 -0.429964 11.493989
v -0.118448 -0.429964 11.608044
v 0.255149 -0.429964 11.608044
v 0.517171 -0.429964 11.493989
v 1.145223 -0.429964 10.812170
v 1.145223 -0.016357 10.812180
v 0.517171 -0.016357 11.493999
v 0.255149 -0.016357 11.608053
v -0.118448 -0.016357 11.608053
v -0.427410 -0.016357 11.493999
v -0.980214 -0.429964 11.228563
v -0.980214 -0.016357 11.228563
v -0.980214 -0.016357 10.968915
v -0.980214 -0.016357 -10.186586
v -0.980214 -0.016357 -10.382730
v -0.980214 -0.429964 -10.382730
v -0.980214 -0.429964 -10.186589
v -0.980214 -0.429964 10.968905
v 1.032159 -0.429964 11.193736
v 1.032159 -0.016357 11.193736
v 1.032159 -0.016357 10.934922
v 1.032159 -0.016357 -10.152389
v 1.032159 -0.016357 -10.347902
v 1.032159 -0.429964 -10.347902
v 1.032159 -0.429964 -10.152392
v 1.032159 -0.429964 10.934914
v -1.145223 0.416932 11.067970
v -0.980214 0.416932 11.228563
v -0.980214 0.416932 10.968915
v -1.145223 0.416932 10.812180
v 1.032159 0.416932 11.193736
v 1.032159 0.416932 10.934922
v 0.517171 0.416932 11.493999
v 0.517171 0.416932 11.766577
v -0.118448 0.416932 11.608053
v -0.427410 0.416932 11.493999
v -0.427410 0.416932 11.766577
v -0.118448 0.416932 11.883440
v 0.255149 0.416932 11.608053
v 0.255149 0.416932 11.883440
v 0.517171 0.416932 -10.714831
v 0.517171 0.416932 -10.920743
v 1.032159 0.416932 -10.152389
v 1.032159 0.416932 -10.347902
v 0.255149 0.416932 -10.829575
v 0.255149 0.416932 -11.037605
v -0.118448 0.416932 -10.829575
v -0.118448 0.416932 -11.037605
v -0.427410 0.416932 -10.714831
v -0.427410 0.416932 -10.920743
v -0.980214 0.416932 -10.186586
v -1.145223 0.416932 -10.028908
v -0.980214 0.416932 -10.382730
v -1.145223 0.416932 -10.222136
v 1.145223 0.416932 10.812180
v 1.145223 0.416932 11.067970
v 1.145223 0.416932 -10.028908
v 1.145223 0.416932 -10.222136
v -0.427410 -0.863253 -10.714837
v -0.118448 -0.863253 -10.829577
v -0.427410 -0.863253 -10.920743
v -0.118448 -0.863253 -11.037605
v 0.951057 0.623064 -9.934955
v 0.809018 0.623064 -10.213723
v 0.587786 0.623064 -10.434955
v 0.309017 0.623064 -10.576995
v 0.000000 0.623064 -10.625938
v -0.309017 0.623064 -10.576994
v -0.587785 0.623064 -10.434955
v -0.809017 0.623064 -10.213723
v -0.951057 0.623064 -9.934955
v -1.000000 0.623064 -9.625937
v -0.951057 0.623064 -9.316920
v -0.809017 0.623064 -9.038152
v -0.587785 0.623064 -8.816920
v -0.309017 0.623064 -8.674881
v -0.000000 0.623064 -8.625937
v 0.309017 0.623064 -8.674881
v 0.587785 0.623064 -8.816920
v 0.809017 0.623064 -9.038152
v 0.951057 0.623064 -9.316920
v 1.000000 0.623064 -9.625937
v 0.643242 8.312948 -9.834940
v 0.547180 8.312948 -10.023485
v 0.397548 8.312948 -10.173118
v 0.209003 8.312948 -10.269180
v -0.000000 8.312948 -10.302289
v -0.209002 8.312948 -10.269180
v -0.397548 8.312948 -10.173118
v -0.547180 8.312948 -10.023485
v -0.643243 8.312948 -9.834940
v -0.676351 8.312948 -9.625937
v -0.643243 8.312948 -9.416935
v -0.547180 8.312948 -9.228390
v -0.397548 8.312948 -9.078757
v -0.209002 8.312948 -8.982695
v -0.000000 8.312948 -8.949587
v 0.209002 8.312948 -8.982695
v 0.397548 8.312948 -9.078757
v 0.547180 8.312948 -9.228390
v 0.643242 8.312948 -9.416935
v 0.676351 8.312948 -9.625937
v 0.951057 7.570857 -9.934955
v 1.000000 7.570857 -9.625937
v 0.951057 7.570857 -9.316920
v 0.809017 7.570857 -9.038152
v 0.587785 7.570857 -8.816920
v 0.309017 7.570857 -8.674881
v -0.000000 7.570857 -8.625937
v -0.309017 7.570857 -8.674881
v -0.587785 7.570857 -8.816920
v -0.809017 7.570857 -9.038152
v -0.951057 7.570857 -9.316920
v -1.000000 7.570857 -9.625937
v -0.951057 7.570857 -9.934955
v -0.809017 7.570857 -10.213723
v -0.587785 7.570857 -10.434955
v -0.309017 7.570857 -10.576994
v 0.000000 7.570857 -10.625938
v 0.309017 7.570857 -10.576995
v 0.587786 7.570857 -10.434955
v 0.809018 7.570857 -10.213723
v 0.585791 9.600046 -9.816273
v 0.498309 9.600046 -9.987979
v 0.362041 9.600046 -10.124247
v 0.190336 9.600046 -10.211729
v -0.000000 9.600046 -10.241880
v -0.190335 9.600046 -10.211729
v -0.362041 9.600046 -10.124247
v -0.498309 9.600046 -9.987979
v -0.585792 9.600046 -9.816273
v -0.615943 9.600046 -9.625937
v -0.585792 9.600046 -9.435601
v -0.498309 9.600046 -9.263897
v -0.362041 9.600046 -9.127629
v -0.190335 9.600046 -9.040146
v -0.000000 9.600046 -9.009995
v 0.190335 9.600046 -9.040146
v 0.362041 9.600046 -9.127629
v 0.498309 9.600046 -9.263897
v 0.585791 9.600046 -9.435602
v 0.615943 9.600046 -9.625937
v 0.516988 9.600046 -9.793917
v 0.439780 9.600046 -9.945456
v 0.319518 9.600046 -10.065718
v 0.167980 9.600046 -10.142925
v -0.000000 9.600046 -10.169536
v -0.167979 9.600046 -10.142925
v -0.319518 9.600046 -10.065718
v -0.439780 9.600046 -9.945456
v -0.516988 9.600046 -9.793917
v -0.543598 9.600046 -9.625937
v -0.516988 9.600046 -9.457957
v -0.439780 9.600046 -9.306420
v -0.319518 9.600046 -9.186157
v -0.167979 9.600046 -9.108950
v -0.000000 9.600046 -9.082339
v 0.167979 9.600046 -9.108950
v 0.319518 9.600046 -9.186157
v 0.439780 9.600046 -9.306420
v 0.516988 9.600046 -9.457957
v 0.543598 9.600046 -9.625937
v 0.469762 11.183004 -9.778572
v 0.399607 11.183004 -9.916267
v 0.290330 11.183004 -10.025544
v 0.152635 11.183004 -10.095699
v -0.000000 11.183004 -10.119879
v -0.152635 11.183004 -10.095699
v -0.290330 11.183004 -10.025544
v -0.399607 11.183004 -9.916267
v -0.469762 11.183004 -9.778572
v -0.493941 11.183004 -9.625937
v -0.469762 11.183004 -9.473302
v -0.399607 11.183004 -9.335608
v -0.290330 11.183004 -9.226331
v -0.152635 11.183004 -9.156176
v -0.000000 11.183004 -9.131996
v 0.152635 11.183004 -9.156176
v 0.290330 11.183004 -9.226331
v 0.399607 11.183004 -9.335608
v 0.469762 11.183004 -9.473302
v 0.493941 11.183004 -9.625937
v 0.380779 11.832561 -9.749660
v 0.323913 11.832561 -9.861273
v 0.235335 11.832561 -9.949850
v 0.123723 11.832561 -10.006717
v -0.000000 11.832561 -10.026316
v -0.123722 11.832561 -10.006717
v -0.235336 11.832561 -9.949848
v -0.323913 11.832561 -9.861275
v -0.380779 11.832561 -9.749664
v -0.400378 11.832561 -9.625937
v -0.380779 11.832561 -9.502211
v -0.323913 11.832561 -9.390598
v -0.235336 11.832561 -9.302025
v -0.123722 11.832561 -9.245159
v -0.000000 11.832561 -9.225559
v 0.123722 11.832561 -9.245157
v 0.235335 11.832561 -9.302024
v 0.323913 11.832561 -9.390602
v 0.380779 11.832561 -9.502214
v 0.400378 11.832561 -9.625937
v 0.223588 12.300547 -9.698586
v 0.190197 12.300547 -9.764122
v 0.138186 12.300547 -9.816133
v 0.072648 12.300547 -9.849526
v -0.000000 12.300547 -9.861034
v -0.072648 12.300547 -9.849525
v -0.138186 12.300547 -9.816135
v -0.190198 12.300547 -9.764126
v -0.223589 12.300547 -9.698586
v -0.235097 12.300547 -9.625937
v -0.223589 12.300547 -9.553287
v -0.190198 12.300547 -9.487748
v -0.138186 12.300547 -9.435739
v -0.072648 12.300547 -9.402349
v -0.000000 12.300547 -9.390841
v 0.072648 12.300547 -9.402349
v 0.138186 12.300547 -9.435740
v 0.190197 12.300547 -9.487753
v 0.223588 12.300547 -9.553290
v 0.235097 12.300547 -9.625937
v 0.055808 12.696459 -9.644070
v 0.047473 12.696459 -9.660428
v -0.000000 12.696457 -9.625937
v 0.034491 12.696459 -9.673409
v 0.018133 12.696459 -9.681744
v -0.000000 12.696459 -9.684617
v -0.018133 12.696459 -9.681745
v -0.034491 12.696459 -9.673409
v -0.047474 12.696459 -9.660428
v -0.055808 12.696459 -9.644070
v -0.058681 12.696459 -9.625937
v -0.055808 12.696459 -9.607802
v -0.047474 12.696459 -9.591446
v -0.034491 12.696459 -9.578465
v -0.018133 12.696459 -9.570129
v -0.000000 12.696459 -9.567256
v 0.018133 12.696459 -9.570128
v 0.034491 12.696459 -9.578464
v 0.047473 12.696459 -9.591446
v 0.055808 12.696459 -9.607803
v 0.058680 12.696459 -9.625937
v 0.811756 0.344168 -9.889693
v 0.690521 0.344168 -10.127630
v 0.501693 0.344168 -10.316459
v 0.263756 0.344168 -10.437694
v -0.000000 0.344168 -10.479468
v -0.263756 0.344168 -10.437694
v -0.501693 0.344168 -10.316459
v -0.690521 0.344168 -10.127630
v -0.811756 0.344168 -9.889693
v -0.853531 0.344168 -9.625937
v -0.811756 0.344168 -9.362182
v -0.690521 0.344168 -9.124245
v -0.501693 0.344168 -8.935417
v -0.263755 0.344168 -8.814181
v -0.000000 0.344168 -8.772407
v 0.263755 0.344168 -8.814182
v 0.501693 0.344168 -8.935417
v 0.690521 0.344168 -9.124245
v 0.811756 0.344168 -9.362182
v 0.853530 0.344168 -9.625937
v 0.976275 0.196315 -9.943149
v 0.830469 0.196315 -10.229309
v 0.603371 0.196315 -10.456407
v 0.317211 0.196315 -10.602213
v 0.000000 0.196315 -10.652454
v -0.317211 0.196315 -10.602213
v -0.603371 0.196315 -10.456407
v -0.830469 0.196315 -10.229308
v -0.976275 0.196315 -9.943149
v -1.026516 0.196315 -9.625937
v -0.976275 0.196315 -9.308726
v -0.830469 0.196315 -9.022567
v -0.603371 0.196315 -8.795468
v -0.317211 0.196315 -8.649663
v -0.000000 0.196315 -8.599422
v 0.317211 0.196315 -8.649663
v 0.603371 0.196315 -8.795468
v 0.830469 0.196315 -9.022567
v 0.976275 0.196315 -9.308726
v 1.026516 0.196315 -9.625937
v 0.976275 0.022570 -9.943149
v 0.830469 0.022570 -10.229309
v 0.000000 0.022570 -9.625937
v 0.603371 0.022570 -10.456407
v 0.317211 0.022570 -10.602213
v 0.000000 0.022570 -10.652454
v -0.317211 0.022570 -10.602213
v -0.603371 0.022570 -10.456407
v -0.830469 0.022570 -10.229308
v -0.976275 0.022570 -9.943149
v -1.026516 0.022570 -9.625937
v -0.976275 0.022570 -9.308726
v -0.830469 0.022570 -9.022567
v -0.603371 0.022570 -8.795468
v -0.317211 0.022570 -8.649663
v -0.000000 0.022570 -8.599422
v 0.317211 0.022570 -8.649663
v 0.603371 0.022570 -8.795468
v 0.830469 0.022570 -9.022567
v 0.976275 0.022570 -9.308726
v 1.026516 0.022570 -9.625937
vt 0.954975 0.491083
vt 0.943935 0.457795
vt 0.923147 0.429548
vt 0.894645 0.409107
vt 0.861218 0.398479
vt 0.826145 0.398707
vt 0.792865 0.409762
vt 0.764633 0.430558
vt 0.744211 0.459056
vt 0.733593 0.492467
vt 0.733817 0.527523
vt 0.744860 0.560793
vt 0.765642 0.589024
vt 0.794129 0.609453
vt 0.827535 0.620082
vt 0.862592 0.619869
vt 0.895870 0.608835
vt 0.924112 0.588055
vt 0.944551 0.559564
vt 0.955186 0.526150
vt 0.712111 0.649168
vt 0.724188 0.649674
vt 0.736313 0.650156
vt 0.748479 0.650634
vt 0.760677 0.651123
vt 0.772901 0.651632
vt 0.785145 0.652170
vt 0.797402 0.652742
vt 0.809670 0.653351
vt 0.821944 0.654001
vt 0.834222 0.654692
vt 0.846499 0.655426
vt 0.858774 0.656203
vt 0.871043 0.657023
vt 0.883304 0.657884
vt 0.895552 0.658784
vt 0.907782 0.659720
vt 0.919991 0.660685
vt 0.932171 0.661672
vt 0.944315 0.662669
vt 0.956418 0.663661
vt 0.715724 0.954336
vt 0.724071 0.952292
vt 0.733154 0.951072
vt 0.742761 0.950406
vt 0.752752 0.950120
vt 0.763032 0.950098
vt 0.773530 0.950264
vt 0.784190 0.950569
vt 0.794965 0.950979
vt 0.805814 0.951474
vt 0.816699 0.952040
vt 0.827582 0.952671
vt 0.838425 0.953366
vt 0.849188 0.954134
vt 0.859827 0.954987
vt 0.870287 0.955953
vt 0.880504 0.957075
vt 0.890392 0.958421
vt 0.899829 0.960097
vt 0.908638 0.962265
vt 0.916535 0.965170
vt 0.382718 0.676794
vt 0.354265 0.716546
vt 0.339489 0.763147
vt 0.339837 0.812032
vt 0.355275 0.858418
vt 0.384290 0.897762
vt 0.424043 0.926216
vt 0.470644 0.940992
vt 0.519529 0.940646
vt 0.565914 0.925210
vt 0.605259 0.896197
vt 0.633712 0.856445
vt 0.648487 0.809845
vt 0.648139 0.760961
vt 0.632702 0.714575
vt 0.603687 0.675230
vt 0.563935 0.646776
vt 0.517334 0.631998
vt 0.468449 0.632344
vt 0.422064 0.647780
vt 0.844398 0.509280
vt 0.494103 0.786143
vt 0.934006 0.934856
vt 0.702083 0.921276
vt 0.922263 0.932486
vt 0.910602 0.930391
vt 0.899000 0.928562
vt 0.887443 0.926975
vt 0.875922 0.925599
vt 0.864428 0.924401
vt 0.852954 0.923356
vt 0.841493 0.922441
vt 0.830038 0.921641
vt 0.818581 0.920943
vt 0.807117 0.920345
vt 0.795636 0.919848
vt 0.784133 0.919460
vt 0.772597 0.919192
vt 0.761019 0.919065
vt 0.749390 0.919101
vt 0.737697 0.919323
vt 0.725927 0.919754
vt 0.714064 0.920408
vt 0.488248 0.699624
vt 0.515374 0.702104
vt 0.540408 0.712847
vt 0.560896 0.730801
vt 0.574832 0.754209
vt 0.580853 0.780774
vt 0.578373 0.807894
vt 0.567638 0.832915
vt 0.549694 0.853397
vt 0.526296 0.867334
vt 0.499734 0.873360
vt 0.472608 0.870883
vt 0.447573 0.860144
vt 0.427084 0.842194
vt 0.413144 0.818792
vt 0.407118 0.792228
vt 0.409596 0.765104
vt 0.420335 0.740072
vt 0.438283 0.719585
vt 0.461685 0.705647
vt 0.490044 0.702674
vt 0.516139 0.705559
vt 0.540069 0.716370
vt 0.559486 0.734049
vt 0.572488 0.756868
vt 0.577799 0.782583
vt 0.574906 0.808669
vt 0.564111 0.832566
vt 0.546451 0.851975
vt 0.523650 0.864982
vt 0.497942 0.870307
vt 0.471844 0.867426
vt 0.447914 0.856620
vt 0.428496 0.838947
vt 0.415490 0.816140
vt 0.410170 0.790431
vt 0.413054 0.764338
vt 0.423861 0.740413
vt 0.441530 0.720999
vt 0.464335 0.707994
vt 0.506591 0.724565
vt 0.525113 0.731447
vt 0.540614 0.743723
vt 0.551565 0.760213
vt 0.556775 0.779284
vt 0.555742 0.799009
vt 0.548573 0.817399
vt 0.536426 0.832940
vt 0.520026 0.843902
vt 0.501024 0.849210
vt 0.481308 0.848355
vt 0.462823 0.841430
vt 0.447385 0.829121
vt 0.436509 0.812641
vt 0.431256 0.793606
vt 0.432139 0.773878
vt 0.439068 0.755387
vt 0.451366 0.739935
vt 0.467830 0.729031
vt 0.486856 0.723735
vt 0.510173 0.745077
vt 0.522265 0.751941
vt 0.531740 0.762118
vt 0.537006 0.774958
vt 0.538177 0.788772
vt 0.535105 0.802285
vt 0.528080 0.814241
vt 0.517776 0.823468
vt 0.505154 0.829072
vt 0.491428 0.830501
vt 0.477936 0.827611
vt 0.465999 0.820682
vt 0.456790 0.810392
vt 0.451213 0.797747
vt 0.449821 0.783986
vt 0.452754 0.770458
vt 0.459729 0.758489
vt 0.470068 0.749251
vt 0.482761 0.743645
vt 0.496574 0.742212
vt 0.506320 0.765048
vt 0.512263 0.769784
vt 0.516431 0.776113
vt 0.518356 0.783471
vt 0.517892 0.791080
vt 0.515114 0.798187
vt 0.510307 0.804112
vt 0.503927 0.808281
vt 0.496584 0.810287
vt 0.488989 0.809929
vt 0.481884 0.807236
vt 0.475968 0.802471
vt 0.471825 0.796102
vt 0.469864 0.788757
vt 0.470277 0.781160
vt 0.473021 0.774057
vt 0.477826 0.768143
vt 0.484221 0.763991
vt 0.491581 0.762003
vt 0.499194 0.762368
vt 0.497475 0.782086
vt 0.498582 0.783299
vt 0.499240 0.784801
vt 0.499381 0.786437
vt 0.499004 0.788037
vt 0.498153 0.789448
vt 0.496916 0.790537
vt 0.495407 0.791200
vt 0.493769 0.791371
vt 0.492160 0.791031
vt 0.490737 0.790210
vt 0.489641 0.788986
vt 0.488984 0.787481
vt 0.488831 0.785845
vt 0.489196 0.784242
vt 0.490041 0.782830
vt 0.491281 0.781747
vt 0.492794 0.781094
vt 0.494433 0.780932
vt 0.496045 0.781273
vt 0.924243 0.468128
vt 0.933053 0.494822
vt 0.907614 0.445462
vt 0.884794 0.429045
vt 0.858017 0.420486
vt 0.829907 0.420625
vt 0.803218 0.429444
vt 0.780561 0.446078
vt 0.764154 0.468896
vt 0.755601 0.495666
vt 0.755737 0.523768
vt 0.764549 0.550451
vt 0.781174 0.573106
vt 0.803985 0.589517
vt 0.830751 0.598076
vt 0.858853 0.597947
vt 0.885541 0.589140
vt 0.908203 0.572517
vt 0.924619 0.549703
vt 0.933182 0.522931
vt 0.912073 0.474011
vt 0.919659 0.496656
vt 0.897859 0.454820
vt 0.878410 0.440961
vt 0.855630 0.433793
vt 0.831750 0.434018
vt 0.809110 0.441611
vt 0.789925 0.455828
vt 0.776073 0.475277
vt 0.768908 0.498052
vt 0.769131 0.521926
vt 0.776719 0.544562
vt 0.790930 0.563746
vt 0.810373 0.577600
vt 0.833145 0.584770
vt 0.857019 0.584551
vt 0.879659 0.576967
vt 0.898847 0.562759
vt 0.912706 0.543312
vt 0.919877 0.520535
vt 0.902452 0.479098
vt 0.908937 0.498519
vt 0.890281 0.462631
vt 0.873618 0.450733
vt 0.854094 0.444567
vt 0.833620 0.444739
vt 0.814202 0.451230
vt 0.797740 0.463402
vt 0.785846 0.480066
vt 0.779683 0.499587
vt 0.779853 0.520058
vt 0.786340 0.539473
vt 0.798508 0.555934
vt 0.815167 0.567829
vt 0.834686 0.573995
vt 0.855156 0.573828
vt 0.874574 0.567344
vt 0.891038 0.555177
vt 0.902936 0.538517
vt 0.909104 0.518993
vt 0.712111 0.649168
vt 0.724188 0.649674
vt 0.714064 0.920408
vt 0.702083 0.921276
vt 0.736313 0.650156
vt 0.725927 0.919754
vt 0.748479 0.650634
vt 0.737697 0.919323
vt 0.760677 0.651123
vt 0.749390 0.919101
vt 0.772901 0.651632
vt 0.761019 0.919065
vt 0.785145 0.652170
vt 0.772597 0.919192
vt 0.797402 0.652742
vt 0.784133 0.919460
vt 0.809670 0.653351
vt 0.795636 0.919848
vt 0.821944 0.654001
vt 0.807117 0.920345
vt 0.834222 0.654692
vt 0.818581 0.920943
vt 0.846499 0.655426
vt 0.830038 0.921641
vt 0.858774 0.656203
vt 0.841493 0.922441
vt 0.871043 0.657023
vt 0.852954 0.923356
vt 0.883304 0.657884
vt 0.864428 0.924401
vt 0.895552 0.658784
vt 0.875922 0.925599
vt 0.907782 0.659720
vt 0.887443 0.926975
vt 0.919991 0.660685
vt 0.899000 0.928562
vt 0.932171 0.661672
vt 0.910602 0.930391
vt 0.944315 0.662669
vt 0.922263 0.932486
vt 0.956418 0.663661
vt 0.934006 0.934856
vt 0.902452 0.479098
vt 0.908937 0.498519
vt 0.844398 0.509280
vt 0.890281 0.462631
vt 0.873618 0.450733
vt 0.854094 0.444567
vt 0.833620 0.444739
vt 0.814202 0.451230
vt 0.797740 0.463402
vt 0.785846 0.480066
vt 0.779683 0.499587
vt 0.779853 0.520058
vt 0.786340 0.539473
vt 0.798508 0.555934
vt 0.815167 0.567829
vt 0.834686 0.573995
vt 0.855156 0.573828
vt 0.874574 0.567344
vt 0.891038 0.555177
vt 0.902936 0.538517
vt 0.909104 0.518993
vt 0.497475 0.782086
vt 0.498582 0.783299
vt 0.494103 0.786143
vt 0.499240 0.784801
vt 0.499381 0.786437
vt 0.499004 0.788037
vt 0.498153 0.789448
vt 0.496916 0.790537
vt 0.495407 0.791200
vt 0.493769 0.791371
vt 0.492160 0.791031
vt 0.490737 0.790210
vt 0.489641 0.788986
vt 0.488984 0.787481
vt 0.488831 0.785845
vt 0.489196 0.784242
vt 0.490041 0.782830
vt 0.491281 0.781747
vt 0.492794 0.781094
vt 0.494433 0.780932
vt 0.496045 0.781273
vt 0.916535 0.965170
vt 0.908638 0.962265
vt 0.899829 0.960097
vt 0.890392 0.958421
vt 0.880504 0.957075
vt 0.870287 0.955953
vt 0.859827 0.954987
vt 0.849188 0.954134
vt 0.838425 0.953366
vt 0.827582 0.952671
vt 0.816699 0.952040
vt 0.805814 0.951474
vt 0.794965 0.950979
vt 0.784190 0.950569
vt 0.773530 0.950264
vt 0.763032 0.950098
vt 0.752752 0.950120
vt 0.742761 0.950406
vt 0.733154 0.951072
vt 0.724071 0.952292
vt 0.715724 0.954336
vt 0.468449 0.632344
vt 0.517334 0.631998
vt 0.515374 0.702104
vt 0.488248 0.699624
vt 0.563935 0.646776
vt 0.540408 0.712847
vt 0.603687 0.675230
vt 0.560896 0.730801
vt 0.632702 0.714575
vt 0.574832 0.754209
vt 0.648139 0.760961
vt 0.580853 0.780774
vt 0.648487 0.809845
vt 0.578373 0.807894
vt 0.633712 0.856445
vt 0.567638 0.832915
vt 0.605259 0.896197
vt 0.549694 0.853397
vt 0.565914 0.925210
vt 0.526296 0.867334
vt 0.519529 0.940646
vt 0.499734 0.873360
vt 0.470644 0.940992
vt 0.472608 0.870883
vt 0.424043 0.926216
vt 0.447573 0.860144
vt 0.384290 0.897762
vt 0.427084 0.842194
vt 0.355275 0.858418
vt 0.413144 0.818792
vt 0.339837 0.812032
vt 0.407118 0.792228
vt 0.339489 0.763147
vt 0.409596 0.765104
vt 0.354265 0.716546
vt 0.420335 0.740072
vt 0.382718 0.676794
vt 0.438283 0.719585
vt 0.422064 0.647780
vt 0.461685 0.705647
vt 0.516139 0.705559
vt 0.490044 0.702674
vt 0.540069 0.716370
vt 0.559486 0.734049
vt 0.572488 0.756868
vt 0.577799 0.782583
vt 0.574906 0.808669
vt 0.564111 0.832566
vt 0.546451 0.851975
vt 0.523650 0.864982
vt 0.497942 0.870307
vt 0.471844 0.867426
vt 0.447914 0.856620
vt 0.428496 0.838947
vt 0.415490 0.816140
vt 0.410170 0.790431
vt 0.413054 0.764338
vt 0.423861 0.740413
vt 0.441530 0.720999
vt 0.464335 0.707994
vt 0.525113 0.731447
vt 0.506591 0.724565
vt 0.540614 0.743723
vt 0.551565 0.760213
vt 0.556775 0.779284
vt 0.555742 0.799009
vt 0.548573 0.817399
vt 0.536426 0.832940
vt 0.520026 0.843902
vt 0.501024 0.849210
vt 0.481308 0.848355
vt 0.462823 0.841430
vt 0.447385 0.829121
vt 0.436509 0.812641
vt 0.431256 0.793606
vt 0.432139 0.773878
vt 0.439068 0.755387
vt 0.451366 0.739935
vt 0.467830 0.729031
vt 0.486856 0.723735
vt 0.522265 0.751941
vt 0.510173 0.745077
vt 0.531740 0.762118
vt 0.537006 0.774958
vt 0.538177 0.788772
vt 0.535105 0.802285
vt 0.528080 0.814241
vt 0.517776 0.823468
vt 0.505154 0.829072
vt 0.491428 0.830501
vt 0.477936 0.827611
vt 0.465999 0.820682
vt 0.456790 0.810392
vt 0.451213 0.797747
vt 0.449821 0.783986
vt 0.452754 0.770458
vt 0.459729 0.758489
vt 0.470068 0.749251
vt 0.482761 0.743645
vt 0.496574 0.742212
vt 0.512263 0.769784
vt 0.506320 0.765048
vt 0.516431 0.776113
vt 0.518356 0.783471
vt 0.517892 0.791080
vt 0.515114 0.798187
vt 0.510307 0.804112
vt 0.503927 0.808281
vt 0.496584 0.810287
vt 0.488989 0.809929
vt 0.481884 0.807236
vt 0.475968 0.802471
vt 0.471825 0.796102
vt 0.469864 0.788757
vt 0.470277 0.781160
vt 0.473021 0.774057
vt 0.477826 0.768143
vt 0.484221 0.763991
vt 0.491581 0.762003
vt 0.499194 0.762368
vt 0.943935 0.457795
vt 0.954975 0.491083
vt 0.933053 0.494822
vt 0.924243 0.468128
vt 0.923147 0.429548
vt 0.907614 0.445462
vt 0.894645 0.409107
vt 0.884794 0.429045
vt 0.861218 0.398479
vt 0.858017 0.420486
vt 0.826145 0.398707
vt 0.829907 0.420625
vt 0.792865 0.409762
vt 0.803218 0.429444
vt 0.764633 0.430558
vt 0.780561 0.446078
vt 0.744211 0.459056
vt 0.764154 0.468896
vt 0.733593 0.492467
vt 0.755601 0.495666
vt 0.733817 0.527523
vt 0.755737 0.523768
vt 0.744860 0.560793
vt 0.764549 0.550451
vt 0.765642 0.589024
vt 0.781174 0.573106
vt 0.794129 0.609453
vt 0.803985 0.589517
vt 0.827535 0.620082
vt 0.830751 0.598076
vt 0.862592 0.619869
vt 0.858853 0.597947
vt 0.895870 0.608835
vt 0.885541 0.589140
vt 0.924112 0.588055
vt 0.908203 0.572517
vt 0.944551 0.559564
vt 0.924619 0.549703
vt 0.955186 0.526150
vt 0.933182 0.522931
vt 0.919659 0.496656
vt 0.912073 0.474011
vt 0.897859 0.454820
vt 0.878410 0.440961
vt 0.855630 0.433793
vt 0.831750 0.434018
vt 0.809110 0.441611
vt 0.789925 0.455828
vt 0.776073 0.475277
vt 0.768908 0.498052
vt 0.769131 0.521926
vt 0.776719 0.544562
vt 0.790930 0.563746
vt 0.810373 0.577600
vt 0.833145 0.584770
vt 0.857019 0.584551
vt 0.879659 0.576967
vt 0.898847 0.562759
vt 0.912706 0.543312
vt 0.919877 0.520535
vt 0.712111 0.649168
vt 0.724188 0.649674
vt 0.714064 0.920408
vt 0.702083 0.921276
vt 0.736313 0.650156
vt 0.725927 0.919754
vt 0.748479 0.650634
vt 0.737697 0.919323
vt 0.760677 0.651123
vt 0.749390 0.919101
vt 0.772901 0.651632
vt 0.761019 0.919065
vt 0.785145 0.652170
vt 0.772597 0.919192
vt 0.797402 0.652742
vt 0.784133 0.919460
vt 0.809670 0.653351
vt 0.795636 0.919848
vt 0.821944 0.654001
vt 0.807117 0.920345
vt 0.834222 0.654692
vt 0.818581 0.920943
vt 0.846499 0.655426
vt 0.830038 0.921641
vt 0.858774 0.656203
vt 0.841493 0.922441
vt 0.871043 0.657023
vt 0.852954 0.923356
vt 0.883304 0.657884
vt 0.864428 0.924401
vt 0.895552 0.658784
vt 0.875922 0.925599
vt 0.907782 0.659720
vt 0.887443 0.926975
vt 0.919991 0.660685
vt 0.899000 0.928562
vt 0.932171 0.661672
vt 0.910602 0.930391
vt 0.944315 0.662669
vt 0.922263 0.932486
vt 0.956418 0.663661
vt 0.934006 0.934856
vt 0.902452 0.479098
vt 0.908937 0.498519
vt 0.844398 0.509280
vt 0.890281 0.462631
vt 0.873618 0.450733
vt 0.854094 0.444567
vt 0.833620 0.444739
vt 0.814202 0.451230
vt 0.797740 0.463402
vt 0.785846 0.480066
vt 0.779683 0.499587
vt 0.779853 0.520058
vt 0.786340 0.539473
vt 0.798508 0.555934
vt 0.815167 0.567829
vt 0.834686 0.573995
vt 0.855156 0.573828
vt 0.874574 0.567344
vt 0.891038 0.555177
vt 0.902936 0.538517
vt 0.909104 0.518993
vt 0.497475 0.782086
vt 0.498582 0.783299
vt 0.494103 0.786143
vt 0.499240 0.784801
vt 0.499381 0.786437
vt 0.499004 0.788037
vt 0.498153 0.789448
vt 0.496916 0.790537
vt 0.495407 0.791200
vt 0.493769 0.791371
vt 0.492160 0.791031
vt 0.490737 0.790210
vt 0.489641 0.788986
vt 0.488984 0.787481
vt 0.488831 0.785845
vt 0.489196 0.784242
vt 0.490041 0.782830
vt 0.491281 0.781747
vt 0.492794 0.781094
vt 0.494433 0.780932
vt 0.496045 0.781273
vt 0.916535 0.965170
vt 0.908638 0.962265
vt 0.899829 0.960097
vt 0.890392 0.958421
vt 0.880504 0.957075
vt 0.870287 0.955953
vt 0.859827 0.954987
vt 0.849188 0.954134
vt 0.838425 0.953366
vt 0.827582 0.952671
vt 0.816699 0.952040
vt 0.805814 0.951474
vt 0.794965 0.950979
vt 0.784190 0.950569
vt 0.773530 0.950264
vt 0.763032 0.950098
vt 0.752752 0.950120
vt 0.742761 0.950406
vt 0.733154 0.951072
vt 0.724071 0.952292
vt 0.715724 0.954336
vt 0.468449 0.632344
vt 0.517334 0.631998
vt 0.515374 0.702104
vt 0.488248 0.699624
vt 0.563935 0.646776
vt 0.540408 0.712847
vt 0.603687 0.675230
vt 0.560896 0.730801
vt 0.632702 0.714575
vt 0.574832 0.754209
vt 0.648139 0.760961
vt 0.580853 0.780774
vt 0.648487 0.809845
vt 0.578373 0.807894
vt 0.633712 0.856445
vt 0.567638 0.832915
vt 0.605259 0.896197
vt 0.549694 0.853397
vt 0.565914 0.925210
vt 0.526296 0.867334
vt 0.519529 0.940646
vt 0.499734 0.873360
vt 0.470644 0.940992
vt 0.472608 0.870883
vt 0.424043 0.926216
vt 0.447573 0.860144
vt 0.384290 0.897762
vt 0.427084 0.842194
vt 0.355275 0.858418
vt 0.413144 0.818792
vt 0.339837 0.812032
vt 0.407118 0.792228
vt 0.339489 0.763147
vt 0.409596 0.765104
vt 0.354265 0.716546
vt 0.420335 0.740072
vt 0.382718 0.676794
vt 0.438283 0.719585
vt 0.422064 0.647780
vt 0.461685 0.705647
vt 0.516139 0.705559
vt 0.490044 0.702674
vt 0.540069 0.716370
vt 0.559486 0.734049
vt 0.572488 0.756868
vt 0.577799 0.782583
vt 0.574906 0.808669
vt 0.564111 0.832566
vt 0.546451 0.851975
vt 0.523650 0.864982
vt 0.497942 0.870307
vt 0.471844 0.867426
vt 0.447914 0.856620
vt 0.428496 0.838947
vt 0.415490 0.816140
vt 0.410170 0.790431
vt 0.413054 0.764338
vt 0.423861 0.740413
vt 0.441530 0.720999
vt 0.464335 0.707994
vt 0.525113 0.731447
vt 0.506591 0.724565
vt 0.540614 0.743723
vt 0.551565 0.760213
vt 0.556775 0.779284
vt 0.555742 0.799009
vt 0.548573 0.817399
vt 0.536426 0.832940
vt 0.520026 0.843902
vt 0.501024 0.849210
vt 0.481308 0.848355
vt 0.462823 0.841430
vt 0.447385 0.829121
vt 0.436509 0.812641
vt 0.431256 0.793606
vt 0.432139 0.773878
vt 0.439068 0.755387
vt 0.451366 0.739935
vt 0.467830 0.729031
vt 0.486856 0.723735
vt 0.522265 0.751941
vt 0.510173 0.745077
vt 0.531740 0.762118
vt 0.537006 0.774958
vt 0.538177 0.788772
vt 0.535105 0.802285
vt 0.528080 0.814241
vt 0.517776 0.823468
vt 0.505154 0.829072
vt 0.491428 0.830501
vt 0.477936 0.827611
vt 0.465999 0.820682
vt 0.456790 0.810392
vt 0.451213 0.797747
vt 0.449821 0.783986
vt 0.452754 0.770458
vt 0.459729 0.758489
vt 0.470068 0.749251
vt 0.482761 0.743645
vt 0.496574 0.742212
vt 0.512263 0.769784
vt 0.506320 0.765048
vt 0.516431 0.776113
vt 0.518356 0.783471
vt 0.517892 0.791080
vt 0.515114 0.798187
vt 0.510307 0.804112
vt 0.503927 0.808281
vt 0.496584 0.810287
vt 0.488989 0.809929
vt 0.481884 0.807236
vt 0.475968 0.802471
vt 0.471825 0.796102
vt 0.469864 0.788757
vt 0.470277 0.781160
vt 0.473021 0.774057
vt 0.477826 0.768143
vt 0.484221 0.763991
vt 0.491581 0.762003
vt 0.499194 0.762368
vt 0.943935 0.457795
vt 0.954975 0.491083
vt 0.933053 0.494822
vt 0.924243 0.468128
vt 0.923147 0.429548
vt 0.907614 0.445462
vt 0.894645 0.409107
vt 0.884794 0.429045
vt 0.861218 0.398479
vt 0.858017 0.420486
vt 0.826145 0.398707
vt 0.829907 0.420625
vt 0.792865 0.409762
vt 0.803218 0.429444
vt 0.764633 0.430558
vt 0.780561 0.446078
vt 0.744211 0.459056
vt 0.764154 0.468896
vt 0.733593 0.492467
vt 0.755601 0.495666
vt 0.733817 0.527523
vt 0.755737 0.523768
vt 0.744860 0.560793
vt 0.764549 0.550451
vt 0.765642 0.589024
vt 0.781174 0.573106
vt 0.794129 0.609453
vt 0.803985 0.589517
vt 0.827535 0.620082
vt 0.830751 0.598076
vt 0.862592 0.619869
vt 0.858853 0.597947
vt 0.895870 0.608835
vt 0.885541 0.589140
vt 0.924112 0.588055
vt 0.908203 0.572517
vt 0.944551 0.559564
vt 0.924619 0.549703
vt 0.955186 0.526150
vt 0.933182 0.522931
vt 0.919659 0.496656
vt 0.912073 0.474011
vt 0.897859 0.454820
vt 0.878410 0.440961
vt 0.855630 0.433793
vt 0.831750 0.434018
vt 0.809110 0.441611
vt 0.789925 0.455828
vt 0.776073 0.475277
vt 0.768908 0.498052
vt 0.769131 0.521926
vt 0.776719 0.544562
vt 0.790930 0.563746
vt 0.810373 0.577600
vt 0.833145 0.584770
vt 0.857019 0.584551
vt 0.879659 0.576967
vt 0.898847 0.562759
vt 0.912706 0.543312
vt 0.919877 0.520535
vt 0.712111 0.649168
vt 0.724188 0.649674
vt 0.714064 0.920408
vt 0.702083 0.921276
vt 0.736313 0.650156
vt 0.725927 0.919754
vt 0.748479 0.650634
vt 0.737697 0.919323
vt 0.760677 0.651123
vt 0.749390 0.919101
vt 0.772901 0.651632
vt 0.761019 0.919065
vt 0.785145 0.652170
vt 0.772597 0.919192
vt 0.797402 0.652742
vt 0.784133 0.919460
vt 0.809670 0.653351
vt 0.795636 0.919848
vt 0.821944 0.654001
vt 0.807117 0.920345
vt 0.834222 0.654692
vt 0.818581 0.920943
vt 0.846499 0.655426
vt 0.830038 0.921641
vt 0.858774 0.656203
vt 0.841493 0.922441
vt 0.871043 0.657023
vt 0.852954 0.923356
vt 0.883304 0.657884
vt 0.864428 0.924401
vt 0.895552 0.658784
vt 0.875922 0.925599
vt 0.907782 0.659720
vt 0.887443 0.926975
vt 0.919991 0.660685
vt 0.899000 0.928562
vt 0.932171 0.661672
vt 0.910602 0.930391
vt 0.944315 0.662669
vt 0.922263 0.932486
vt 0.956418 0.663661
vt 0.934006 0.934856
vt 0.902452 0.479098
vt 0.908937 0.498519
vt 0.844398 0.509280
vt 0.890281 0.462631
vt 0.873618 0.450733
vt 0.854094 0.444567
vt 0.833620 0.444739
vt 0.814202 0.451230
vt 0.797740 0.463402
vt 0.785846 0.480066
vt 0.779683 0.499587
vt 0.779853 0.520058
vt 0.786340 0.539473
vt 0.798508 0.555934
vt 0.815167 0.567829
vt 0.834686 0.573995
vt 0.855156 0.573828
vt 0.874574 0.567344
vt 0.891038 0.555177
vt 0.902936 0.538517
vt 0.909104 0.518993
vt 0.497475 0.782086
vt 0.498582 0.783299
vt 0.494103 0.786143
vt 0.499240 0.784801
vt 0.499381 0.786437
vt 0.499004 0.788037
vt 0.498153 0.789448
vt 0.496916 0.790537
vt 0.495407 0.791200
vt 0.493769 0.791371
vt 0.492160 0.791031
vt 0.490737 0.790210
vt 0.489641 0.788986
vt 0.488984 0.787481
vt 0.488831 0.785845
vt 0.489196 0.784242
vt 0.490041 0.782830
vt 0.491281 0.781747
vt 0.492794 0.781094
vt 0.494433 0.780932
vt 0.496045 0.781273
vt 0.916535 0.965170
vt 0.908638 0.962265
vt 0.899829 0.960097
vt 0.890392 0.958421
vt 0.880504 0.957075
vt 0.870287 0.955953
vt 0.859827 0.954987
vt 0.849188 0.954134
vt 0.838425 0.953366
vt 0.827582 0.952671
vt 0.816699 0.952040
vt 0.805814 0.951474
vt 0.794965 0.950979
vt 0.784190 0.950569
vt 0.773530 0.950264
vt 0.763032 0.950098
vt 0.752752 0.950120
vt 0.742761 0.950406
vt 0.733154 0.951072
vt 0.724071 0.952292
vt 0.715724 0.954336
vt 0.468449 0.632344
vt 0.517334 0.631998
vt 0.515374 0.702104
vt 0.488248 0.699624
vt 0.563935 0.646776
vt 0.540408 0.712847
vt 0.603687 0.675230
vt 0.560896 0.730801
vt 0.632702 0.714575
vt 0.574832 0.754209
vt 0.648139 0.760961
vt 0.580853 0.780774
vt 0.648487 0.809845
vt 0.578373 0.807894
vt 0.633712 0.856445
vt 0.567638 0.832915
vt 0.605259 0.896197
vt 0.549694 0.853397
vt 0.565914 0.925210
vt 0.526296 0.867334
vt 0.519529 0.940646
vt 0.499734 0.873360
vt 0.470644 0.940992
vt 0.472608 0.870883
vt 0.424043 0.926216
vt 0.447573 0.860144
vt 0.384290 0.897762
vt 0.427084 0.842194
vt 0.355275 0.858418
vt 0.413144 0.818792
vt 0.339837 0.812032
vt 0.407118 0.792228
vt 0.339489 0.763147
vt 0.409596 0.765104
vt 0.354265 0.716546
vt 0.420335 0.740072
vt 0.382718 0.676794
vt 0.438283 0.719585
vt 0.422064 0.647780
vt 0.461685 0.705647
vt 0.516139 0.705559
vt 0.490044 0.702674
vt 0.540069 0.716370
vt 0.559486 0.734049
vt 0.572488 0.756868
vt 0.577799 0.782583
vt 0.574906 0.808669
vt 0.564111 0.832566
vt 0.546451 0.851975
vt 0.523650 0.864982
vt 0.497942 0.870307
vt 0.471844 0.867426
vt 0.447914 0.856620
vt 0.428496 0.838947
vt 0.415490 0.816140
vt 0.410170 0.790431
vt 0.413054 0.764338
vt 0.423861 0.740413
vt 0.441530 0.720999
vt 0.464335 0.707994
vt 0.525113 0.731447
vt 0.506591 0.724565
vt 0.540614 0.743723
vt 0.551565 0.760213
vt 0.556775 0.779284
vt 0.555742 0.799009
vt 0.548573 0.817399
vt 0.536426 0.832940
vt 0.520026 0.843902
vt 0.501024 0.849210
vt 0.481308 0.848355
vt 0.462823 0.841430
vt 0.447385 0.829121
vt 0.436509 0.812641
vt 0.431256 0.793606
vt 0.432139 0.773878
vt 0.439068 0.755387
vt 0.451366 0.739935
vt 0.467830 0.729031
vt 0.486856 0.723735
vt 0.522265 0.751941
vt 0.510173 0.745077
vt 0.531740 0.762118
vt 0.537006 0.774958
vt 0.538177 0.788772
vt 0.535105 0.802285
vt 0.528080 0.814241
vt 0.517776 0.823468
vt 0.505154 0.829072
vt 0.491428 0.830501
vt 0.477936 0.827611
vt 0.465999 0.820682
vt 0.456790 0.810392
vt 0.451213 0.797747
vt 0.449821 0.783986
vt 0.452754 0.770458
vt 0.459729 0.758489
vt 0.470068 0.749251
vt 0.482761 0.743645
vt 0.496574 0.742212
vt 0.512263 0.769784
vt 0.506320 0.765048
vt 0.516431 0.776113
vt 0.518356 0.783471
vt 0.517892 0.791080
vt 0.515114 0.798187
vt 0.510307 0.804112
vt 0.503927 0.808281
vt 0.496584 0.810287
vt 0.488989 0.809929
vt 0.481884 0.807236
vt 0.475968 0.802471
vt 0.471825 0.796102
vt 0.469864 0.788757
vt 0.470277 0.781160
vt 0.473021 0.774057
vt 0.477826 0.768143
vt 0.484221 0.763991
vt 0.491581 0.762003
vt 0.499194 0.762368
vt 0.943935 0.457795
vt 0.954975 0.491083
vt 0.933053 0.494822
vt 0.924243 0.468128
vt 0.923147 0.429548
vt 0.907614 0.445462
vt 0.894645 0.409107
vt 0.884794 0.429045
vt 0.861218 0.398479
vt 0.858017 0.420486
vt 0.826145 0.398707
vt 0.829907 0.420625
vt 0.792865 0.409762
vt 0.803218 0.429444
vt 0.764633 0.430558
vt 0.780561 0.446078
vt 0.744211 0.459056
vt 0.764154 0.468896
vt 0.733593 0.492467
vt 0.755601 0.495666
vt 0.733817 0.527523
vt 0.755737 0.523768
vt 0.744860 0.560793
vt 0.764549 0.550451
vt 0.765642 0.589024
vt 0.781174 0.573106
vt 0.794129 0.609453
vt 0.803985 0.589517
vt 0.827535 0.620082
vt 0.830751 0.598076
vt 0.862592 0.619869
vt 0.858853 0.597947
vt 0.895870 0.608835
vt 0.885541 0.589140
vt 0.924112 0.588055
vt 0.908203 0.572517
vt 0.944551 0.559564
vt 0.924619 0.549703
vt 0.955186 0.526150
vt 0.933182 0.522931
vt 0.919659 0.496656
vt 0.912073 0.474011
vt 0.897859 0.454820
vt 0.878410 0.440961
vt 0.855630 0.433793
vt 0.831750 0.434018
vt 0.809110 0.441611
vt 0.789925 0.455828
vt 0.776073 0.475277
vt 0.768908 0.498052
vt 0.769131 0.521926
vt 0.776719 0.544562
vt 0.790930 0.563746
vt 0.810373 0.577600
vt 0.833145 0.584770
vt 0.857019 0.584551
vt 0.879659 0.576967
vt 0.898847 0.562759
vt 0.912706 0.543312
vt 0.919877 0.520535
vt 0.712111 0.649168
vt 0.724188 0.649674
vt 0.714064 0.920408
vt 0.702083 0.921276
vt 0.736313 0.650156
vt 0.725927 0.919754
vt 0.748479 0.650634
vt 0.737697 0.919323
vt 0.760677 0.651123
vt 0.749390 0.919101
vt 0.772901 0.651632
vt 0.761019 0.919065
vt 0.785145 0.652170
vt 0.772597 0.919192
vt 0.797402 0.652742
vt 0.784133 0.919460
vt 0.809670 0.653351
vt 0.795636 0.919848
vt 0.821944 0.654001
vt 0.807117 0.920345
vt 0.834222 0.654692
vt 0.818581 0.920943
vt 0.846499 0.655426
vt 0.830038 0.921641
vt 0.858774 0.656203
vt 0.841493 0.922441
vt 0.871043 0.657023
vt 0.852954 0.923356
vt 0.883304 0.657884
vt 0.864428 0.924401
vt 0.895552 0.658784
vt 0.875922 0.925599
vt 0.907782 0.659720
vt 0.887443 0.926975
vt 0.919991 0.660685
vt 0.899000 0.928562
vt 0.932171 0.661672
vt 0.910602 0.930391
vt 0.944315 0.662669
vt 0.922263 0.932486
vt 0.956418 0.663661
vt 0.934006 0.934856
vt 0.910435 0.141780
vt 0.919478 0.168857
vt 0.829497 0.183860
vt 0.893467 0.118823
vt 0.870235 0.102233
vt 0.843014 0.093638
vt 0.814470 0.093877
vt 0.787397 0.102926
vt 0.764446 0.119897
vt 0.747864 0.143129
vt 0.739271 0.170347
vt 0.739508 0.198886
vt 0.748552 0.225955
vt 0.765517 0.248905
vt 0.788743 0.265490
vt 0.815957 0.274086
vt 0.844496 0.273854
vt 0.871568 0.264814
vt 0.894523 0.247850
vt 0.911111 0.224622
vt 0.919710 0.197403
vt 0.497475 0.782086
vt 0.498582 0.783299
vt 0.494103 0.786143
vt 0.499240 0.784801
vt 0.499381 0.786437
vt 0.499004 0.788037
vt 0.498153 0.789448
vt 0.496916 0.790537
vt 0.495407 0.791200
vt 0.493769 0.791371
vt 0.492160 0.791031
vt 0.490737 0.790210
vt 0.489641 0.788986
vt 0.488984 0.787481
vt 0.488831 0.785845
vt 0.489196 0.784242
vt 0.490041 0.782830
vt 0.491281 0.781747
vt 0.492794 0.781094
vt 0.494433 0.780932
vt 0.496045 0.781273
vt 0.916535 0.965170
vt 0.908638 0.962265
vt 0.899829 0.960097
vt 0.890392 0.958421
vt 0.880504 0.957075
vt 0.870287 0.955953
vt 0.859827 0.954987
vt 0.849188 0.954134
vt 0.838425 0.953366
vt 0.827582 0.952671
vt 0.816699 0.952040
vt 0.805814 0.951474
vt 0.794965 0.950979
vt 0.784190 0.950569
vt 0.773530 0.950264
vt 0.763032 0.950098
vt 0.752752 0.950120
vt 0.742761 0.950406
vt 0.733154 0.951072
vt 0.724071 0.952292
vt 0.715724 0.954336
vt 0.468449 0.632344
vt 0.517334 0.631998
vt 0.515374 0.702104
vt 0.488248 0.699624
vt 0.563935 0.646776
vt 0.540408 0.712847
vt 0.603687 0.675230
vt 0.560896 0.730801
vt 0.632702 0.714575
vt 0.574832 0.754209
vt 0.648139 0.760961
vt 0.580853 0.780774
vt 0.648487 0.809845
vt 0.578373 0.807894
vt 0.633712 0.856445
vt 0.567638 0.832915
vt 0.605259 0.896197
vt 0.549694 0.853397
vt 0.565914 0.925210
vt 0.526296 0.867334
vt 0.519529 0.940646
vt 0.499734 0.873360
vt 0.470644 0.940992
vt 0.472608 0.870883
vt 0.424043 0.926216
vt 0.447573 0.860144
vt 0.384290 0.897762
vt 0.427084 0.842194
vt 0.355275 0.858418
vt 0.413144 0.818792
vt 0.339837 0.812032
vt 0.407118 0.792228
vt 0.339489 0.763147
vt 0.409596 0.765104
vt 0.354265 0.716546
vt 0.420335 0.740072
vt 0.382718 0.676794
vt 0.438283 0.719585
vt 0.422064 0.647780
vt 0.461685 0.705647
vt 0.516139 0.705559
vt 0.490044 0.702674
vt 0.540069 0.716370
vt 0.559486 0.734049
vt 0.572488 0.756868
vt 0.577799 0.782583
vt 0.574906 0.808669
vt 0.564111 0.832566
vt 0.546451 0.851975
vt 0.523650 0.864982
vt 0.497942 0.870307
vt 0.471844 0.867426
vt 0.447914 0.856620
vt 0.428496 0.838947
vt 0.415490 0.816140
vt 0.410170 0.790431
vt 0.413054 0.764338
vt 0.423861 0.740413
vt 0.441530 0.720999
vt 0.464335 0.707994
vt 0.525113 0.731447
vt 0.506591 0.724565
vt 0.540614 0.743723
vt 0.551565 0.760213
vt 0.556775 0.779284
vt 0.555742 0.799009
vt 0.548573 0.817399
vt 0.536426 0.832940
vt 0.520026 0.843902
vt 0.501024 0.849210
vt 0.481308 0.848355
vt 0.462823 0.841430
vt 0.447385 0.829121
vt 0.436509 0.812641
vt 0.431256 0.793606
vt 0.432139 0.773878
vt 0.439068 0.755387
vt 0.451366 0.739935
vt 0.467830 0.729031
vt 0.486856 0.723735
vt 0.522265 0.751941
vt 0.510173 0.745077
vt 0.531740 0.762118
vt 0.537006 0.774958
vt 0.538177 0.788772
vt 0.535105 0.802285
vt 0.528080 0.814241
vt 0.517776 0.823468
vt 0.505154 0.829072
vt 0.491428 0.830501
vt 0.477936 0.827611
vt 0.465999 0.820682
vt 0.456790 0.810392
vt 0.451213 0.797747
vt 0.449821 0.783986
vt 0.452754 0.770458
vt 0.459729 0.758489
vt 0.470068 0.749251
vt 0.482761 0.743645
vt 0.496574 0.742212
vt 0.512263 0.769784
vt 0.506320 0.765048
vt 0.516431 0.776113
vt 0.518356 0.783471
vt 0.517892 0.791080
vt 0.515114 0.798187
vt 0.510307 0.804112
vt 0.503927 0.808281
vt 0.496584 0.810287
vt 0.488989 0.809929
vt 0.481884 0.807236
vt 0.475968 0.802471
vt 0.471825 0.796102
vt 0.469864 0.788757
vt 0.470277 0.781160
vt 0.473021 0.774057
vt 0.477826 0.768143
vt 0.484221 0.763991
vt 0.491581 0.762003
vt 0.499194 0.762368
vt 0.968272 0.112080
vt 0.983663 0.158489
vt 0.953100 0.163703
vt 0.940817 0.126485
vt 0.939289 0.072697
vt 0.917633 0.094885
vt 0.899551 0.044199
vt 0.885817 0.071996
vt 0.852947 0.029381
vt 0.848484 0.060063
vt 0.804048 0.029700
vt 0.809294 0.060257
vt 0.757649 0.045112
vt 0.772083 0.072552
vt 0.718289 0.074105
vt 0.740495 0.095743
vt 0.689815 0.113838
vt 0.717620 0.127557
vt 0.675012 0.160420
vt 0.705695 0.164880
vt 0.675324 0.209294
vt 0.705885 0.204059
vt 0.690721 0.255680
vt 0.718171 0.241261
vt 0.719695 0.295039
vt 0.741349 0.272847
vt 0.759412 0.323522
vt 0.773152 0.295726
vt 0.805987 0.338340
vt 0.810470 0.307660
vt 0.854863 0.338044
vt 0.849649 0.307479
vt 0.901260 0.322659
vt 0.886858 0.295201
vt 0.940634 0.293689
vt 0.918454 0.272025
vt 0.969131 0.253967
vt 0.941341 0.240218
vt 0.983958 0.207380
vt 0.953280 0.202892
vt 0.934426 0.166259
vt 0.923849 0.134689
vt 0.904032 0.107932
vt 0.876916 0.088610
vt 0.845156 0.078616
vt 0.811863 0.078929
vt 0.780298 0.089516
vt 0.753551 0.109337
vt 0.734238 0.136452
vt 0.724249 0.168206
vt 0.724559 0.201491
vt 0.735139 0.233051
vt 0.754951 0.259797
vt 0.782059 0.279113
vt 0.813808 0.289108
vt 0.847093 0.288804
vt 0.878657 0.278230
vt 0.905410 0.258420
vt 0.924731 0.231308
vt 0.934730 0.199552
vt 0.712111 0.649168
vt 0.724188 0.649674
vt 0.714064 0.920408
vt 0.702083 0.921276
vt 0.736313 0.650156
vt 0.725927 0.919754
vt 0.748479 0.650634
vt 0.737697 0.919323
vt 0.760677 0.651123
vt 0.749390 0.919101
vt 0.772901 0.651632
vt 0.761019 0.919065
vt 0.785145 0.652170
vt 0.772597 0.919192
vt 0.797402 0.652742
vt 0.784133 0.919460
vt 0.809670 0.653351
vt 0.795636 0.919848
vt 0.821944 0.654001
vt 0.807117 0.920345
vt 0.834222 0.654692
vt 0.818581 0.920943
vt 0.846499 0.655426
vt 0.830038 0.921641
vt 0.858774 0.656203
vt 0.841493 0.922441
vt 0.871043 0.657023
vt 0.852954 0.923356
vt 0.883304 0.657884
vt 0.864428 0.924401
vt 0.895552 0.658784
vt 0.875922 0.925599
vt 0.907782 0.659720
vt 0.887443 0.926975
vt 0.919991 0.660685
vt 0.899000 0.928562
vt 0.932171 0.661672
vt 0.910602 0.930391
vt 0.944315 0.662669
vt 0.922263 0.932486
vt 0.956418 0.663661
vt 0.934006 0.934856
vt 0.902452 0.479098
vt 0.908937 0.498519
vt 0.844398 0.509280
vt 0.890281 0.462631
vt 0.873618 0.450733
vt 0.854094 0.444567
vt 0.833620 0.444739
vt 0.814202 0.451230
vt 0.797740 0.463402
vt 0.785846 0.480066
vt 0.779683 0.499587
vt 0.779853 0.520058
vt 0.786340 0.539473
vt 0.798508 0.555934
vt 0.815167 0.567829
vt 0.834686 0.573995
vt 0.855156 0.573828
vt 0.874574 0.567344
vt 0.891038 0.555177
vt 0.902936 0.538517
vt 0.909104 0.518993
vt 0.497475 0.782086
vt 0.498582 0.783299
vt 0.494103 0.786143
vt 0.499240 0.784801
vt 0.499381 0.786437
vt 0.499004 0.788037
vt 0.498153 0.789448
vt 0.496916 0.790537
vt 0.495407 0.791200
vt 0.493769 0.791371
vt 0.492160 0.791031
vt 0.490737 0.790210
vt 0.489641 0.788986
vt 0.488984 0.787481
vt 0.488831 0.785845
vt 0.489196 0.784242
vt 0.490041 0.782830
vt 0.491281 0.781747
vt 0.492794 0.781094
vt 0.494433 0.780932
vt 0.496045 0.781273
vt 0.916535 0.965170
vt 0.908638 0.962265
vt 0.899829 0.960097
vt 0.890392 0.958421
vt 0.880504 0.957075
vt 0.870287 0.955953
vt 0.859827 0.954987
vt 0.849188 0.954134
vt 0.838425 0.953366
vt 0.827582 0.952671
vt 0.816699 0.952040
vt 0.805814 0.951474
vt 0.794965 0.950979
vt 0.784190 0.950569
vt 0.773530 0.950264
vt 0.763032 0.950098
vt 0.752752 0.950120
vt 0.742761 0.950406
vt 0.733154 0.951072
vt 0.724071 0.952292
vt 0.715724 0.954336
vt 0.468449 0.632344
vt 0.517334 0.631998
vt 0.515374 0.702104
vt 0.488248 0.699624
vt 0.563935 0.646776
vt 0.540408 0.712847
vt 0.603687 0.675230
vt 0.560896 0.730801
vt 0.632702 0.714575
vt 0.574832 0.754209
vt 0.648139 0.760961
vt 0.580853 0.780774
vt 0.648487 0.809845
vt 0.578373 0.807894
vt 0.633712 0.856445
vt 0.567638 0.832915
vt 0.605259 0.896197
vt 0.549694 0.853397
vt 0.565914 0.925210
vt 0.526296 0.867334
vt 0.519529 0.940646
vt 0.499734 0.873360
vt 0.470644 0.940992
vt 0.472608 0.870883
vt 0.424043 0.926216
vt 0.447573 0.860144
vt 0.384290 0.897762
vt 0.427084 0.842194
vt 0.355275 0.858418
vt 0.413144 0.818792
vt 0.339837 0.812032
vt 0.407118 0.792228
vt 0.339489 0.763147
vt 0.409596 0.765104
vt 0.354265 0.716546
vt 0.420335 0.740072
vt 0.382718 0.676794
vt 0.438283 0.719585
vt 0.422064 0.647780
vt 0.461685 0.705647
vt 0.516139 0.705559
vt 0.490044 0.702674
vt 0.540069 0.716370
vt 0.559486 0.734049
vt 0.572488 0.756868
vt 0.577799 0.782583
vt 0.574906 0.808669
vt 0.564111 0.832566
vt 0.546451 0.851975
vt 0.523650 0.864982
vt 0.497942 0.870307
vt 0.471844 0.867426
vt 0.447914 0.856620
vt 0.428496 0.838947
vt 0.415490 0.816140
vt 0.410170 0.790431
vt 0.413054 0.764338
vt 0.423861 0.740413
vt 0.441530 0.720999
vt 0.464335 0.707994
vt 0.525113 0.731447
vt 0.506591 0.724565
vt 0.540614 0.743723
vt 0.551565 0.760213
vt 0.556775 0.779284
vt 0.555742 0.799009
vt 0.548573 0.817399
vt 0.536426 0.832940
vt 0.520026 0.843902
vt 0.501024 0.849210
vt 0.481308 0.848355
vt 0.462823 0.841430
vt 0.447385 0.829121
vt 0.436509 0.812641
vt 0.431256 0.793606
vt 0.432139 0.773878
vt 0.439068 0.755387
vt 0.451366 0.739935
vt 0.467830 0.729031
vt 0.486856 0.723735
vt 0.522265 0.751941
vt 0.510173 0.745077
vt 0.531740 0.762118
vt 0.537006 0.774958
vt 0.538177 0.788772
vt 0.535105 0.802285
vt 0.528080 0.814241
vt 0.517776 0.823468
vt 0.505154 0.829072
vt 0.491428 0.830501
vt 0.477936 0.827611
vt 0.465999 0.820682
vt 0.456790 0.810392
vt 0.451213 0.797747
vt 0.449821 0.783986
vt 0.452754 0.770458
vt 0.459729 0.758489
vt 0.470068 0.749251
vt 0.482761 0.743645
vt 0.496574 0.742212
vt 0.512263 0.769784
vt 0.506320 0.765048
vt 0.516431 0.776113
vt 0.518356 0.783471
vt 0.517892 0.791080
vt 0.515114 0.798187
vt 0.510307 0.804112
vt 0.503927 0.808281
vt 0.496584 0.810287
vt 0.488989 0.809929
vt 0.481884 0.807236
vt 0.475968 0.802471
vt 0.471825 0.796102
vt 0.469864 0.788757
vt 0.470277 0.781160
vt 0.473021 0.774057
vt 0.477826 0.768143
vt 0.484221 0.763991
vt 0.491581 0.762003
vt 0.499194 0.762368
vt 0.943935 0.457795
vt 0.954975 0.491083
vt 0.933053 0.494822
vt 0.924243 0.468128
vt 0.923147 0.429548
vt 0.907614 0.445462
vt 0.894645 0.409107
vt 0.884794 0.429045
vt 0.861218 0.398479
vt 0.858017 0.420486
vt 0.826145 0.398707
vt 0.829907 0.420625
vt 0.792865 0.409762
vt 0.803218 0.429444
vt 0.764633 0.430558
vt 0.780561 0.446078
vt 0.744211 0.459056
vt 0.764154 0.468896
vt 0.733593 0.492467
vt 0.755601 0.495666
vt 0.733817 0.527523
vt 0.755737 0.523768
vt 0.744860 0.560793
vt 0.764549 0.550451
vt 0.765642 0.589024
vt 0.781174 0.573106
vt 0.794129 0.609453
vt 0.803985 0.589517
vt 0.827535 0.620082
vt 0.830751 0.598076
vt 0.862592 0.619869
vt 0.858853 0.597947
vt 0.895870 0.608835
vt 0.885541 0.589140
vt 0.924112 0.588055
vt 0.908203 0.572517
vt 0.944551 0.559564
vt 0.924619 0.549703
vt 0.955186 0.526150
vt 0.933182 0.522931
vt 0.919659 0.496656
vt 0.912073 0.474011
vt 0.897859 0.454820
vt 0.878410 0.440961
vt 0.855630 0.433793
vt 0.831750 0.434018
vt 0.809110 0.441611
vt 0.789925 0.455828
vt 0.776073 0.475277
vt 0.768908 0.498052
vt 0.769131 0.521926
vt 0.776719 0.544562
vt 0.790930 0.563746
vt 0.810373 0.577600
vt 0.833145 0.584770
vt 0.857019 0.584551
vt 0.879659 0.576967
vt 0.898847 0.562759
vt 0.912706 0.543312
vt 0.919877 0.520535
vt 0.712111 0.649168
vt 0.724188 0.649674
vt 0.714064 0.920408
vt 0.702083 0.921276
vt 0.736313 0.650156
vt 0.725927 0.919754
vt 0.748479 0.650634
vt 0.737697 0.919323
vt 0.760677 0.651123
vt 0.749390 0.919101
vt 0.772901 0.651632
vt 0.761019 0.919065
vt 0.785145 0.652170
vt 0.772597 0.919192
vt 0.797402 0.652742
vt 0.784133 0.919460
vt 0.809670 0.653351
vt 0.795636 0.919848
vt 0.821944 0.654001
vt 0.807117 0.920345
vt 0.834222 0.654692
vt 0.818581 0.920943
vt 0.846499 0.655426
vt 0.830038 0.921641
vt 0.858774 0.656203
vt 0.841493 0.922441
vt 0.871043 0.657023
vt 0.852954 0.923356
vt 0.883304 0.657884
vt 0.864428 0.924401
vt 0.895552 0.658784
vt 0.875922 0.925599
vt 0.907782 0.659720
vt 0.887443 0.926975
vt 0.919991 0.660685
vt 0.899000 0.928562
vt 0.932171 0.661672
vt 0.910602 0.930391
vt 0.944315 0.662669
vt 0.922263 0.932486
vt 0.956418 0.663661
vt 0.934006 0.934856
vt 0.902452 0.479098
vt 0.908937 0.498519
vt 0.844398 0.509280
vt 0.890281 0.462631
vt 0.873618 0.450733
vt 0.854094 0.444567
vt 0.833620 0.444739
vt 0.814202 0.451230
vt 0.797740 0.463402
vt 0.785846 0.480066
vt 0.779683 0.499587
vt 0.779853 0.520058
vt 0.786340 0.539473
vt 0.798508 0.555934
vt 0.815167 0.567829
vt 0.834686 0.573995
vt 0.855156 0.573828
vt 0.874574 0.567344
vt 0.891038 0.555177
vt 0.902936 0.538517
vt 0.909104 0.518993
vt 0.497475 0.782086
vt 0.498582 0.783299
vt 0.494103 0.786143
vt 0.499240 0.784801
vt 0.499381 0.786437
vt 0.499004 0.788037
vt 0.498153 0.789448
vt 0.496916 0.790537
vt 0.495407 0.791200
vt 0.493769 0.791371
vt 0.492160 0.791031
vt 0.490737 0.790210
vt 0.489641 0.788986
vt 0.488984 0.787481
vt 0.488831 0.785845
vt 0.489196 0.784242
vt 0.490041 0.782830
vt 0.491281 0.781747
vt 0.492794 0.781094
vt 0.494433 0.780932
vt 0.496045 0.781273
vt 0.916535 0.965170
vt 0.908638 0.962265
vt 0.899829 0.960097
vt 0.890392 0.958421
vt 0.880504 0.957075
vt 0.870287 0.955953
vt 0.859827 0.954987
vt 0.849188 0.954134
vt 0.838425 0.953366
vt 0.827582 0.952671
vt 0.816699 0.952040
vt 0.805814 0.951474
vt 0.794965 0.950979
vt 0.784190 0.950569
vt 0.773530 0.950264
vt 0.763032 0.950098
vt 0.752752 0.950120
vt 0.742761 0.950406
vt 0.733154 0.951072
vt 0.724071 0.952292
vt 0.715724 0.954336
vt 0.468449 0.632344
vt 0.517334 0.631998
vt 0.515374 0.702104
vt 0.488248 0.699624
vt 0.563935 0.646776
vt 0.540408 0.712847
vt 0.603687 0.675230
vt 0.560896 0.730801
vt 0.632702 0.714575
vt 0.574832 0.754209
vt 0.648139 0.760961
vt 0.580853 0.780774
vt 0.648487 0.809845
vt 0.578373 0.807894
vt 0.633712 0.856445
vt 0.567638 0.832915
vt 0.605259 0.896197
vt 0.549694 0.853397
vt 0.565914 0.925210
vt 0.526296 0.867334
vt 0.519529 0.940646
vt 0.499734 0.873360
vt 0.470644 0.940992
vt 0.472608 0.870883
vt 0.424043 0.926216
vt 0.447573 0.860144
vt 0.384290 0.897762
vt 0.427084 0.842194
vt 0.355275 0.858418
vt 0.413144 0.818792
vt 0.339837 0.812032
vt 0.407118 0.792228
vt 0.339489 0.763147
vt 0.409596 0.765104
vt 0.354265 0.716546
vt 0.420335 0.740072
vt 0.382718 0.676794
vt 0.438283 0.719585
vt 0.422064 0.647780
vt 0.461685 0.705647
vt 0.516139 0.705559
vt 0.490044 0.702674
vt 0.540069 0.716370
vt 0.559486 0.734049
vt 0.572488 0.756868
vt 0.577799 0.782583
vt 0.574906 0.808669
vt 0.564111 0.832566
vt 0.546451 0.851975
vt 0.523650 0.864982
vt 0.497942 0.870307
vt 0.471844 0.867426
vt 0.447914 0.856620
vt 0.428496 0.838947
vt 0.415490 0.816140
vt 0.410170 0.790431
vt 0.413054 0.764338
vt 0.423861 0.740413
vt 0.441530 0.720999
vt 0.464335 0.707994
vt 0.525113 0.731447
vt 0.506591 0.724565
vt 0.540614 0.743723
vt 0.551565 0.760213
vt 0.556775 0.779284
vt 0.555742 0.799009
vt 0.548573 0.817399
vt 0.536426 0.832940
vt 0.520026 0.843902
vt 0.501024 0.849210
vt 0.481308 0.848355
vt 0.462823 0.841430
vt 0.447385 0.829121
vt 0.436509 0.812641
vt 0.431256 0.793606
vt 0.432139 0.773878
vt 0.439068 0.755387
vt 0.451366 0.739935
vt 0.467830 0.729031
vt 0.486856 0.723735
vt 0.522265 0.751941
vt 0.510173 0.745077
vt 0.531740 0.762118
vt 0.537006 0.774958
vt 0.538177 0.788772
vt 0.535105 0.802285
vt 0.528080 0.814241
vt 0.517776 0.823468
vt 0.505154 0.829072
vt 0.491428 0.830501
vt 0.477936 0.827611
vt 0.465999 0.820682
vt 0.456790 0.810392
vt 0.451213 0.797747
vt 0.449821 0.783986
vt 0.452754 0.770458
vt 0.459729 0.758489
vt 0.470068 0.749251
vt 0.482761 0.743645
vt 0.496574 0.742212
vt 0.512263 0.769784
vt 0.506320 0.765048
vt 0.516431 0.776113
vt 0.518356 0.783471
vt 0.517892 0.791080
vt 0.515114 0.798187
vt 0.510307 0.804112
vt 0.503927 0.808281
vt 0.496584 0.810287
vt 0.488989 0.809929
vt 0.481884 0.807236
vt 0.475968 0.802471
vt 0.471825 0.796102
vt 0.469864 0.788757
vt 0.470277 0.781160
vt 0.473021 0.774057
vt 0.477826 0.768143
vt 0.484221 0.763991
vt 0.491581 0.762003
vt 0.499194 0.762368
vt 0.943935 0.457795
vt 0.954975 0.491083
vt 0.933053 0.494822
vt 0.924243 0.468128
vt 0.923147 0.429548
vt 0.907614 0.445462
vt 0.894645 0.409107
vt 0.884794 0.429045
vt 0.861218 0.398479
vt 0.858017 0.420486
vt 0.826145 0.398707
vt 0.829907 0.420625
vt 0.792865 0.409762
vt 0.803218 0.429444
vt 0.764633 0.430558
vt 0.780561 0.446078
vt 0.744211 0.459056
vt 0.764154 0.468896
vt 0.733593 0.492467
vt 0.755601 0.495666
vt 0.733817 0.527523
vt 0.755737 0.523768
vt 0.744860 0.560793
vt 0.764549 0.550451
vt 0.765642 0.589024
vt 0.781174 0.573106
vt 0.794129 0.609453
vt 0.803985 0.589517
vt 0.827535 0.620082
vt 0.830751 0.598076
vt 0.862592 0.619869
vt 0.858853 0.597947
vt 0.895870 0.608835
vt 0.885541 0.589140
vt 0.924112 0.588055
vt 0.908203 0.572517
vt 0.944551 0.559564
vt 0.924619 0.549703
vt 0.955186 0.526150
vt 0.933182 0.522931
vt 0.919659 0.496656
vt 0.912073 0.474011
vt 0.897859 0.454820
vt 0.878410 0.440961
vt 0.855630 0.433793
vt 0.831750 0.434018
vt 0.809110 0.441611
vt 0.789925 0.455828
vt 0.776073 0.475277
vt 0.768908 0.498052
vt 0.769131 0.521926
vt 0.776719 0.544562
vt 0.790930 0.563746
vt 0.810373 0.577600
vt 0.833145 0.584770
vt 0.857019 0.584551
vt 0.879659 0.576967
vt 0.898847 0.562759
vt 0.912706 0.543312
vt 0.919877 0.520535
vt 0.712111 0.649168
vt 0.724188 0.649674
vt 0.714064 0.920408
vt 0.702083 0.921276
vt 0.736313 0.650156
vt 0.725927 0.919754
vt 0.748479 0.650634
vt 0.737697 0.919323
vt 0.760677 0.651123
vt 0.749390 0.919101
vt 0.772901 0.651632
vt 0.761019 0.919065
vt 0.785145 0.652170
vt 0.772597 0.919192
vt 0.797402 0.652742
vt 0.784133 0.919460
vt 0.809670 0.653351
vt 0.795636 0.919848
vt 0.821944 0.654001
vt 0.807117 0.920345
vt 0.834222 0.654692
vt 0.818581 0.920943
vt 0.846499 0.655426
vt 0.830038 0.921641
vt 0.858774 0.656203
vt 0.841493 0.922441
vt 0.871043 0.657023
vt 0.852954 0.923356
vt 0.883304 0.657884
vt 0.864428 0.924401
vt 0.895552 0.658784
vt 0.875922 0.925599
vt 0.907782 0.659720
vt 0.887443 0.926975
vt 0.919991 0.660685
vt 0.899000 0.928562
vt 0.932171 0.661672
vt 0.910602 0.930391
vt 0.944315 0.662669
vt 0.922263 0.932486
vt 0.956418 0.663661
vt 0.934006 0.934856
vt 0.902452 0.479098
vt 0.908937 0.498519
vt 0.844398 0.509280
vt 0.890281 0.462631
vt 0.873618 0.450733
vt 0.854094 0.444567
vt 0.833620 0.444739
vt 0.814202 0.451230
vt 0.797740 0.463402
vt 0.785846 0.480066
vt 0.779683 0.499587
vt 0.779853 0.520058
vt 0.786340 0.539473
vt 0.798508 0.555934
vt 0.815167 0.567829
vt 0.834686 0.573995
vt 0.855156 0.573828
vt 0.874574 0.567344
vt 0.891038 0.555177
vt 0.902936 0.538517
vt 0.909104 0.518993
vt 0.497475 0.782086
vt 0.498582 0.783299
vt 0.494103 0.786143
vt 0.499240 0.784801
vt 0.499381 0.786437
vt 0.499004 0.788037
vt 0.498153 0.789448
vt 0.496916 0.790537
vt 0.495407 0.791200
vt 0.493769 0.791371
vt 0.492160 0.791031
vt 0.490737 0.790210
vt 0.489641 0.788986
vt 0.488984 0.787481
vt 0.488831 0.785845
vt 0.489196 0.784242
vt 0.490041 0.782830
vt 0.491281 0.781747
vt 0.492794 0.781094
vt 0.494433 0.780932
vt 0.496045 0.781273
vt 0.916535 0.965170
vt 0.908638 0.962265
vt 0.899829 0.960097
vt 0.890392 0.958421
vt 0.880504 0.957075
vt 0.870287 0.955953
vt 0.859827 0.954987
vt 0.849188 0.954134
vt 0.838425 0.953366
vt 0.827582 0.952671
vt 0.816699 0.952040
vt 0.805814 0.951474
vt 0.794965 0.950979
vt 0.784190 0.950569
vt 0.773530 0.950264
vt 0.763032 0.950098
vt 0.752752 0.950120
vt 0.742761 0.950406
vt 0.733154 0.951072
vt 0.724071 0.952292
vt 0.715724 0.954336
vt 0.468449 0.632344
vt 0.517334 0.631998
vt 0.515374 0.702104
vt 0.488248 0.699624
vt 0.563935 0.646776
vt 0.540408 0.712847
vt 0.603687 0.675230
vt 0.560896 0.730801
vt 0.632702 0.714575
vt 0.574832 0.754209
vt 0.648139 0.760961
vt 0.580853 0.780774
vt 0.648487 0.809845
vt 0.578373 0.807894
vt 0.633712 0.856445
vt 0.567638 0.832915
vt 0.605259 0.896197
vt 0.549694 0.853397
vt 0.565914 0.925210
vt 0.526296 0.867334
vt 0.519529 0.940646
vt 0.499734 0.873360
vt 0.470644 0.940992
vt 0.472608 0.870883
vt 0.424043 0.926216
vt 0.447573 0.860144
vt 0.384290 0.897762
vt 0.427084 0.842194
vt 0.355275 0.858418
vt 0.413144 0.818792
vt 0.339837 0.812032
vt 0.407118 0.792228
vt 0.339489 0.763147
vt 0.409596 0.765104
vt 0.354265 0.716546
vt 0.420335 0.740072
vt 0.382718 0.676794
vt 0.438283 0.719585
vt 0.422064 0.647780
vt 0.461685 0.705647
vt 0.516139 0.705559
vt 0.490044 0.702674
vt 0.540069 0.716370
vt 0.559486 0.734049
vt 0.572488 0.756868
vt 0.577799 0.782583
vt 0.574906 0.808669
vt 0.564111 0.832566
vt 0.546451 0.851975
vt 0.523650 0.864982
vt 0.497942 0.870307
vt 0.471844 0.867426
vt 0.447914 0.856620
vt 0.428496 0.838947
vt 0.415490 0.816140
vt 0.410170 0.790431
vt 0.413054 0.764338
vt 0.423861 0.740413
vt 0.441530 0.720999
vt 0.464335 0.707994
vt 0.525113 0.731447
vt 0.506591 0.724565
vt 0.540614 0.743723
vt 0.551565 0.760213
vt 0.556775 0.779284
vt 0.555742 0.799009
vt 0.548573 0.817399
vt 0.536426 0.832940
vt 0.520026 0.843902
vt 0.501024 0.849210
vt 0.481308 0.848355
vt 0.462823 0.841430
vt 0.447385 0.829121
vt 0.436509 0.812641
vt 0.431256 0.793606
vt 0.432139 0.773878
vt 0.439068 0.755387
vt 0.451366 0.739935
vt 0.467830 0.729031
vt 0.486856 0.723735
vt 0.522265 0.751941
vt 0.510173 0.745077
vt 0.531740 0.762118
vt 0.537006 0.774958
vt 0.538177 0.788772
vt 0.535105 0.802285
vt 0.528080 0.814241
vt 0.517776 0.823468
vt 0.505154 0.829072
vt 0.491428 0.830501
vt 0.477936 0.827611
vt 0.465999 0.820682
vt 0.456790 0.810392
vt 0.451213 0.797747
vt 0.449821 0.783986
vt 0.452754 0.770458
vt 0.459729 0.758489
vt 0.470068 0.749251
vt 0.482761 0.743645
vt 0.496574 0.742212
vt 0.512263 0.769784
vt 0.506320 0.765048
vt 0.516431 0.776113
vt 0.518356 0.783471
vt 0.517892 0.791080
vt 0.515114 0.798187
vt 0.510307 0.804112
vt 0.503927 0.808281
vt 0.496584 0.810287
vt 0.488989 0.809929
vt 0.481884 0.807236
vt 0.475968 0.802471
vt 0.471825 0.796102
vt 0.469864 0.788757
vt 0.470277 0.781160
vt 0.473021 0.774057
vt 0.477826 0.768143
vt 0.484221 0.763991
vt 0.491581 0.762003
vt 0.499194 0.762368
vt 0.943935 0.457795
vt 0.954975 0.491083
vt 0.933053 0.494822
vt 0.924243 0.468128
vt 0.923147 0.429548
vt 0.907614 0.445462
vt 0.894645 0.409107
vt 0.884794 0.429045
vt 0.861218 0.398479
vt 0.858017 0.420486
vt 0.826145 0.398707
vt 0.829907 0.420625
vt 0.792865 0.409762
vt 0.803218 0.429444
vt 0.764633 0.430558
vt 0.780561 0.446078
vt 0.744211 0.459056
vt 0.764154 0.468896
vt 0.733593 0.492467
vt 0.755601 0.495666
vt 0.733817 0.527523
vt 0.755737 0.523768
vt 0.744860 0.560793
vt 0.764549 0.550451
vt 0.765642 0.589024
vt 0.781174 0.573106
vt 0.794129 0.609453
vt 0.803985 0.589517
vt 0.827535 0.620082
vt 0.830751 0.598076
vt 0.862592 0.619869
vt 0.858853 0.597947
vt 0.895870 0.608835
vt 0.885541 0.589140
vt 0.924112 0.588055
vt 0.908203 0.572517
vt 0.944551 0.559564
vt 0.924619 0.549703
vt 0.955186 0.526150
vt 0.933182 0.522931
vt 0.919659 0.496656
vt 0.912073 0.474011
vt 0.897859 0.454820
vt 0.878410 0.440961
vt 0.855630 0.433793
vt 0.831750 0.434018
vt 0.809110 0.441611
vt 0.789925 0.455828
vt 0.776073 0.475277
vt 0.768908 0.498052
vt 0.769131 0.521926
vt 0.776719 0.544562
vt 0.790930 0.563746
vt 0.810373 0.577600
vt 0.833145 0.584770
vt 0.857019 0.584551
vt 0.879659 0.576967
vt 0.898847 0.562759
vt 0.912706 0.543312
vt 0.919877 0.520535
vt 0.712111 0.649168
vt 0.724188 0.649674
vt 0.714064 0.920408
vt 0.702083 0.921276
vt 0.736313 0.650156
vt 0.725927 0.919754
vt 0.748479 0.650634
vt 0.737697 0.919323
vt 0.760677 0.651123
vt 0.749390 0.919101
vt 0.772901 0.651632
vt 0.761019 0.919065
vt 0.785145 0.652170
vt 0.772597 0.919192
vt 0.797402 0.652742
vt 0.784133 0.919460
vt 0.809670 0.653351
vt 0.795636 0.919848
vt 0.821944 0.654001
vt 0.807117 0.920345
vt 0.834222 0.654692
vt 0.818581 0.920943
vt 0.846499 0.655426
vt 0.830038 0.921641
vt 0.858774 0.656203
vt 0.841493 0.922441
vt 0.871043 0.657023
vt 0.852954 0.923356
vt 0.883304 0.657884
vt 0.864428 0.924401
vt 0.895552 0.658784
vt 0.875922 0.925599
vt 0.907782 0.659720
vt 0.887443 0.926975
vt 0.919991 0.660685
vt 0.899000 0.928562
vt 0.932171 0.661672
vt 0.910602 0.930391
vt 0.944315 0.662669
vt 0.922263 0.932486
vt 0.956418 0.663661
vt 0.934006 0.934856
vt 0.902452 0.479098
vt 0.908937 0.498519
vt 0.844398 0.509280
vt 0.890281 0.462631
vt 0.873618 0.450733
vt 0.854094 0.444567
vt 0.833620 0.444739
vt 0.814202 0.451230
vt 0.797740 0.463402
vt 0.785846 0.480066
vt 0.779683 0.499587
vt 0.779853 0.520058
vt 0.786340 0.539473
vt 0.798508 0.555934
vt 0.815167 0.567829
vt 0.834686 0.573995
vt 0.855156 0.573828
vt 0.874574 0.567344
vt 0.891038 0.555177
vt 0.902936 0.538517
vt 0.909104 0.518993
vt 0.497475 0.782086
vt 0.498582 0.783299
vt 0.494103 0.786143
vt 0.499240 0.784801
vt 0.499381 0.786437
vt 0.499004 0.788037
vt 0.498153 0.789448
vt 0.496916 0.790537
vt 0.495407 0.791200
vt 0.493769 0.791371
vt 0.492160 0.791031
vt 0.490737 0.790210
vt 0.489641 0.788986
vt 0.488984 0.787481
vt 0.488831 0.785845
vt 0.489196 0.784242
vt 0.490041 0.782830
vt 0.491281 0.781747
vt 0.492794 0.781094
vt 0.494433 0.780932
vt 0.496045 0.781273
vt 0.916535 0.965170
vt 0.908638 0.962265
vt 0.899829 0.960097
vt 0.890392 0.958421
vt 0.880504 0.957075
vt 0.870287 0.955953
vt 0.859827 0.954987
vt 0.849188 0.954134
vt 0.838425 0.953366
vt 0.827582 0.952671
vt 0.816699 0.952040
vt 0.805814 0.951474
vt 0.794965 0.950979
vt 0.784190 0.950569
vt 0.773530 0.950264
vt 0.763032 0.950098
vt 0.752752 0.950120
vt 0.742761 0.950406
vt 0.733154 0.951072
vt 0.724071 0.952292
vt 0.715724 0.954336
vt 0.468449 0.632344
vt 0.517334 0.631998
vt 0.515374 0.702104
vt 0.488248 0.699624
vt 0.563935 0.646776
vt 0.540408 0.712847
vt 0.603687 0.675230
vt 0.560896 0.730801
vt 0.632702 0.714575
vt 0.574832 0.754209
vt 0.648139 0.760961
vt 0.580853 0.780774
vt 0.648487 0.809845
vt 0.578373 0.807894
vt 0.633712 0.856445
vt 0.567638 0.832915
vt 0.605259 0.896197
vt 0.549694 0.853397
vt 0.565914 0.925210
vt 0.526296 0.867334
vt 0.519529 0.940646
vt 0.499734 0.873360
vt 0.470644 0.940992
vt 0.472608 0.870883
vt 0.424043 0.926216
vt 0.447573 0.860144
vt 0.384290 0.897762
vt 0.427084 0.842194
vt 0.355275 0.858418
vt 0.413144 0.818792
vt 0.339837 0.812032
vt 0.407118 0.792228
vt 0.339489 0.763147
vt 0.409596 0.765104
vt 0.354265 0.716546
vt 0.420335 0.740072
vt 0.382718 0.676794
vt 0.438283 0.719585
vt 0.422064 0.647780
vt 0.461685 0.705647
vt 0.516139 0.705559
vt 0.490044 0.702674
vt 0.540069 0.716370
vt 0.559486 0.734049
vt 0.572488 0.756868
vt 0.577799 0.782583
vt 0.574906 0.808669
vt 0.564111 0.832566
vt 0.546451 0.851975
vt 0.523650 0.864982
vt 0.497942 0.870307
vt 0.471844 0.867426
vt 0.447914 0.856620
vt 0.428496 0.838947
vt 0.415490 0.816140
vt 0.410170 0.790431
vt 0.413054 0.764338
vt 0.423861 0.740413
vt 0.441530 0.720999
vt 0.464335 0.707994
vt 0.525113 0.731447
vt 0.506591 0.724565
vt 0.540614 0.743723
vt 0.551565 0.760213
vt 0.556775 0.779284
vt 0.555742 0.799009
vt 0.548573 0.817399
vt 0.536426 0.832940
vt 0.520026 0.843902
vt 0.501024 0.849210
vt 0.481308 0.848355
vt 0.462823 0.841430
vt 0.447385 0.829121
vt 0.436509 0.812641
vt 0.431256 0.793606
vt 0.432139 0.773878
vt 0.439068 0.755387
vt 0.451366 0.739935
vt 0.467830 0.729031
vt 0.486856 0.723735
vt 0.522265 0.751941
vt 0.510173 0.745077
vt 0.531740 0.762118
vt 0.537006 0.774958
vt 0.538177 0.788772
vt 0.535105 0.802285
vt 0.528080 0.814241
vt 0.517776 0.823468
vt 0.505154 0.829072
vt 0.491428 0.830501
vt 0.477936 0.827611
vt 0.465999 0.820682
vt 0.456790 0.810392
vt 0.451213 0.797747
vt 0.449821 0.783986
vt 0.452754 0.770458
vt 0.459729 0.758489
vt 0.470068 0.749251
vt 0.482761 0.743645
vt 0.496574 0.742212
vt 0.512263 0.769784
vt 0.506320 0.765048
vt 0.516431 0.776113
vt 0.518356 0.783471
vt 0.517892 0.791080
vt 0.515114 0.798187
vt 0.510307 0.804112
vt 0.503927 0.808281
vt 0.496584 0.810287
vt 0.488989 0.809929
vt 0.481884 0.807236
vt 0.475968 0.802471
vt 0.471825 0.796102
vt 0.469864 0.788757
vt 0.470277 0.781160
vt 0.473021 0.774057
vt 0.477826 0.768143
vt 0.484221 0.763991
vt 0.491581 0.762003
vt 0.499194 0.762368
vt 0.943935 0.457795
vt 0.954975 0.491083
vt 0.933053 0.494822
vt 0.924243 0.468128
vt 0.923147 0.429548
vt 0.907614 0.445462
vt 0.894645 0.409107
vt 0.884794 0.429045
vt 0.861218 0.398479
vt 0.858017 0.420486
vt 0.826145 0.398707
vt 0.829907 0.420625
vt 0.792865 0.409762
vt 0.803218 0.429444
vt 0.764633 0.430558
vt 0.780561 0.446078
vt 0.744211 0.459056
vt 0.764154 0.468896
vt 0.733593 0.492467
vt 0.755601 0.495666
vt 0.733817 0.527523
vt 0.755737 0.523768
vt 0.744860 0.560793
vt 0.764549 0.550451
vt 0.765642 0.589024
vt 0.781174 0.573106
vt 0.794129 0.609453
vt 0.803985 0.589517
vt 0.827535 0.620082
vt 0.830751 0.598076
vt 0.862592 0.619869
vt 0.858853 0.597947
vt 0.895870 0.608835
vt 0.885541 0.589140
vt 0.924112 0.588055
vt 0.908203 0.572517
vt 0.944551 0.559564
vt 0.924619 0.549703
vt 0.955186 0.526150
vt 0.933182 0.522931
vt 0.919659 0.496656
vt 0.912073 0.474011
vt 0.897859 0.454820
vt 0.878410 0.440961
vt 0.855630 0.433793
vt 0.831750 0.434018
vt 0.809110 0.441611
vt 0.789925 0.455828
vt 0.776073 0.475277
vt 0.768908 0.498052
vt 0.769131 0.521926
vt 0.776719 0.544562
vt 0.790930 0.563746
vt 0.810373 0.577600
vt 0.833145 0.584770
vt 0.857019 0.584551
vt 0.879659 0.576967
vt 0.898847 0.562759
vt 0.912706 0.543312
vt 0.919877 0.520535
vt 0.170982 0.033578
vt 0.180676 0.033578
vt 0.180676 0.168137
vt 0.170982 0.168137
vt 0.573391 0.316962
vt 0.583085 0.315947
vt 0.583085 0.317588
vt 0.573391 0.318579
vt 0.166521 0.309099
vt 0.156827 0.309099
vt 0.156827 0.174540
vt 0.166521 0.174540
vt 0.569227 0.318579
vt 0.559533 0.317588
vt 0.559533 0.315947
vt 0.569227 0.316962
vt 0.309870 0.033578
vt 0.311486 0.033578
vt 0.311486 0.168137
vt 0.309870 0.168137
vt 0.581699 0.168137
vt 0.581699 0.033578
vt 0.583316 0.033578
vt 0.583316 0.168137
vt 0.268644 0.168137
vt 0.268644 0.033578
vt 0.298899 0.033578
vt 0.298899 0.168137
vt 0.701308 0.316167
vt 0.701308 0.317803
vt 0.671054 0.314269
vt 0.671054 0.312547
vt 0.068859 0.174540
vt 0.068859 0.309099
vt 0.038605 0.309099
vt 0.038605 0.174540
vt 0.471565 0.312547
vt 0.471565 0.314269
vt 0.441310 0.317803
vt 0.441310 0.316167
vt 0.213152 0.168137
vt 0.213152 0.033578
vt 0.231303 0.033578
vt 0.231303 0.168137
vt 0.633712 0.313549
vt 0.615561 0.314269
vt 0.615561 0.312547
vt 0.633712 0.311808
vt 0.124351 0.174540
vt 0.124351 0.309099
vt 0.106201 0.309099
vt 0.106201 0.174540
vt 0.527057 0.312547
vt 0.527057 0.314269
vt 0.508906 0.313549
vt 0.508906 0.311808
vt 0.253251 0.033578
vt 0.253251 0.168137
vt 0.655660 0.313549
vt 0.655660 0.311808
vt 0.084252 0.309099
vt 0.084252 0.174540
vt 0.486958 0.313549
vt 0.486958 0.311808
vt 0.448757 0.033578
vt 0.449978 0.033578
vt 0.449978 0.168137
vt 0.448757 0.168137
vt 0.569227 0.451521
vt 0.559533 0.452537
vt 0.559533 0.451297
vt 0.569227 0.450300
vt 0.345576 0.456329
vt 0.346301 0.474480
vt 0.344999 0.474480
vt 0.344261 0.456329
vt 0.486958 0.455361
vt 0.508906 0.455361
vt 0.508906 0.456675
vt 0.486958 0.456675
vt 0.471565 0.454636
vt 0.471565 0.455937
vt 0.441310 0.452316
vt 0.441310 0.451081
vt 0.443207 0.168137
vt 0.443207 0.033578
vt 0.444429 0.033578
vt 0.444429 0.168137
vt 0.671054 0.455937
vt 0.671054 0.454636
vt 0.701308 0.451081
vt 0.701308 0.452316
vt 0.655660 0.456675
vt 0.655660 0.455361
vt 0.633712 0.456675
vt 0.633712 0.455361
vt 0.615561 0.455937
vt 0.615561 0.454636
vt 0.573391 0.450300
vt 0.583085 0.451297
vt 0.583085 0.452537
vt 0.573391 0.451521
vt 0.527057 0.454636
vt 0.430504 0.316063
vt 0.430504 0.449340
vt 0.400249 0.452895
vt 0.400249 0.312529
vt 0.384856 0.453620
vt 0.384856 0.311808
vt 0.362908 0.453620
vt 0.362908 0.311808
vt 0.344757 0.452895
vt 0.344757 0.312529
vt 0.312281 0.449556
vt 0.312281 0.315848
vt 0.527057 0.455937
vt 0.305541 0.033578
vt 0.305541 0.168137
vt 0.707950 0.318579
vt 0.707950 0.316962
vt 0.707950 0.450300
vt 0.707950 0.451521
vt 0.031962 0.309099
vt 0.031962 0.174540
vt 0.434668 0.450300
vt 0.434668 0.451521
vt 0.434668 0.318579
vt 0.434668 0.316962
vt 0.180676 0.309099
vt 0.170982 0.309099
vt 0.583316 0.309099
vt 0.581699 0.309099
vt 0.189894 0.311808
vt 0.220149 0.311808
vt 0.220149 0.452771
vt 0.189894 0.452771
vt 0.298899 0.309099
vt 0.268644 0.309099
vt 0.257490 0.311808
vt 0.275641 0.311808
vt 0.275641 0.452771
vt 0.257490 0.452771
vt 0.231303 0.309099
vt 0.213152 0.309099
vt 0.235542 0.311808
vt 0.235542 0.452771
vt 0.253251 0.309099
vt 0.155476 0.452771
vt 0.185730 0.452771
vt 0.185730 0.593733
vt 0.155476 0.593733
vt 0.068859 0.450062
vt 0.038605 0.450062
vt 0.140082 0.452771
vt 0.140082 0.593733
vt 0.084252 0.450062
vt 0.118134 0.452771
vt 0.118134 0.593733
vt 0.106201 0.450062
vt 0.099983 0.452771
vt 0.099983 0.593733
vt 0.124351 0.450062
vt 0.166521 0.450062
vt 0.156827 0.450062
vt 0.449978 0.309099
vt 0.448757 0.309099
vt 0.031962 0.596441
vt 0.165671 0.596441
vt 0.165671 0.737403
vt 0.031962 0.737403
vt 0.308117 0.311808
vt 0.308117 0.452771
vt 0.067507 0.452771
vt 0.067507 0.593733
vt 0.305541 0.309099
vt 0.311486 0.309099
vt 0.309870 0.309099
vt 0.170982 0.596441
vt 0.304259 0.596441
vt 0.304259 0.737403
vt 0.170982 0.737403
vt 0.443207 0.309099
vt 0.444429 0.309099
vt 0.031962 0.450062
vt 0.326698 0.597291
vt 0.308547 0.597291
vt 0.308547 0.456329
vt 0.326698 0.456329
vt 0.332334 0.597291
vt 0.331033 0.597291
vt 0.331033 0.456329
vt 0.332334 0.456329
vt 0.106201 0.033578
vt 0.124351 0.033578
vt 0.338962 0.597291
vt 0.337647 0.597291
vt 0.337647 0.456329
vt 0.338962 0.456329
vt 0.712111 0.649168
vt 0.724188 0.649674
vt 0.714064 0.920408
vt 0.702083 0.921276
vt 0.736313 0.650156
vt 0.725927 0.919754
vt 0.748479 0.650634
vt 0.737697 0.919323
vt 0.760677 0.651123
vt 0.749390 0.919101
vt 0.772901 0.651632
vt 0.761019 0.919065
vt 0.785145 0.652170
vt 0.772597 0.919192
vt 0.797402 0.652742
vt 0.784133 0.919460
vt 0.809670 0.653351
vt 0.795636 0.919848
vt 0.821944 0.654001
vt 0.807117 0.920345
vt 0.834222 0.654692
vt 0.818581 0.920943
vt 0.846499 0.655426
vt 0.830038 0.921641
vt 0.858774 0.656203
vt 0.841493 0.922441
vt 0.871043 0.657023
vt 0.852954 0.923356
vt 0.883304 0.657884
vt 0.864428 0.924401
vt 0.895552 0.658784
vt 0.875922 0.925599
vt 0.907782 0.659720
vt 0.887443 0.926975
vt 0.919991 0.660685
vt 0.899000 0.928562
vt 0.932171 0.661672
vt 0.910602 0.930391
vt 0.944315 0.662669
vt 0.922263 0.932486
vt 0.956418 0.663661
vt 0.934006 0.934856
vt 0.902452 0.479098
vt 0.908937 0.498519
vt 0.844398 0.509280
vt 0.890281 0.462631
vt 0.873618 0.450733
vt 0.854094 0.444567
vt 0.833620 0.444739
vt 0.814202 0.451230
vt 0.797740 0.463402
vt 0.785846 0.480066
vt 0.779683 0.499587
vt 0.779853 0.520058
vt 0.786340 0.539473
vt 0.798508 0.555934
vt 0.815167 0.567829
vt 0.834686 0.573995
vt 0.855156 0.573828
vt 0.874574 0.567344
vt 0.891038 0.555177
vt 0.902936 0.538517
vt 0.909104 0.518993
vt 0.497475 0.782086
vt 0.498582 0.783299
vt 0.494103 0.786143
vt 0.499240 0.784801
vt 0.499381 0.786437
vt 0.499004 0.788037
vt 0.498153 0.789448
vt 0.496916 0.790537
vt 0.495407 0.791200
vt 0.493769 0.791371
vt 0.492160 0.791031
vt 0.490737 0.790210
vt 0.489641 0.788986
vt 0.488984 0.787481
vt 0.488831 0.785845
vt 0.489196 0.784242
vt 0.490041 0.782830
vt 0.491281 0.781747
vt 0.492794 0.781094
vt 0.494433 0.780932
vt 0.496045 0.781273
vt 0.916535 0.965170
vt 0.908638 0.962265
vt 0.899829 0.960097
vt 0.890392 0.958421
vt 0.880504 0.957075
vt 0.870287 0.955953
vt 0.859827 0.954987
vt 0.849188 0.954134
vt 0.838425 0.953366
vt 0.827582 0.952671
vt 0.816699 0.952040
vt 0.805814 0.951474
vt 0.794965 0.950979
vt 0.784190 0.950569
vt 0.773530 0.950264
vt 0.763032 0.950098
vt 0.752752 0.950120
vt 0.742761 0.950406
vt 0.733154 0.951072
vt 0.724071 0.952292
vt 0.715724 0.954336
vt 0.468449 0.632344
vt 0.517334 0.631998
vt 0.515374 0.702104
vt 0.488248 0.699624
vt 0.563935 0.646776
vt 0.540408 0.712847
vt 0.603687 0.675230
vt 0.560896 0.730801
vt 0.632702 0.714575
vt 0.574832 0.754209
vt 0.648139 0.760961
vt 0.580853 0.780774
vt 0.648487 0.809845
vt 0.578373 0.807894
vt 0.633712 0.856445
vt 0.567638 0.832915
vt 0.605259 0.896197
vt 0.549694 0.853397
vt 0.565914 0.925210
vt 0.526296 0.867334
vt 0.519529 0.940646
vt 0.499734 0.873360
vt 0.470644 0.940992
vt 0.472608 0.870883
vt 0.424043 0.926216
vt 0.447573 0.860144
vt 0.384290 0.897762
vt 0.427084 0.842194
vt 0.355275 0.858418
vt 0.413144 0.818792
vt 0.339837 0.812032
vt 0.407118 0.792228
vt 0.339489 0.763147
vt 0.409596 0.765104
vt 0.354265 0.716546
vt 0.420335 0.740072
vt 0.382718 0.676794
vt 0.438283 0.719585
vt 0.422064 0.647780
vt 0.461685 0.705647
vt 0.516139 0.705559
vt 0.490044 0.702674
vt 0.540069 0.716370
vt 0.559486 0.734049
vt 0.572488 0.756868
vt 0.577799 0.782583
vt 0.574906 0.808669
vt 0.564111 0.832566
vt 0.546451 0.851975
vt 0.523650 0.864982
vt 0.497942 0.870307
vt 0.471844 0.867426
vt 0.447914 0.856620
vt 0.428496 0.838947
vt 0.415490 0.816140
vt 0.410170 0.790431
vt 0.413054 0.764338
vt 0.423861 0.740413
vt 0.441530 0.720999
vt 0.464335 0.707994
vt 0.525113 0.731447
vt 0.506591 0.724565
vt 0.540614 0.743723
vt 0.551565 0.760213
vt 0.556775 0.779284
vt 0.555742 0.799009
vt 0.548573 0.817399
vt 0.536426 0.832940
vt 0.520026 0.843902
vt 0.501024 0.849210
vt 0.481308 0.848355
vt 0.462823 0.841430
vt 0.447385 0.829121
vt 0.436509 0.812641
vt 0.431256 0.793606
vt 0.432139 0.773878
vt 0.439068 0.755387
vt 0.451366 0.739935
vt 0.467830 0.729031
vt 0.486856 0.723735
vt 0.522265 0.751941
vt 0.510173 0.745077
vt 0.531740 0.762118
vt 0.537006 0.774958
vt 0.538177 0.788772
vt 0.535105 0.802285
vt 0.528080 0.814241
vt 0.517776 0.823468
vt 0.505154 0.829072
vt 0.491428 0.830501
vt 0.477936 0.827611
vt 0.465999 0.820682
vt 0.456790 0.810392
vt 0.451213 0.797747
vt 0.449821 0.783986
vt 0.452754 0.770458
vt 0.459729 0.758489
vt 0.470068 0.749251
vt 0.482761 0.743645
vt 0.496574 0.742212
vt 0.512263 0.769784
vt 0.506320 0.765048
vt 0.516431 0.776113
vt 0.518356 0.783471
vt 0.517892 0.791080
vt 0.515114 0.798187
vt 0.510307 0.804112
vt 0.503927 0.808281
vt 0.496584 0.810287
vt 0.488989 0.809929
vt 0.481884 0.807236
vt 0.475968 0.802471
vt 0.471825 0.796102
vt 0.469864 0.788757
vt 0.470277 0.781160
vt 0.473021 0.774057
vt 0.477826 0.768143
vt 0.484221 0.763991
vt 0.491581 0.762003
vt 0.499194 0.762368
vt 0.943935 0.457795
vt 0.954975 0.491083
vt 0.933053 0.494822
vt 0.924243 0.468128
vt 0.923147 0.429548
vt 0.907614 0.445462
vt 0.894645 0.409107
vt 0.884794 0.429045
vt 0.861218 0.398479
vt 0.858017 0.420486
vt 0.826145 0.398707
vt 0.829907 0.420625
vt 0.792865 0.409762
vt 0.803218 0.429444
vt 0.764633 0.430558
vt 0.780561 0.446078
vt 0.744211 0.459056
vt 0.764154 0.468896
vt 0.733593 0.492467
vt 0.755601 0.495666
vt 0.733817 0.527523
vt 0.755737 0.523768
vt 0.744860 0.560793
vt 0.764549 0.550451
vt 0.765642 0.589024
vt 0.781174 0.573106
vt 0.794129 0.609453
vt 0.803985 0.589517
vt 0.827535 0.620082
vt 0.830751 0.598076
vt 0.862592 0.619869
vt 0.858853 0.597947
vt 0.895870 0.608835
vt 0.885541 0.589140
vt 0.924112 0.588055
vt 0.908203 0.572517
vt 0.944551 0.559564
vt 0.924619 0.549703
vt 0.955186 0.526150
vt 0.933182 0.522931
vt 0.919659 0.496656
vt 0.912073 0.474011
vt 0.897859 0.454820
vt 0.878410 0.440961
vt 0.855630 0.433793
vt 0.831750 0.434018
vt 0.809110 0.441611
vt 0.789925 0.455828
vt 0.776073 0.475277
vt 0.768908 0.498052
vt 0.769131 0.521926
vt 0.776719 0.544562
vt 0.790930 0.563746
vt 0.810373 0.577600
vt 0.833145 0.584770
vt 0.857019 0.584551
vt 0.879659 0.576967
vt 0.898847 0.562759
vt 0.912706 0.543312
vt 0.919877 0.520535
vn 0.950903 -0.017991 -0.308966
vn 0.808886 -0.017991 -0.587690
vn 0.809017 0.000000 -0.587785
vn 0.951057 0.000000 -0.309016
vn 0.587690 -0.017991 -0.808886
vn 0.587785 0.000000 -0.809017
vn 0.308966 -0.017991 -0.950903
vn 0.309016 0.000000 -0.951057
vn 0.000000 -0.017991 -0.999838
vn 0.000000 0.000000 -1.000000
vn -0.308966 -0.017991 -0.950903
vn -0.309016 0.000000 -0.951057
vn -0.587691 -0.017991 -0.808886
vn -0.587786 0.000000 -0.809017
vn -0.808886 -0.017991 -0.587690
vn -0.809017 0.000000 -0.587785
vn -0.950903 -0.017991 -0.308967
vn -0.951056 0.000000 -0.309017
vn -0.999838 -0.017991 -0.000000
vn -1.000000 0.000000 0.000000
vn -0.950903 -0.017991 0.308967
vn -0.951057 0.000000 0.309017
vn -0.808886 -0.017991 0.587690
vn -0.809017 0.000000 0.587785
vn -0.587690 -0.017991 0.808886
vn -0.587785 0.000000 0.809017
vn -0.308967 -0.017991 0.950903
vn -0.309017 0.000000 0.951056
vn 0.000000 -0.017991 0.999838
vn 0.000000 0.000000 1.000000
vn 0.308967 -0.017991 0.950903
vn 0.309017 0.000000 0.951056
vn 0.587690 -0.017991 0.808886
vn 0.587785 0.000000 0.809017
vn 0.808886 -0.017991 0.587690
vn 0.809017 0.000000 0.587785
vn 0.950903 -0.017991 0.308967
vn 0.951057 0.000000 0.309017
vn 0.999838 -0.017991 0.000001
vn 1.000000 0.000000 0.000001
vn 0.000000 -1.000000 0.000000
vn 0.000000 -1.000000 0.000000
vn 0.000000 -1.000000 0.000000
vn 0.000000 -1.000000 -0.000000
vn 0.000000 -1.000000 -0.000000
vn 0.000000 -1.000000 0.000000
vn 0.000000 -1.000000 0.000000
vn 0.000000 -1.000000 0.000000
vn 0.000000 -1.000000 0.000000
vn 0.000000 -1.000000 0.000000
vn 0.000000 -1.000000 0.000000
vn 0.000000 -1.000000 0.000000
vn 0.000000 -1.000000 0.000000
vn 0.000000 -1.000000 0.000000
vn 0.000000 -1.000000 -0.000000
vn 0.000000 -1.000000 0.000000
vn 0.000000 -1.000000 0.000000
vn 0.000000 -1.000000 0.000000
vn 0.000000 -1.000000 0.000000
vn 0.000000 -1.000000 0.000000
vn 0.000000 -1.000000 0.000000
vn -0.000031 1.000000 0.000056
vn -0.000026 1.000000 0.000056
vn 0.000000 1.000000 0.000003
vn -0.000019 1.000000 0.000000
vn -0.000010 1.000000 0.000028
vn -0.000000 1.000000 0.000056
vn 0.000010 1.000000 0.000042
vn 0.000019 1.000000 0.000014
vn 0.000026 1.000000 0.000056
vn 0.000031 1.000000 0.000056
vn 0.000033 1.000000 0.000000
vn 0.000031 1.000000 -0.000056
vn 0.000026 1.000000 -0.000056
vn 0.000019 1.000000 0.000000
vn 0.000010 1.000000 -0.000014
vn 0.000000 1.000000 -0.000035
vn -0.000010 1.000000 -0.000021
vn -0.000019 1.000000 0.000000
vn -0.000026 1.000000 -0.000056
vn -0.000031 1.000000 -0.000056
vn -0.000033 1.000000 0.000000
vn 0.916616 0.399769 0.000001
vn 0.871754 0.399769 -0.283249
vn 0.929300 0.212669 -0.301948
vn 0.977124 0.212671 0.000000
vn 0.871754 0.399768 0.283250
vn 0.929301 0.212669 0.301948
vn 0.741561 0.399768 0.538770
vn 0.790515 0.212670 0.574333
vn 0.538770 0.399768 0.741561
vn 0.574332 0.212670 0.790515
vn 0.283251 0.399768 0.871754
vn 0.301949 0.212669 0.929300
vn -0.000000 0.399769 0.916616
vn 0.000000 0.212671 0.977124
vn -0.283250 0.399768 0.871754
vn -0.301948 0.212669 0.929300
vn -0.538770 0.399768 0.741561
vn -0.574332 0.212670 0.790516
vn -0.741561 0.399768 0.538770
vn -0.790515 0.212670 0.574333
vn -0.871754 0.399768 0.283250
vn -0.929301 0.212669 0.301948
vn -0.916616 0.399769 0.000000
vn -0.977124 0.212671 0.000000
vn -0.871754 0.399768 -0.283250
vn -0.929300 0.212669 -0.301948
vn -0.741562 0.399768 -0.538769
vn -0.790516 0.212670 -0.574331
vn -0.538771 0.399768 -0.741561
vn -0.574333 0.212670 -0.790515
vn -0.283250 0.399768 -0.871754
vn -0.301947 0.212669 -0.929301
vn 0.000000 0.399769 -0.916616
vn -0.000000 0.212671 -0.977124
vn 0.283249 0.399768 -0.871754
vn 0.301947 0.212669 -0.929301
vn 0.538771 0.399768 -0.741560
vn 0.574334 0.212670 -0.790514
vn 0.741561 0.399768 -0.538770
vn 0.790516 0.212670 -0.574331
vn 0.808135 0.046882 -0.587128
vn 0.950011 0.046882 -0.308678
vn 0.587132 0.046882 -0.808133
vn 0.308676 0.046882 -0.950011
vn 0.000000 0.046882 -0.998900
vn -0.308676 0.046882 -0.950011
vn -0.587130 0.046882 -0.808134
vn -0.808135 0.046882 -0.587128
vn -0.950011 0.046882 -0.308678
vn -0.998901 0.046882 0.000000
vn -0.950011 0.046882 0.308677
vn -0.808133 0.046882 0.587131
vn -0.587129 0.046882 0.808135
vn -0.308678 0.046881 0.950011
vn 0.000000 0.046882 0.998900
vn 0.308678 0.046881 0.950011
vn 0.587129 0.046882 0.808135
vn 0.808133 0.046882 0.587131
vn 0.950011 0.046882 0.308677
vn 0.998901 0.046882 -0.000000
vn 0.000000 1.000000 0.000002
vn 0.000000 1.000000 -0.000007
vn 0.000000 1.000000 -0.000007
vn 0.000000 1.000000 0.000002
vn 0.000000 1.000000 -0.000006
vn 0.000000 1.000000 -0.000006
vn 0.000000 1.000000 -0.000003
vn 0.000000 1.000000 -0.000003
vn 0.000000 1.000000 -0.000001
vn 0.000000 1.000000 -0.000001
vn 0.000000 1.000000 0.000005
vn 0.000000 1.000000 0.000005
vn 0.000000 1.000000 0.000001
vn 0.000000 1.000000 0.000001
vn 0.000000 1.000000 -0.000003
vn 0.000000 1.000000 -0.000003
vn 0.000000 1.000000 0.000002
vn 0.000000 1.000000 0.000002
vn 0.000000 1.000000 -0.000002
vn 0.000000 1.000000 -0.000002
vn 0.000000 1.000000 -0.000002
vn 0.000000 1.000000 -0.000002
vn 0.000000 1.000000 0.000007
vn 0.000000 1.000000 0.000007
vn 0.000000 1.000000 0.000001
vn 0.000000 1.000000 0.000001
vn 0.000000 1.000000 -0.000004
vn 0.000000 1.000000 -0.000004
vn 0.000000 1.000000 0.000002
vn 0.000000 1.000000 0.000002
vn 0.000000 1.000000 -0.000002
vn 0.000000 1.000000 -0.000002
vn 0.000000 1.000000 -0.000001
vn 0.000000 1.000000 -0.000001
vn 0.000000 1.000000 0.000003
vn 0.000000 1.000000 0.000003
vn 0.000000 1.000000 -0.000002
vn 0.000000 1.000000 -0.000002
vn 0.000000 1.000000 0.000002
vn 0.000000 1.000000 0.000002
vn 0.950589 0.031354 -0.308866
vn 0.808626 0.031354 -0.587487
vn 0.807551 0.060322 -0.586706
vn 0.949325 0.060321 -0.308455
vn 0.587488 0.031354 -0.808626
vn 0.586706 0.060322 -0.807550
vn 0.308867 0.031354 -0.950589
vn 0.308455 0.060321 -0.949324
vn -0.000000 0.031354 -0.999508
vn -0.000000 0.060322 -0.998179
vn -0.308866 0.031354 -0.950589
vn -0.308456 0.060322 -0.949324
vn -0.587486 0.031354 -0.808627
vn -0.586704 0.060322 -0.807551
vn -0.808626 0.031354 -0.587487
vn -0.807550 0.060321 -0.586707
vn -0.950589 0.031354 -0.308866
vn -0.949325 0.060321 -0.308454
vn -0.999508 0.031354 -0.000000
vn -0.998179 0.060322 -0.000000
vn -0.950589 0.031354 0.308866
vn -0.949325 0.060321 0.308455
vn -0.808626 0.031354 0.587487
vn -0.807549 0.060321 0.586707
vn -0.587488 0.031354 0.808626
vn -0.586705 0.060321 0.807551
vn -0.308865 0.031354 0.950589
vn -0.308454 0.060321 0.949325
vn 0.000000 0.031354 0.999508
vn -0.000001 0.060321 0.998179
vn 0.308865 0.031354 0.950589
vn 0.308454 0.060321 0.949325
vn 0.587488 0.031354 0.808626
vn 0.586706 0.060321 0.807550
vn 0.808626 0.031354 0.587487
vn 0.807550 0.060322 0.586706
vn 0.950589 0.031354 0.308866
vn 0.949324 0.060321 0.308455
vn 0.999508 0.031354 -0.000000
vn 0.998179 0.060322 -0.000000
vn 0.791333 0.207981 -0.574922
vn 0.930260 0.207980 -0.302260
vn 0.574924 0.207982 -0.791332
vn 0.302261 0.207980 -0.930259
vn 0.000000 0.207981 -0.978133
vn -0.302262 0.207980 -0.930259
vn -0.574919 0.207980 -0.791336
vn -0.791329 0.207980 -0.574928
vn -0.930260 0.207980 -0.302259
vn -0.978133 0.207981 -0.000000
vn -0.930261 0.207980 0.302258
vn -0.791329 0.207979 0.574929
vn -0.574916 0.207979 0.791338
vn -0.302259 0.207979 0.930260
vn -0.000003 0.207980 0.978133
vn 0.302257 0.207979 0.930261
vn 0.574926 0.207981 0.791331
vn 0.791333 0.207981 0.574922
vn 0.930260 0.207980 0.302261
vn 0.978133 0.207981 -0.000000
vn 0.756814 0.353417 -0.549844
vn 0.889681 0.353415 -0.289077
vn 0.549847 0.353418 -0.756811
vn 0.289080 0.353416 -0.889680
vn -0.000000 0.353419 -0.935465
vn -0.289078 0.353415 -0.889681
vn -0.549836 0.353416 -0.756821
vn -0.756810 0.353419 -0.549849
vn -0.889682 0.353416 -0.289071
vn -0.935466 0.353418 -0.000000
vn -0.889683 0.353416 0.289071
vn -0.756809 0.353418 0.549850
vn -0.549832 0.353417 0.756823
vn -0.289074 0.353415 0.889682
vn -0.000005 0.353417 0.935466
vn 0.289073 0.353415 0.889682
vn 0.549851 0.353418 0.756809
vn 0.756816 0.353418 0.549841
vn 0.889681 0.353415 0.289077
vn 0.935466 0.353418 -0.000000
vn 0.738979 0.407014 -0.536890
vn 0.868715 0.407012 -0.282268
vn 0.536889 0.407016 -0.738978
vn 0.282272 0.407014 -0.868713
vn 0.000000 0.407018 -0.913420
vn -0.282267 0.407014 -0.868715
vn -0.536875 0.407018 -0.738987
vn -0.738978 0.407020 -0.536886
vn -0.868717 0.407014 -0.282260
vn -0.913420 0.407018 0.000000
vn -0.868716 0.407014 0.282263
vn -0.738973 0.407019 0.536894
vn -0.536876 0.407016 0.738987
vn -0.282268 0.407013 0.868715
vn -0.000007 0.407016 0.913421
vn 0.282267 0.407013 0.868715
vn 0.536896 0.407015 0.738973
vn 0.738982 0.407016 0.536884
vn 0.868715 0.407012 0.282268
vn 0.913421 0.407016 0.000000
vn 0.842002 -0.464957 -0.273582
vn 0.716249 -0.464958 -0.520386
vn 0.520385 -0.464958 -0.716250
vn 0.273583 -0.464958 -0.842001
vn 0.000000 -0.464958 -0.885333
vn -0.273583 -0.464958 -0.842002
vn -0.520386 -0.464958 -0.716250
vn -0.716249 -0.464957 -0.520386
vn -0.842002 -0.464957 -0.273583
vn -0.885333 -0.464957 -0.000000
vn -0.842002 -0.464957 0.273583
vn -0.716250 -0.464957 0.520386
vn -0.520386 -0.464957 0.716250
vn -0.273582 -0.464957 0.842002
vn -0.000000 -0.464957 0.885333
vn 0.273582 -0.464957 0.842002
vn 0.520386 -0.464957 0.716250
vn 0.716250 -0.464957 0.520386
vn 0.842002 -0.464957 0.273583
vn 0.885333 -0.464957 0.000001
vn 0.525641 0.760167 -0.381900
vn 0.617927 0.760168 -0.200776
vn 0.617927 0.760168 -0.200776
vn 0.525641 0.760167 -0.381900
vn 0.381900 0.760168 -0.525640
vn 0.381900 0.760168 -0.525640
vn 0.200775 0.760168 -0.617927
vn 0.200775 0.760168 -0.617927
vn -0.000000 0.760168 -0.649727
vn -0.000000 0.760168 -0.649727
vn -0.200775 0.760168 -0.617927
vn -0.200775 0.760168 -0.617927
vn -0.381900 0.760168 -0.525640
vn -0.381900 0.760168 -0.525640
vn -0.525641 0.760167 -0.381900
vn -0.525641 0.760167 -0.381900
vn -0.617927 0.760168 -0.200777
vn -0.617927 0.760168 -0.200777
vn -0.649727 0.760168 0.000000
vn -0.649727 0.760168 0.000000
vn -0.617927 0.760168 0.200777
vn -0.617927 0.760168 0.200777
vn -0.525640 0.760167 0.381900
vn -0.525640 0.760167 0.381900
vn -0.381901 0.760167 0.525640
vn -0.381901 0.760167 0.525640
vn -0.200777 0.760168 0.617927
vn -0.200777 0.760168 0.617927
vn -0.000000 0.760168 0.649727
vn 0.000000 0.760167 0.649727
vn 0.200777 0.760167 0.617927
vn 0.200777 0.760167 0.617927
vn 0.381901 0.760167 0.525641
vn 0.381901 0.760167 0.525640
vn 0.525641 0.760167 0.381900
vn 0.525641 0.760167 0.381900
vn 0.617927 0.760168 0.200777
vn 0.617927 0.760168 0.200777
vn 0.649727 0.760168 0.000001
vn 0.649727 0.760168 0.000001
vn 0.809017 0.000000 -0.587785
vn 0.951057 0.000000 -0.309016
vn 0.951057 0.000000 -0.309016
vn 0.809017 0.000000 -0.587785
vn 0.587785 0.000000 -0.809017
vn 0.587785 0.000000 -0.809017
vn 0.309017 0.000000 -0.951057
vn 0.309017 0.000000 -0.951057
vn -0.000000 0.000000 -1.000000
vn -0.000000 0.000000 -1.000000
vn -0.309017 0.000000 -0.951057
vn -0.309017 0.000000 -0.951057
vn -0.587785 0.000000 -0.809017
vn -0.587785 0.000000 -0.809017
vn -0.809017 0.000000 -0.587785
vn -0.809017 0.000000 -0.587785
vn -0.951057 0.000000 -0.309017
vn -0.951057 0.000000 -0.309017
vn -1.000000 0.000000 0.000000
vn -1.000000 0.000000 0.000000
vn -0.951057 0.000000 0.309017
vn -0.951057 0.000000 0.309017
vn -0.809017 0.000000 0.587785
vn -0.809017 0.000000 0.587785
vn -0.587785 0.000000 0.809017
vn -0.587785 0.000000 0.809017
vn -0.309016 0.000000 0.951057
vn -0.309016 0.000000 0.951057
vn 0.000000 0.000000 1.000000
vn 0.000000 0.000000 1.000000
vn 0.309017 0.000000 0.951057
vn 0.309017 0.000000 0.951057
vn 0.587785 0.000000 0.809017
vn 0.587785 0.000000 0.809017
vn 0.809017 0.000000 0.587785
vn 0.809017 0.000000 0.587785
vn 0.951057 0.000000 0.309017
vn 0.951057 0.000000 0.309017
vn 1.000000 0.000000 0.000001
vn 1.000000 0.000000 0.000001
vn 0.950903 -0.017991 -0.308966
vn 0.808886 -0.017991 -0.587690
vn 0.809017 0.000000 -0.587785
vn 0.951057 0.000000 -0.309016
vn 0.587690 -0.017991 -0.808886
vn 0.587785 0.000000 -0.809017
vn 0.308966 -0.017991 -0.950903
vn 0.309016 0.000000 -0.951057
vn 0.000000 -0.017991 -0.999838
vn 0.000000 0.000000 -1.000000
vn -0.308967 -0.017991 -0.950903
vn -0.309017 0.000000 -0.951056
vn -0.587691 -0.017991 -0.808886
vn -0.587786 0.000000 -0.809017
vn -0.808886 -0.017991 -0.587690
vn -0.809017 0.000000 -0.587785
vn -0.950903 -0.017991 -0.308967
vn -0.951056 0.000000 -0.309017
vn -0.999838 -0.017991 0.000000
vn -1.000000 0.000000 0.000000
vn -0.950903 -0.017991 0.308967
vn -0.951056 0.000000 0.309017
vn -0.808886 -0.017991 0.587690
vn -0.809017 0.000000 0.587785
vn -0.587690 -0.017991 0.808886
vn -0.587785 0.000000 0.809017
vn -0.308966 -0.017991 0.950903
vn -0.309016 0.000000 0.951057
vn 0.000000 -0.017991 0.999838
vn 0.000000 0.000000 1.000000
vn 0.308967 -0.017991 0.950903
vn 0.309017 0.000000 0.951057
vn 0.587690 -0.017991 0.808886
vn 0.587785 0.000000 0.809017
vn 0.808886 -0.017991 0.587690
vn 0.809017 0.000000 0.587785
vn 0.950903 -0.017991 0.308967
vn 0.951056 0.000000 0.309017
vn 0.999838 -0.017991 0.000001
vn 1.000000 0.000000 0.000001
vn 0.000000 -1.000000 0.000000
vn 0.000000 -1.000000 0.000000
vn 0.000000 -1.000000 0.000000
vn 0.000000 -1.000000 -0.000000
vn 0.000000 -1.000000 -0.000000
vn 0.000000 -1.000000 0.000000
vn 0.000000 -1.000000 0.000000
vn 0.000000 -1.000000 0.000000
vn 0.000000 -1.000000 0.000000
vn 0.000000 -1.000000 0.000000
vn 0.000000 -1.000000 0.000000
vn 0.000000 -1.000000 0.000000
vn 0.000000 -1.000000 0.000000
vn 0.000000 -1.000000 0.000000
vn 0.000000 -1.000000 -0.000000
vn 0.000000 -1.000000 0.000000
vn 0.000000 -1.000000 0.000000
vn 0.000000 -1.000000 0.000000
vn 0.000000 -1.000000 0.000000
vn 0.000000 -1.000000 0.000000
vn 0.000000 -1.000000 0.000000
vn -0.000031 1.000000 0.000056
vn -0.000026 1.000000 0.000056
vn 0.000000 1.000000 0.000003
vn -0.000019 1.000000 0.000000
vn -0.000010 1.000000 0.000028
vn -0.000000 1.000000 0.000056
vn 0.000010 1.000000 0.000042
vn 0.000019 1.000000 0.000014
vn 0.000026 1.000000 0.000056
vn 0.000031 1.000000 0.000056
vn 0.000033 1.000000 0.000000
vn 0.000031 1.000000 -0.000056
vn 0.000026 1.000000 -0.000056
vn 0.000019 1.000000 0.000000
vn 0.000010 1.000000 -0.000014
vn -0.000000 1.000000 -0.000035
vn -0.000010 1.000000 -0.000021
vn -0.000019 1.000000 0.000000
vn -0.000026 1.000000 -0.000056
vn -0.000031 1.000000 -0.000056
vn -0.000033 1.000000 0.000000
vn 0.916616 0.399769 0.000001
vn 0.871754 0.399768 -0.283249
vn 0.929301 0.212669 -0.301947
vn 0.977124 0.212671 0.000000
vn 0.871754 0.399768 0.283250
vn 0.929300 0.212669 0.301948
vn 0.741561 0.399768 0.538770
vn 0.790515 0.212670 0.574333
vn 0.538771 0.399768 0.741561
vn 0.574333 0.212670 0.790515
vn 0.283250 0.399768 0.871754
vn 0.301948 0.212669 0.929300
vn -0.000000 0.399769 0.916616
vn 0.000000 0.212671 0.977124
vn -0.283250 0.399768 0.871754
vn -0.301948 0.212669 0.929301
vn -0.538771 0.399767 0.741561
vn -0.574333 0.212670 0.790515
vn -0.741561 0.399768 0.538770
vn -0.790515 0.212670 0.574333
vn -0.871754 0.399768 0.283250
vn -0.929300 0.212669 0.301948
vn -0.916616 0.399769 0.000000
vn -0.977124 0.212671 -0.000000
vn -0.871754 0.399768 -0.283250
vn -0.929301 0.212669 -0.301948
vn -0.741561 0.399768 -0.538770
vn -0.790515 0.212670 -0.574332
vn -0.538770 0.399768 -0.741561
vn -0.574332 0.212670 -0.790515
vn -0.283251 0.399768 -0.871754
vn -0.301949 0.212669 -0.929300
vn 0.000000 0.399769 -0.916616
vn 0.000000 0.212671 -0.977124
vn 0.283251 0.399768 -0.871754
vn 0.301950 0.212669 -0.929300
vn 0.538770 0.399768 -0.741561
vn 0.574332 0.212670 -0.790515
vn 0.741561 0.399768 -0.538770
vn 0.790515 0.212670 -0.574332
vn 0.808134 0.046882 -0.587130
vn 0.950011 0.046882 -0.308677
vn 0.587130 0.046882 -0.808134
vn 0.308680 0.046882 -0.950010
vn 0.000000 0.046882 -0.998901
vn -0.308679 0.046882 -0.950010
vn -0.587129 0.046882 -0.808135
vn -0.808134 0.046882 -0.587130
vn -0.950011 0.046882 -0.308677
vn -0.998900 0.046882 -0.000000
vn -0.950011 0.046882 0.308678
vn -0.808133 0.046882 0.587131
vn -0.587130 0.046882 0.808134
vn -0.308677 0.046882 0.950011
vn 0.000000 0.046882 0.998901
vn 0.308677 0.046882 0.950011
vn 0.587130 0.046882 0.808134
vn 0.808133 0.046882 0.587131
vn 0.950011 0.046882 0.308678
vn 0.998900 0.046882 -0.000000
vn 0.000000 1.000000 0.000002
vn 0.000000 1.000000 -0.000007
vn 0.000000 1.000000 -0.000007
vn 0.000000 1.000000 0.000002
vn 0.000000 1.000000 -0.000006
vn 0.000000 1.000000 -0.000006
vn 0.000000 1.000000 -0.000003
vn 0.000000 1.000000 -0.000003
vn 0.000000 1.000000 -0.000001
vn 0.000000 1.000000 -0.000001
vn 0.000000 1.000000 0.000005
vn 0.000000 1.000000 0.000005
vn 0.000000 1.000000 0.000001
vn 0.000000 1.000000 0.000001
vn 0.000000 1.000000 -0.000003
vn 0.000000 1.000000 -0.000003
vn 0.000000 1.000000 0.000002
vn 0.000000 1.000000 0.000002
vn 0.000000 1.000000 -0.000002
vn 0.000000 1.000000 -0.000002
vn 0.000000 1.000000 -0.000002
vn 0.000000 1.000000 -0.000002
vn 0.000000 1.000000 0.000007
vn 0.000000 1.000000 0.000007
vn 0.000000 1.000000 0.000001
vn 0.000000 1.000000 0.000001
vn 0.000000 1.000000 -0.000004
vn 0.000000 1.000000 -0.000004
vn 0.000000 1.000000 0.000002
vn 0.000000 1.000000 0.000002
vn 0.000000 1.000000 -0.000002
vn 0.000000 1.000000 -0.000002
vn 0.000000 1.000000 -0.000001
vn 0.000000 1.000000 -0.000001
vn 0.000000 1.000000 0.000003
vn 0.000000 1.000000 0.000003
vn 0.000000 1.000000 -0.000002
vn 0.000000 1.000000 -0.000002
vn 0.000000 1.000000 0.000002
vn 0.000000 1.000000 0.000002
vn 0.950589 0.031354 -0.308866
vn 0.808626 0.031354 -0.587486
vn 0.807551 0.060322 -0.586705
vn 0.949324 0.060321 -0.308455
vn 0.587489 0.031354 -0.808625
vn 0.586707 0.060322 -0.807549
vn 0.308867 0.031354 -0.950589
vn 0.308455 0.060321 -0.949324
vn -0.000000 0.031354 -0.999508
vn -0.000000 0.060322 -0.998179
vn -0.308866 0.031354 -0.950589
vn -0.308456 0.060322 -0.949324
vn -0.587488 0.031354 -0.808626
vn -0.586705 0.060322 -0.807551
vn -0.808626 0.031354 -0.587486
vn -0.807550 0.060321 -0.586706
vn -0.950589 0.031354 -0.308866
vn -0.949325 0.060321 -0.308455
vn -0.999508 0.031354 0.000000
vn -0.998179 0.060322 0.000000
vn -0.950589 0.031354 0.308866
vn -0.949325 0.060321 0.308454
vn -0.808625 0.031354 0.587489
vn -0.807549 0.060321 0.586708
vn -0.587487 0.031354 0.808626
vn -0.586704 0.060321 0.807552
vn -0.308865 0.031354 0.950589
vn -0.308455 0.060321 0.949325
vn 0.000000 0.031354 0.999508
vn -0.000001 0.060321 0.998179
vn 0.308865 0.031354 0.950589
vn 0.308454 0.060321 0.949325
vn 0.587487 0.031354 0.808626
vn 0.586706 0.060321 0.807550
vn 0.808625 0.031354 0.587489
vn 0.807550 0.060322 0.586707
vn 0.950589 0.031354 0.308866
vn 0.949324 0.060321 0.308455
vn 0.999508 0.031354 0.000000
vn 0.998179 0.060322 0.000000
vn 0.791332 0.207981 -0.574924
vn 0.930260 0.207980 -0.302261
vn 0.574924 0.207982 -0.791332
vn 0.302262 0.207980 -0.930259
vn 0.000000 0.207981 -0.978133
vn -0.302263 0.207980 -0.930259
vn -0.574918 0.207981 -0.791336
vn -0.791329 0.207980 -0.574928
vn -0.930260 0.207980 -0.302259
vn -0.978133 0.207981 0.000000
vn -0.930261 0.207979 0.302258
vn -0.791329 0.207979 0.574929
vn -0.574916 0.207980 0.791339
vn -0.302261 0.207979 0.930260
vn -0.000003 0.207980 0.978133
vn 0.302260 0.207979 0.930260
vn 0.574926 0.207981 0.791331
vn 0.791333 0.207981 0.574922
vn 0.930259 0.207980 0.302261
vn 0.978133 0.207981 0.000000
vn 0.756812 0.353418 -0.549847
vn 0.889681 0.353415 -0.289077
vn 0.549847 0.353418 -0.756812
vn 0.289082 0.353416 -0.889679
vn -0.000002 0.353419 -0.935465
vn -0.289079 0.353415 -0.889681
vn -0.549836 0.353416 -0.756821
vn -0.756809 0.353419 -0.549849
vn -0.889682 0.353417 -0.289072
vn -0.935466 0.353417 -0.000000
vn -0.889683 0.353415 0.289071
vn -0.756809 0.353419 0.549851
vn -0.549830 0.353417 0.756824
vn -0.289074 0.353415 0.889682
vn -0.000006 0.353417 0.935466
vn 0.289076 0.353415 0.889682
vn 0.549851 0.353418 0.756809
vn 0.756816 0.353418 0.549841
vn 0.889681 0.353415 0.289077
vn 0.935466 0.353417 -0.000000
vn 0.738976 0.407016 -0.536892
vn 0.868715 0.407012 -0.282268
vn 0.536893 0.407014 -0.738976
vn 0.282272 0.407014 -0.868713
vn -0.000006 0.407018 -0.913420
vn -0.282261 0.407014 -0.868716
vn -0.536875 0.407018 -0.738987
vn -0.738976 0.407021 -0.536888
vn -0.868717 0.407014 -0.282260
vn -0.913422 0.407014 0.000000
vn -0.868717 0.407013 0.282262
vn -0.738972 0.407019 0.536894
vn -0.536869 0.407018 0.738991
vn -0.282265 0.407013 0.868716
vn -0.000010 0.407016 0.913421
vn 0.282270 0.407013 0.868714
vn 0.536896 0.407015 0.738973
vn 0.738982 0.407016 0.536884
vn 0.868714 0.407013 0.282269
vn 0.913421 0.407016 0.000000
vn 0.842002 -0.464957 -0.273582
vn 0.716250 -0.464957 -0.520386
vn 0.520386 -0.464957 -0.716250
vn 0.273582 -0.464957 -0.842002
vn -0.000000 -0.464957 -0.885333
vn -0.273582 -0.464957 -0.842002
vn -0.520387 -0.464956 -0.716249
vn -0.716250 -0.464957 -0.520386
vn -0.842002 -0.464957 -0.273583
vn -0.885333 -0.464957 -0.000000
vn -0.842002 -0.464957 0.273583
vn -0.716250 -0.464956 0.520386
vn -0.520386 -0.464957 0.716250
vn -0.273582 -0.464957 0.842002
vn -0.000000 -0.464957 0.885333
vn 0.273582 -0.464957 0.842002
vn 0.520386 -0.464957 0.716250
vn 0.716250 -0.464957 0.520386
vn 0.842002 -0.464957 0.273583
vn 0.885333 -0.464957 0.000001
vn 0.525640 0.760168 -0.381900
vn 0.617928 0.760167 -0.200776
vn 0.617928 0.760168 -0.200776
vn 0.525640 0.760168 -0.381900
vn 0.381900 0.760167 -0.525641
vn 0.381900 0.760167 -0.525641
vn 0.200777 0.760167 -0.617927
vn 0.200777 0.760167 -0.617927
vn -0.000000 0.760167 -0.649728
vn -0.000000 0.760167 -0.649728
vn -0.200777 0.760167 -0.617928
vn -0.200777 0.760167 -0.617928
vn -0.381900 0.760167 -0.525640
vn -0.381900 0.760167 -0.525641
vn -0.525640 0.760168 -0.381900
vn -0.525640 0.760168 -0.381900
vn -0.617928 0.760167 -0.200777
vn -0.617928 0.760167 -0.200777
vn -0.649728 0.760167 0.000000
vn -0.649728 0.760167 0.000000
vn -0.617928 0.760167 0.200777
vn -0.617927 0.760167 0.200777
vn -0.525640 0.760167 0.381900
vn -0.525640 0.760167 0.381900
vn -0.381900 0.760168 0.525640
vn -0.381900 0.760168 0.525640
vn -0.200776 0.760168 0.617927
vn -0.200776 0.760168 0.617927
vn -0.000000 0.760167 0.649727
vn 0.000000 0.760167 0.649727
vn 0.200776 0.760168 0.617927
vn 0.200776 0.760168 0.617927
vn 0.381900 0.760168 0.525640
vn 0.381900 0.760168 0.525640
vn 0.525641 0.760167 0.381900
vn 0.525640 0.760167 0.381900
vn 0.617928 0.760167 0.200777
vn 0.617928 0.760167 0.200777
vn 0.649728 0.760167 0.000001
vn 0.649728 0.760167 0.000001
vn 0.809017 0.000000 -0.587785
vn 0.951057 0.000000 -0.309016
vn 0.951057 0.000000 -0.309016
vn 0.809017 0.000000 -0.587785
vn 0.587786 0.000000 -0.809017
vn 0.587786 0.000000 -0.809017
vn 0.309017 0.000000 -0.951057
vn 0.309017 0.000000 -0.951057
vn -0.000001 0.000000 -1.000000
vn -0.000001 0.000000 -1.000000
vn -0.309017 0.000000 -0.951057
vn -0.309017 0.000000 -0.951057
vn -0.587785 0.000000 -0.809017
vn -0.587785 0.000000 -0.809017
vn -0.809017 0.000000 -0.587785
vn -0.809017 0.000000 -0.587785
vn -0.951057 0.000000 -0.309017
vn -0.951057 0.000000 -0.309017
vn -1.000000 0.000000 0.000000
vn -1.000000 0.000000 0.000000
vn -0.951057 0.000000 0.309017
vn -0.951057 0.000000 0.309017
vn -0.809017 0.000000 0.587785
vn -0.809017 0.000000 0.587785
vn -0.587785 0.000000 0.809017
vn -0.587785 0.000000 0.809017
vn -0.309016 0.000000 0.951057
vn -0.309016 0.000000 0.951057
vn 0.000000 0.000000 1.000000
vn 0.000000 0.000000 1.000000
vn 0.309016 0.000000 0.951057
vn 0.309016 0.000000 0.951057
vn 0.587785 0.000000 0.809017
vn 0.587785 0.000000 0.809017
vn 0.809017 0.000000 0.587785
vn 0.809017 0.000000 0.587785
vn 0.951057 0.000000 0.309017
vn 0.951057 0.000000 0.309017
vn 1.000000 0.000000 0.000001
vn 1.000000 0.000000 0.000001
vn 0.950903 -0.017991 -0.308966
vn 0.808886 -0.017991 -0.587690
vn 0.809017 0.000000 -0.587785
vn 0.951057 0.000000 -0.309016
vn 0.587690 -0.017991 -0.808886
vn 0.587785 0.000000 -0.809017
vn 0.308967 -0.017991 -0.950903
vn 0.309017 0.000000 -0.951057
vn 0.000000 -0.017991 -0.999838
vn 0.000000 0.000000 -1.000000
vn -0.308967 -0.017991 -0.950903
vn -0.309017 0.000000 -0.951057
vn -0.587690 -0.017991 -0.808886
vn -0.587786 0.000000 -0.809017
vn -0.808886 -0.017991 -0.587690
vn -0.809017 0.000000 -0.587785
vn -0.950903 -0.017991 -0.308967
vn -0.951057 0.000000 -0.309017
vn -0.999838 -0.017991 -0.000000
vn -1.000000 0.000000 0.000000
vn -0.950903 -0.017991 0.308967
vn -0.951057 0.000000 0.309017
vn -0.808886 -0.017991 0.587690
vn -0.809017 0.000000 0.587785
vn -0.587690 -0.017991 0.808886
vn -0.587785 0.000000 0.809017
vn -0.308967 -0.017991 0.950903
vn -0.309017 0.000000 0.951057
vn 0.000000 -0.017991 0.999838
vn 0.000000 0.000000 1.000000
vn 0.308967 -0.017991 0.950903
vn 0.309017 0.000000 0.951057
vn 0.587690 -0.017991 0.808886
vn 0.587785 0.000000 0.809017
vn 0.808886 -0.017991 0.587690
vn 0.809017 0.000000 0.587785
vn 0.950903 -0.017991 0.308967
vn 0.951057 0.000000 0.309017
vn 0.999838 -0.017991 0.000001
vn 1.000000 0.000000 0.000001
vn 0.000000 -1.000000 0.000000
vn 0.000000 -1.000000 0.000000
vn 0.000000 -1.000000 0.000000
vn 0.000000 -1.000000 -0.000000
vn 0.000000 -1.000000 -0.000000
vn 0.000000 -1.000000 0.000000
vn 0.000000 -1.000000 0.000000
vn 0.000000 -1.000000 0.000000
vn 0.000000 -1.000000 0.000000
vn 0.000000 -1.000000 0.000000
vn 0.000000 -1.000000 0.000000
vn 0.000000 -1.000000 0.000000
vn 0.000000 -1.000000 0.000000
vn 0.000000 -1.000000 0.000000
vn 0.000000 -1.000000 -0.000000
vn 0.000000 -1.000000 0.000000
vn 0.000000 -1.000000 0.000000
vn 0.000000 -1.000000 0.000000
vn 0.000000 -1.000000 0.000000
vn 0.000000 -1.000000 0.000000
vn 0.000000 -1.000000 0.000000
vn -0.000031 1.000000 0.000056
vn -0.000026 1.000000 0.000056
vn 0.000000 1.000000 0.000003
vn -0.000019 1.000000 0.000000
vn -0.000010 1.000000 0.000028
vn 0.000000 1.000000 0.000056
vn 0.000010 1.000000 0.000042
vn 0.000019 1.000000 0.000014
vn 0.000026 1.000000 0.000056
vn 0.000031 1.000000 0.000056
vn 0.000033 1.000000 0.000000
vn 0.000031 1.000000 -0.000056
vn 0.000026 1.000000 -0.000056
vn 0.000019 1.000000 0.000000
vn 0.000010 1.000000 -0.000014
vn 0.000000 1.000000 -0.000035
vn -0.000010 1.000000 -0.000021
vn -0.000019 1.000000 0.000000
vn -0.000026 1.000000 -0.000056
vn -0.000031 1.000000 -0.000056
vn -0.000033 1.000000 0.000000
vn 0.916616 0.399769 0.000001
vn 0.871754 0.399769 -0.283249
vn 0.929301 0.212669 -0.301948
vn 0.977124 0.212671 0.000000
vn 0.871754 0.399768 0.283250
vn 0.929300 0.212669 0.301948
vn 0.741561 0.399768 0.538770
vn 0.790515 0.212670 0.574333
vn 0.538770 0.399768 0.741561
vn 0.574332 0.212670 0.790515
vn 0.283250 0.399768 0.871754
vn 0.301948 0.212669 0.929300
vn 0.000000 0.399769 0.916616
vn 0.000000 0.212671 0.977124
vn -0.283250 0.399768 0.871754
vn -0.301948 0.212669 0.929300
vn -0.538770 0.399768 0.741561
vn -0.574332 0.212670 0.790515
vn -0.741561 0.399768 0.538770
vn -0.790515 0.212670 0.574333
vn -0.871754 0.399768 0.283250
vn -0.929300 0.212669 0.301948
vn -0.916616 0.399769 -0.000000
vn -0.977124 0.212671 -0.000000
vn -0.871754 0.399768 -0.283250
vn -0.929300 0.212669 -0.301948
vn -0.741561 0.399768 -0.538770
vn -0.790515 0.212670 -0.574332
vn -0.538770 0.399768 -0.741561
vn -0.574332 0.212670 -0.790515
vn -0.283250 0.399768 -0.871754
vn -0.301948 0.212669 -0.929301
vn 0.000000 0.399769 -0.916616
vn 0.000000 0.212671 -0.977124
vn 0.283249 0.399768 -0.871754
vn 0.301948 0.212669 -0.929300
vn 0.538771 0.399768 -0.741560
vn 0.574333 0.212670 -0.790514
vn 0.741561 0.399768 -0.538770
vn 0.790515 0.212670 -0.574332
vn 0.808134 0.046882 -0.587129
vn 0.950011 0.046882 -0.308677
vn 0.587131 0.046882 -0.808133
vn 0.308678 0.046882 -0.950011
vn -0.000000 0.046882 -0.998900
vn -0.308678 0.046881 -0.950011
vn -0.587130 0.046882 -0.808134
vn -0.808134 0.046882 -0.587129
vn -0.950011 0.046882 -0.308677
vn -0.998901 0.046882 -0.000000
vn -0.950011 0.046882 0.308678
vn -0.808134 0.046882 0.587131
vn -0.587129 0.046882 0.808134
vn -0.308678 0.046882 0.950011
vn 0.000000 0.046882 0.998901
vn 0.308678 0.046882 0.950011
vn 0.587129 0.046882 0.808134
vn 0.808134 0.046882 0.587130
vn 0.950011 0.046882 0.308677
vn 0.998901 0.046882 -0.000000
vn 0.000000 1.000000 0.000002
vn 0.000000 1.000000 -0.000007
vn 0.000000 1.000000 -0.000007
vn 0.000000 1.000000 0.000002
vn 0.000000 1.000000 -0.000006
vn 0.000000 1.000000 -0.000006
vn 0.000000 1.000000 -0.000003
vn 0.000000 1.000000 -0.000003
vn 0.000000 1.000000 -0.000001
vn 0.000000 1.000000 -0.000001
vn 0.000000 1.000000 0.000005
vn 0.000000 1.000000 0.000005
vn 0.000000 1.000000 0.000001
vn 0.000000 1.000000 0.000001
vn 0.000000 1.000000 -0.000003
vn 0.000000 1.000000 -0.000003
vn 0.000000 1.000000 0.000002
vn 0.000000 1.000000 0.000002
vn 0.000000 1.000000 -0.000002
vn 0.000000 1.000000 -0.000002
vn 0.000000 1.000000 -0.000002
vn 0.000000 1.000000 -0.000002
vn 0.000000 1.000000 0.000007
vn 0.000000 1.000000 0.000007
vn 0.000000 1.000000 0.000001
vn 0.000000 1.000000 0.000001
vn 0.000000 1.000000 -0.000004
vn 0.000000 1.000000 -0.000004
vn 0.000000 1.000000 0.000002
vn 0.000000 1.000000 0.000002
vn 0.000000 1.000000 -0.000002
vn 0.000000 1.000000 -0.000002
vn 0.000000 1.000000 -0.000001
vn 0.000000 1.000000 -0.000001
vn 0.000000 1.000000 0.000003
vn 0.000000 1.000000 0.000003
vn 0.000000 1.000000 -0.000002
vn 0.000000 1.000000 -0.000002
vn 0.000000 1.000000 0.000002
vn 0.000000 1.000000 0.000002
vn 0.950589 0.031354 -0.308866
vn 0.808626 0.031354 -0.587487
vn 0.807551 0.060322 -0.586706
vn 0.949324 0.060321 -0.308455
vn 0.587488 0.031354 -0.808625
vn 0.586707 0.060322 -0.807550
vn 0.308866 0.031354 -0.950589
vn 0.308455 0.060321 -0.949324
vn -0.000000 0.031354 -0.999508
vn -0.000000 0.060322 -0.998179
vn -0.308866 0.031354 -0.950589
vn -0.308456 0.060321 -0.949324
vn -0.587487 0.031354 -0.808626
vn -0.586705 0.060322 -0.807551
vn -0.808626 0.031354 -0.587487
vn -0.807550 0.060321 -0.586707
vn -0.950589 0.031354 -0.308866
vn -0.949325 0.060321 -0.308454
vn -0.999508 0.031354 -0.000000
vn -0.998179 0.060322 -0.000000
vn -0.950589 0.031354 0.308866
vn -0.949325 0.060321 0.308454
vn -0.808625 0.031354 0.587488
vn -0.807549 0.060321 0.586708
vn -0.587487 0.031354 0.808626
vn -0.586704 0.060321 0.807552
vn -0.308866 0.031354 0.950589
vn -0.308455 0.060321 0.949324
vn 0.000000 0.031354 0.999508
vn -0.000001 0.060321 0.998179
vn 0.308866 0.031354 0.950589
vn 0.308455 0.060321 0.949324
vn 0.587487 0.031354 0.808626
vn 0.586706 0.060321 0.807550
vn 0.808625 0.031354 0.587488
vn 0.807550 0.060322 0.586707
vn 0.950589 0.031354 0.308866
vn 0.949324 0.060321 0.308455
vn 0.999508 0.031354 -0.000000
vn 0.998179 0.060322 -0.000000
vn 0.791332 0.207981 -0.574923
vn 0.930260 0.207980 -0.302260
vn 0.574925 0.207981 -0.791331
vn 0.302262 0.207980 -0.930259
vn -0.000001 0.207981 -0.978133
vn -0.302263 0.207980 -0.930259
vn -0.574919 0.207980 -0.791336
vn -0.791329 0.207980 -0.574928
vn -0.930260 0.207980 -0.302259
vn -0.978133 0.207982 0.000000
vn -0.930261 0.207980 0.302258
vn -0.791329 0.207979 0.574929
vn -0.574915 0.207980 0.791339
vn -0.302260 0.207979 0.930260
vn -0.000004 0.207981 0.978133
vn 0.302259 0.207979 0.930260
vn 0.574926 0.207981 0.791331
vn 0.791333 0.207981 0.574922
vn 0.930259 0.207980 0.302261
vn 0.978133 0.207981 -0.000000
vn 0.756812 0.353418 -0.549846
vn 0.889681 0.353415 -0.289077
vn 0.549847 0.353418 -0.756812
vn 0.289080 0.353417 -0.889679
vn -0.000002 0.353419 -0.935465
vn -0.289077 0.353415 -0.889681
vn -0.549835 0.353416 -0.756822
vn -0.756810 0.353419 -0.549849
vn -0.889683 0.353416 -0.289072
vn -0.935466 0.353418 -0.000000
vn -0.889683 0.353416 0.289071
vn -0.756808 0.353419 0.549851
vn -0.549831 0.353417 0.756824
vn -0.289077 0.353414 0.889681
vn -0.000006 0.353417 0.935466
vn 0.289076 0.353415 0.889681
vn 0.549851 0.353418 0.756809
vn 0.756817 0.353418 0.549840
vn 0.889681 0.353415 0.289077
vn 0.935466 0.353418 -0.000000
vn 0.738975 0.407016 -0.536894
vn 0.868715 0.407012 -0.282268
vn 0.536887 0.407016 -0.738980
vn 0.282272 0.407014 -0.868713
vn 0.000000 0.407018 -0.913420
vn -0.282261 0.407014 -0.868717
vn -0.536873 0.407018 -0.738988
vn -0.738977 0.407020 -0.536887
vn -0.868717 0.407014 -0.282260
vn -0.913421 0.407015 0.000000
vn -0.868717 0.407013 0.282261
vn -0.738971 0.407019 0.536896
vn -0.536874 0.407017 0.738988
vn -0.282271 0.407013 0.868714
vn -0.000007 0.407016 0.913421
vn 0.282270 0.407012 0.868715
vn 0.536899 0.407014 0.738972
vn 0.738983 0.407015 0.536883
vn 0.868715 0.407012 0.282268
vn 0.913421 0.407015 0.000000
vn 0.842002 -0.464957 -0.273582
vn 0.716250 -0.464957 -0.520386
vn 0.520385 -0.464957 -0.716250
vn 0.273583 -0.464957 -0.842002
vn -0.000000 -0.464957 -0.885333
vn -0.273583 -0.464957 -0.842002
vn -0.520386 -0.464957 -0.716250
vn -0.716250 -0.464957 -0.520386
vn -0.842002 -0.464957 -0.273583
vn -0.885333 -0.464957 -0.000000
vn -0.842002 -0.464957 0.273583
vn -0.716249 -0.464957 0.520386
vn -0.520386 -0.464957 0.716250
vn -0.273583 -0.464957 0.842002
vn 0.000000 -0.464957 0.885333
vn 0.273583 -0.464957 0.842002
vn 0.520386 -0.464957 0.716250
vn 0.716250 -0.464957 0.520386
vn 0.842002 -0.464957 0.273583
vn 0.885333 -0.464957 0.000001
vn 0.525640 0.760167 -0.381900
vn 0.617928 0.760167 -0.200776
vn 0.617928 0.760167 -0.200776
vn 0.525641 0.760167 -0.381900
vn 0.381900 0.760168 -0.525641
vn 0.381900 0.760168 -0.525640
vn 0.200777 0.760167 -0.617927
vn 0.200777 0.760167 -0.617928
vn -0.000000 0.760167 -0.649727
vn 0.000000 0.760167 -0.649727
vn -0.200777 0.760168 -0.617927
vn -0.200777 0.760167 -0.617927
vn -0.381900 0.760167 -0.525640
vn -0.381900 0.760167 -0.525640
vn -0.525641 0.760167 -0.381900
vn -0.525640 0.760167 -0.381900
vn -0.617928 0.760167 -0.200777
vn -0.617928 0.760167 -0.200777
vn -0.649728 0.760167 0.000000
vn -0.649727 0.760167 0.000000
vn -0.617927 0.760168 0.200777
vn -0.617927 0.760168 0.200777
vn -0.525640 0.760168 0.381900
vn -0.525640 0.760168 0.381900
vn -0.381900 0.760168 0.525640
vn -0.381900 0.760168 0.525640
vn -0.200777 0.760168 0.617927
vn -0.200777 0.760168 0.617927
vn -0.000000 0.760167 0.649727
vn 0.000000 0.760167 0.649727
vn 0.200777 0.760167 0.617927
vn 0.200777 0.760167 0.617927
vn 0.381900 0.760167 0.525640
vn 0.381900 0.760167 0.525640
vn 0.525640 0.760167 0.381900
vn 0.525640 0.760167 0.381900
vn 0.617927 0.760167 0.200777
vn 0.617927 0.760167 0.200777
vn 0.649727 0.760167 0.000001
vn 0.649727 0.760167 0.000001
vn 0.809017 0.000000 -0.587785
vn 0.951057 0.000000 -0.309016
vn 0.951057 0.000000 -0.309016
vn 0.809017 0.000000 -0.587785
vn 0.587785 0.000000 -0.809017
vn 0.587785 0.000000 -0.809017
vn 0.309017 0.000000 -0.951057
vn 0.309017 0.000000 -0.951057
vn -0.000000 0.000000 -1.000000
vn -0.000000 0.000000 -1.000000
vn -0.309018 0.000000 -0.951056
vn -0.309018 0.000000 -0.951056
vn -0.587785 0.000000 -0.809017
vn -0.587785 0.000000 -0.809017
vn -0.809017 0.000000 -0.587785
vn -0.809017 0.000000 -0.587785
vn -0.951057 0.000000 -0.309017
vn -0.951057 0.000000 -0.309017
vn -1.000000 0.000000 0.000000
vn -1.000000 0.000000 0.000000
vn -0.951057 0.000000 0.309017
vn -0.951057 0.000000 0.309017
vn -0.809017 0.000000 0.587785
vn -0.809017 0.000000 0.587785
vn -0.587785 0.000000 0.809017
vn -0.587785 0.000000 0.809017
vn -0.309017 0.000000 0.951057
vn -0.309017 0.000000 0.951057
vn 0.000000 0.000000 1.000000
vn 0.000000 0.000000 1.000000
vn 0.309017 0.000000 0.951057
vn 0.309017 0.000000 0.951057
vn 0.587785 0.000000 0.809017
vn 0.587785 0.000000 0.809017
vn 0.809017 0.000000 0.587785
vn 0.809017 0.000000 0.587785
vn 0.951057 0.000000 0.309017
vn 0.951057 0.000000 0.309017
vn 1.000000 0.000000 0.000001
vn 1.000000 0.000000 0.000001
vn 0.950903 -0.017991 -0.308966
vn 0.808886 -0.017991 -0.587690
vn 0.809017 0.000000 -0.587785
vn 0.951057 0.000000 -0.309016
vn 0.587690 -0.017991 -0.808886
vn 0.587785 0.000000 -0.809017
vn 0.308967 -0.017991 -0.950903
vn 0.309017 0.000000 -0.951057
vn -0.000000 -0.017991 -0.999838
vn 0.000000 0.000000 -1.000000
vn -0.308967 -0.017991 -0.950903
vn -0.309017 0.000000 -0.951057
vn -0.587691 -0.017991 -0.808886
vn -0.587786 0.000000 -0.809017
vn -0.808886 -0.017991 -0.587690
vn -0.809017 0.000000 -0.587785
vn -0.950903 -0.017991 -0.308967
vn -0.951057 0.000000 -0.309017
vn -0.999838 -0.017991 -0.000000
vn -1.000000 0.000000 0.000000
vn -0.950903 -0.017991 0.308967
vn -0.951057 0.000000 0.309017
vn -0.808886 -0.017991 0.587690
vn -0.809017 0.000000 0.587785
vn -0.587690 -0.017991 0.808886
vn -0.587785 0.000000 0.809017
vn -0.308967 -0.017991 0.950903
vn -0.309017 0.000000 0.951057
vn 0.000000 -0.017991 0.999838
vn 0.000000 0.000000 1.000000
vn 0.308967 -0.017991 0.950903
vn 0.309017 0.000000 0.951057
vn 0.587690 -0.017991 0.808886
vn 0.587785 0.000000 0.809017
vn 0.808886 -0.017991 0.587690
vn 0.809017 0.000000 0.587785
vn 0.950903 -0.017991 0.308967
vn 0.951057 0.000000 0.309017
vn 0.999838 -0.017991 0.000001
vn 1.000000 0.000000 0.000001
vn 0.000000 -1.000000 0.000000
vn 0.000000 -1.000000 0.000000
vn 0.000000 -1.000000 0.000000
vn 0.000000 -1.000000 -0.000000
vn 0.000000 -1.000000 -0.000000
vn 0.000000 -1.000000 0.000000
vn 0.000000 -1.000000 0.000000
vn 0.000000 -1.000000 0.000000
vn 0.000000 -1.000000 0.000000
vn 0.000000 -1.000000 0.000000
vn 0.000000 -1.000000 0.000000
vn 0.000000 -1.000000 0.000000
vn 0.000000 -1.000000 0.000000
vn 0.000000 -1.000000 0.000000
vn 0.000000 -1.000000 -0.000000
vn 0.000000 -1.000000 0.000000
vn 0.000000 -1.000000 0.000000
vn 0.000000 -1.000000 0.000000
vn 0.000000 -1.000000 0.000000
vn 0.000000 -1.000000 0.000000
vn 0.000000 -1.000000 0.000000
vn -0.000031 1.000000 0.000056
vn -0.000026 1.000000 0.000056
vn 0.000000 1.000000 0.000003
vn -0.000019 1.000000 0.000000
vn -0.000010 1.000000 0.000028
vn -0.000000 1.000000 0.000056
vn 0.000010 1.000000 0.000042
vn 0.000019 1.000000 0.000014
vn 0.000026 1.000000 0.000056
vn 0.000031 1.000000 0.000056
vn 0.000033 1.000000 0.000000
vn 0.000031 1.000000 -0.000056
vn 0.000026 1.000000 -0.000056
vn 0.000019 1.000000 0.000000
vn 0.000010 1.000000 -0.000014
vn 0.000000 1.000000 -0.000035
vn -0.000010 1.000000 -0.000021
vn -0.000019 1.000000 0.000000
vn -0.000026 1.000000 -0.000056
vn -0.000031 1.000000 -0.000056
vn -0.000033 1.000000 0.000000
vn 0.916616 0.399769 0.000001
vn 0.871754 0.399768 -0.283249
vn 0.929301 0.212669 -0.301948
vn 0.977124 0.212671 0.000000
vn 0.871754 0.399768 0.283250
vn 0.929301 0.212669 0.301948
vn 0.741561 0.399768 0.538770
vn 0.790515 0.212670 0.574333
vn 0.538770 0.399768 0.741561
vn 0.574332 0.212670 0.790515
vn 0.283250 0.399768 0.871754
vn 0.301948 0.212669 0.929300
vn 0.000000 0.399769 0.916616
vn 0.000000 0.212671 0.977124
vn -0.283250 0.399768 0.871754
vn -0.301948 0.212669 0.929300
vn -0.538770 0.399768 0.741561
vn -0.574332 0.212670 0.790515
vn -0.741561 0.399768 0.538770
vn -0.790515 0.212670 0.574333
vn -0.871754 0.399768 0.283250
vn -0.929300 0.212669 0.301948
vn -0.916616 0.399769 0.000000
vn -0.977124 0.212671 -0.000000
vn -0.871754 0.399768 -0.283250
vn -0.929301 0.212669 -0.301948
vn -0.741561 0.399768 -0.538770
vn -0.790515 0.212670 -0.574332
vn -0.538770 0.399768 -0.741561
vn -0.574332 0.212670 -0.790515
vn -0.283250 0.399768 -0.871754
vn -0.301948 0.212669 -0.929300
vn 0.000000 0.399769 -0.916616
vn -0.000000 0.212671 -0.977124
vn 0.283250 0.399768 -0.871754
vn 0.301948 0.212669 -0.929300
vn 0.538771 0.399768 -0.741560
vn 0.574333 0.212670 -0.790514
vn 0.741561 0.399768 -0.538770
vn 0.790515 0.212670 -0.574332
vn 0.808134 0.046882 -0.587129
vn 0.950011 0.046882 -0.308677
vn 0.587131 0.046882 -0.808133
vn 0.308678 0.046882 -0.950011
vn -0.000000 0.046882 -0.998900
vn -0.308677 0.046882 -0.950011
vn -0.587129 0.046882 -0.808134
vn -0.808134 0.046882 -0.587129
vn -0.950011 0.046882 -0.308677
vn -0.998901 0.046882 0.000000
vn -0.950011 0.046882 0.308678
vn -0.808133 0.046882 0.587131
vn -0.587129 0.046882 0.808134
vn -0.308678 0.046882 0.950011
vn 0.000000 0.046882 0.998901
vn 0.308678 0.046882 0.950011
vn 0.587129 0.046882 0.808134
vn 0.808133 0.046882 0.587131
vn 0.950011 0.046882 0.308678
vn 0.998900 0.046882 -0.000000
vn 0.000000 1.000000 0.000002
vn 0.000000 1.000000 -0.000007
vn 0.000000 1.000000 -0.000007
vn 0.000000 1.000000 0.000002
vn 0.000000 1.000000 -0.000006
vn 0.000000 1.000000 -0.000006
vn 0.000000 1.000000 -0.000003
vn 0.000000 1.000000 -0.000003
vn 0.000000 1.000000 -0.000001
vn 0.000000 1.000000 -0.000001
vn 0.000000 1.000000 0.000005
vn 0.000000 1.000000 0.000005
vn 0.000000 1.000000 0.000001
vn 0.000000 1.000000 0.000001
vn 0.000000 1.000000 -0.000003
vn 0.000000 1.000000 -0.000003
vn 0.000000 1.000000 0.000002
vn 0.000000 1.000000 0.000002
vn 0.000000 1.000000 -0.000002
vn 0.000000 1.000000 -0.000002
vn 0.000000 1.000000 -0.000002
vn 0.000000 1.000000 -0.000002
vn 0.000000 1.000000 0.000007
vn 0.000000 1.000000 0.000007
vn 0.000000 1.000000 0.000001
vn 0.000000 1.000000 0.000001
vn 0.000000 1.000000 -0.000004
vn 0.000000 1.000000 -0.000004
vn 0.000000 1.000000 0.000002
vn 0.000000 1.000000 0.000002
vn 0.000000 1.000000 -0.000002
vn 0.000000 1.000000 -0.000002
vn 0.000000 1.000000 -0.000001
vn 0.000000 1.000000 -0.000001
vn 0.000000 1.000000 0.000003
vn 0.000000 1.000000 0.000003
vn 0.000000 1.000000 -0.000002
vn 0.000000 1.000000 -0.000002
vn 0.000000 1.000000 0.000002
vn 0.000000 1.000000 0.000002
vn 0.950589 0.031354 -0.308866
vn 0.808626 0.031354 -0.587487
vn 0.807551 0.060322 -0.586706
vn 0.949324 0.060321 -0.308455
vn 0.587488 0.031354 -0.808625
vn 0.586707 0.060322 -0.807550
vn 0.308866 0.031354 -0.950589
vn 0.308455 0.060321 -0.949324
vn -0.000000 0.031354 -0.999508
vn -0.000000 0.060322 -0.998179
vn -0.308866 0.031354 -0.950589
vn -0.308456 0.060322 -0.949324
vn -0.587487 0.031354 -0.808626
vn -0.586705 0.060322 -0.807551
vn -0.808626 0.031354 -0.587487
vn -0.807550 0.060321 -0.586707
vn -0.950589 0.031354 -0.308866
vn -0.949325 0.060321 -0.308455
vn -0.999508 0.031354 0.000000
vn -0.998179 0.060322 -0.000000
vn -0.950589 0.031354 0.308866
vn -0.949325 0.060321 0.308454
vn -0.808625 0.031354 0.587488
vn -0.807549 0.060321 0.586708
vn -0.587487 0.031354 0.808626
vn -0.586704 0.060321 0.807552
vn -0.308866 0.031354 0.950589
vn -0.308455 0.060321 0.949324
vn 0.000000 0.031354 0.999508
vn -0.000001 0.060321 0.998179
vn 0.308866 0.031354 0.950589
vn 0.308455 0.060321 0.949325
vn 0.587487 0.031354 0.808626
vn 0.586706 0.060321 0.807550
vn 0.808625 0.031354 0.587488
vn 0.807550 0.060322 0.586707
vn 0.950589 0.031354 0.308866
vn 0.949324 0.060321 0.308455
vn 0.999508 0.031354 0.000000
vn 0.998179 0.060322 -0.000000
vn 0.791332 0.207981 -0.574923
vn 0.930260 0.207980 -0.302261
vn 0.574925 0.207982 -0.791331
vn 0.302261 0.207980 -0.930259
vn -0.000001 0.207981 -0.978133
vn -0.302263 0.207980 -0.930259
vn -0.574919 0.207980 -0.791336
vn -0.791329 0.207980 -0.574928
vn -0.930260 0.207980 -0.302259
vn -0.978133 0.207981 0.000000
vn -0.930261 0.207980 0.302258
vn -0.791329 0.207979 0.574929
vn -0.574916 0.207979 0.791338
vn -0.302260 0.207979 0.930260
vn -0.000003 0.207981 0.978133
vn 0.302259 0.207979 0.930260
vn 0.574926 0.207981 0.791331
vn 0.791333 0.207981 0.574922
vn 0.930260 0.207980 0.302261
vn 0.978133 0.207981 0.000000
vn 0.756812 0.353418 -0.549846
vn 0.889681 0.353415 -0.289077
vn 0.549847 0.353418 -0.756812
vn 0.289080 0.353416 -0.889680
vn -0.000002 0.353419 -0.935465
vn -0.289076 0.353415 -0.889681
vn -0.549835 0.353416 -0.756821
vn -0.756810 0.353419 -0.549849
vn -0.889682 0.353416 -0.289072
vn -0.935466 0.353417 -0.000000
vn -0.889683 0.353416 0.289071
vn -0.756809 0.353419 0.549851
vn -0.549831 0.353417 0.756824
vn -0.289075 0.353414 0.889682
vn -0.000006 0.353417 0.935466
vn 0.289075 0.353415 0.889682
vn 0.549850 0.353418 0.756809
vn 0.756816 0.353418 0.549841
vn 0.889681 0.353415 0.289077
vn 0.935466 0.353417 -0.000000
vn 0.738975 0.407016 -0.536893
vn 0.868715 0.407013 -0.282269
vn 0.536889 0.407015 -0.738978
vn 0.282272 0.407014 -0.868713
vn -0.000001 0.407018 -0.913420
vn -0.282261 0.407014 -0.868717
vn -0.536873 0.407018 -0.738988
vn -0.738978 0.407020 -0.536886
vn -0.868717 0.407014 -0.282260
vn -0.913421 0.407015 0.000000
vn -0.868717 0.407013 0.282261
vn -0.738972 0.407019 0.536895
vn -0.536873 0.407017 0.738989
vn -0.282268 0.407013 0.868715
vn -0.000007 0.407016 0.913421
vn 0.282267 0.407013 0.868715
vn 0.536897 0.407015 0.738973
vn 0.738983 0.407015 0.536883
vn 0.868715 0.407012 0.282268
vn 0.913421 0.407016 0.000000
vn 0.842002 -0.464957 -0.273582
vn 0.716250 -0.464957 -0.520386
vn 0.520386 -0.464957 -0.716250
vn 0.273583 -0.464957 -0.842002
vn -0.000000 -0.464957 -0.885333
vn -0.273583 -0.464957 -0.842002
vn -0.520386 -0.464957 -0.716250
vn -0.716250 -0.464957 -0.520386
vn -0.842002 -0.464957 -0.273583
vn -0.885333 -0.464957 -0.000000
vn -0.842002 -0.464957 0.273583
vn -0.716250 -0.464957 0.520386
vn -0.520386 -0.464957 0.716250
vn -0.273583 -0.464957 0.842002
vn 0.000000 -0.464957 0.885333
vn 0.273583 -0.464957 0.842002
vn 0.520386 -0.464957 0.716250
vn 0.716250 -0.464957 0.520386
vn 0.842002 -0.464957 0.273583
vn 0.885333 -0.464957 0.000001
vn 0.525640 0.760168 -0.381900
vn 0.617927 0.760168 -0.200776
vn 0.617927 0.760168 -0.200776
vn 0.525640 0.760168 -0.381900
vn 0.381900 0.760167 -0.525640
vn 0.381900 0.760167 -0.525640
vn 0.200777 0.760168 -0.617927
vn 0.200777 0.760167 -0.617927
vn -0.000000 0.760168 -0.649727
vn -0.000000 0.760167 -0.649727
vn -0.200777 0.760167 -0.617927
vn -0.200777 0.760167 -0.617927
vn -0.381900 0.760167 -0.525640
vn -0.381900 0.760167 -0.525640
vn -0.525641 0.760167 -0.381900
vn -0.525640 0.760167 -0.381900
vn -0.617927 0.760167 -0.200777
vn -0.617927 0.760167 -0.200777
vn -0.649727 0.760167 0.000000
vn -0.649727 0.760167 0.000000
vn -0.617927 0.760167 0.200777
vn -0.617927 0.760167 0.200777
vn -0.525640 0.760167 0.381900
vn -0.525640 0.760167 0.381900
vn -0.381900 0.760167 0.525640
vn -0.381900 0.760167 0.525640
vn -0.200777 0.760167 0.617927
vn -0.200777 0.760167 0.617927
vn 0.000000 0.760167 0.649727
vn 0.000000 0.760167 0.649727
vn 0.200777 0.760167 0.617927
vn 0.200777 0.760168 0.617927
vn 0.381900 0.760167 0.525640
vn 0.381900 0.760167 0.525640
vn 0.525640 0.760167 0.381900
vn 0.525640 0.760167 0.381900
vn 0.617927 0.760167 0.200777
vn 0.617927 0.760167 0.200777
vn 0.649727 0.760167 0.000001
vn 0.649727 0.760167 0.000001
vn 0.809017 0.000000 -0.587785
vn 0.951057 0.000000 -0.309016
vn 0.951057 0.000000 -0.309016
vn 0.809017 0.000000 -0.587785
vn 0.587785 0.000000 -0.809017
vn 0.587785 0.000000 -0.809017
vn 0.309017 0.000000 -0.951057
vn 0.309017 0.000000 -0.951057
vn -0.000000 0.000000 -1.000000
vn -0.000000 0.000000 -1.000000
vn -0.309017 0.000000 -0.951057
vn -0.309017 0.000000 -0.951057
vn -0.587786 0.000000 -0.809017
vn -0.587786 0.000000 -0.809017
vn -0.809017 0.000000 -0.587785
vn -0.809017 0.000000 -0.587785
vn -0.951057 0.000000 -0.309017
vn -0.951057 0.000000 -0.309017
vn -1.000000 0.000000 0.000000
vn -1.000000 0.000000 0.000000
vn -0.951057 0.000000 0.309017
vn -0.951057 0.000000 0.309017
vn -0.809017 0.000000 0.587785
vn -0.809017 0.000000 0.587785
vn -0.587785 0.000000 0.809017
vn -0.587785 0.000000 0.809017
vn -0.309017 0.000000 0.951057
vn -0.309017 0.000000 0.951057
vn 0.000000 0.000000 1.000000
vn 0.000000 0.000000 1.000000
vn 0.309017 0.000000 0.951057
vn 0.309017 0.000000 0.951057
vn 0.587785 0.000000 0.809017
vn 0.587785 0.000000 0.809017
vn 0.809017 0.000000 0.587785
vn 0.809017 0.000000 0.587785
vn 0.951057 0.000000 0.309017
vn 0.951057 0.000000 0.309017
vn 1.000000 0.000000 0.000001
vn 1.000000 0.000000 0.000001
vn 0.950903 -0.017991 -0.308966
vn 0.808886 -0.017991 -0.587690
vn 0.809017 0.000000 -0.587785
vn 0.951057 0.000000 -0.309016
vn 0.587690 -0.017991 -0.808886
vn 0.587785 0.000000 -0.809017
vn 0.308967 -0.017991 -0.950903
vn 0.309017 0.000000 -0.951057
vn -0.000000 -0.017991 -0.999838
vn -0.000000 0.000000 -1.000000
vn -0.308967 -0.017991 -0.950903
vn -0.309017 0.000000 -0.951057
vn -0.587690 -0.017991 -0.808886
vn -0.587785 0.000000 -0.809017
vn -0.808886 -0.017991 -0.587690
vn -0.809017 0.000000 -0.587785
vn -0.950903 -0.017991 -0.308967
vn -0.951057 0.000000 -0.309017
vn -0.999838 -0.017991 0.000000
vn -1.000000 0.000000 0.000000
vn -0.950903 -0.017991 0.308967
vn -0.951057 0.000000 0.309017
vn -0.808886 -0.017991 0.587690
vn -0.809017 0.000000 0.587785
vn -0.587690 -0.017991 0.808886
vn -0.587785 0.000000 0.809017
vn -0.308966 -0.017991 0.950903
vn -0.309016 0.000000 0.951057
vn 0.000000 -0.017991 0.999838
vn 0.000000 0.000000 1.000000
vn 0.308967 -0.017991 0.950903
vn 0.309017 0.000000 0.951057
vn 0.587690 -0.017991 0.808886
vn 0.587785 0.000000 0.809017
vn 0.808886 -0.017991 0.587690
vn 0.809017 0.000000 0.587785
vn 0.950903 -0.017991 0.308967
vn 0.951057 0.000000 0.309017
vn 0.999838 -0.017991 0.000001
vn 1.000000 0.000000 0.000001
vn 0.000000 -1.000000 0.000000
vn 0.000000 -1.000000 0.000000
vn 0.000000 -1.000000 0.000000
vn 0.000000 -1.000000 -0.000000
vn 0.000000 -1.000000 -0.000000
vn 0.000000 -1.000000 0.000000
vn 0.000000 -1.000000 0.000000
vn 0.000000 -1.000000 0.000000
vn 0.000000 -1.000000 0.000000
vn 0.000000 -1.000000 0.000000
vn 0.000000 -1.000000 0.000000
vn 0.000000 -1.000000 0.000000
vn 0.000000 -1.000000 0.000000
vn 0.000000 -1.000000 0.000000
vn 0.000000 -1.000000 -0.000000
vn 0.000000 -1.000000 0.000000
vn 0.000000 -1.000000 0.000000
vn 0.000000 -1.000000 0.000000
vn 0.000000 -1.000000 0.000000
vn 0.000000 -1.000000 0.000000
vn 0.000000 -1.000000 0.000000
vn -0.000031 1.000000 0.000056
vn -0.000026 1.000000 0.000056
vn 0.000000 1.000000 0.000003
vn -0.000019 1.000000 0.000000
vn -0.000010 1.000000 0.000028
vn -0.000000 1.000000 0.000056
vn 0.000010 1.000000 0.000042
vn 0.000019 1.000000 0.000014
vn 0.000026 1.000000 0.000056
vn 0.000031 1.000000 0.000056
vn 0.000033 1.000000 0.000000
vn 0.000031 1.000000 -0.000056
vn 0.000026 1.000000 -0.000056
vn 0.000019 1.000000 0.000000
vn 0.000010 1.000000 -0.000014
vn 0.000000 1.000000 -0.000035
vn -0.000010 1.000000 -0.000021
vn -0.000019 1.000000 0.000000
vn -0.000026 1.000000 -0.000056
vn -0.000031 1.000000 -0.000056
vn -0.000033 1.000000 0.000000
vn 0.916616 0.399769 0.000001
vn 0.871754 0.399769 -0.283249
vn 0.929301 0.212669 -0.301948
vn 0.977124 0.212671 0.000000
vn 0.871754 0.399768 0.283250
vn 0.929300 0.212669 0.301948
vn 0.741561 0.399768 0.538770
vn 0.790515 0.212670 0.574333
vn 0.538770 0.399768 0.741561
vn 0.574332 0.212670 0.790515
vn 0.283250 0.399768 0.871754
vn 0.301948 0.212669 0.929300
vn 0.000000 0.399769 0.916616
vn 0.000000 0.212671 0.977124
vn -0.283250 0.399768 0.871754
vn -0.301948 0.212669 0.929300
vn -0.538770 0.399768 0.741561
vn -0.574332 0.212670 0.790515
vn -0.741561 0.399768 0.538770
vn -0.790515 0.212670 0.574333
vn -0.871754 0.399768 0.283250
vn -0.929300 0.212669 0.301948
vn -0.916616 0.399769 0.000000
vn -0.977124 0.212671 0.000000
vn -0.871754 0.399768 -0.283250
vn -0.929301 0.212669 -0.301948
vn -0.741561 0.399768 -0.538770
vn -0.790515 0.212670 -0.574332
vn -0.538770 0.399768 -0.741561
vn -0.574332 0.212670 -0.790515
vn -0.283250 0.399768 -0.871754
vn -0.301948 0.212669 -0.929300
vn -0.000000 0.399769 -0.916616
vn -0.000000 0.212671 -0.977124
vn 0.283250 0.399768 -0.871754
vn 0.301948 0.212669 -0.929300
vn 0.538771 0.399768 -0.741560
vn 0.574333 0.212670 -0.790514
vn 0.741561 0.399768 -0.538770
vn 0.790515 0.212670 -0.574332
vn 0.808134 0.046882 -0.587130
vn 0.950011 0.046882 -0.308677
vn 0.587131 0.046882 -0.808133
vn 0.308678 0.046882 -0.950011
vn -0.000000 0.046882 -0.998900
vn -0.308678 0.046882 -0.950011
vn -0.587129 0.046882 -0.808134
vn -0.808134 0.046882 -0.587130
vn -0.950011 0.046882 -0.308677
vn -0.998900 0.046882 -0.000000
vn -0.950011 0.046882 0.308678
vn -0.808133 0.046882 0.587131
vn -0.587129 0.046882 0.808134
vn -0.308678 0.046882 0.950011
vn 0.000000 0.046882 0.998901
vn 0.308678 0.046882 0.950011
vn 0.587129 0.046882 0.808134
vn 0.808133 0.046882 0.587131
vn 0.950011 0.046882 0.308678
vn 0.998901 0.046882 -0.000000
vn 0.000000 1.000000 0.000002
vn 0.000000 1.000000 -0.000007
vn 0.000000 1.000000 -0.000007
vn 0.000000 1.000000 0.000002
vn 0.000000 1.000000 -0.000006
vn 0.000000 1.000000 -0.000006
vn 0.000000 1.000000 -0.000003
vn 0.000000 1.000000 -0.000003
vn 0.000000 1.000000 -0.000001
vn 0.000000 1.000000 -0.000001
vn 0.000000 1.000000 0.000005
vn 0.000000 1.000000 0.000005
vn 0.000000 1.000000 0.000001
vn 0.000000 1.000000 0.000001
vn 0.000000 1.000000 -0.000003
vn 0.000000 1.000000 -0.000003
vn 0.000000 1.000000 0.000002
vn 0.000000 1.000000 0.000002
vn 0.000000 1.000000 -0.000002
vn 0.000000 1.000000 -0.000002
vn 0.000000 1.000000 -0.000002
vn 0.000000 1.000000 -0.000002
vn 0.000000 1.000000 0.000007
vn 0.000000 1.000000 0.000007
vn 0.000000 1.000000 0.000001
vn 0.000000 1.000000 0.000001
vn 0.000000 1.000000 -0.000004
vn 0.000000 1.000000 -0.000004
vn 0.000000 1.000000 0.000002
vn 0.000000 1.000000 0.000002
vn 0.000000 1.000000 -0.000002
vn 0.000000 1.000000 -0.000002
vn 0.000000 1.000000 -0.000001
vn 0.000000 1.000000 -0.000001
vn 0.000000 1.000000 0.000003
vn 0.000000 1.000000 0.000003
vn 0.000000 1.000000 -0.000002
vn 0.000000 1.000000 -0.000002
vn 0.000000 1.000000 0.000002
vn 0.000000 1.000000 0.000002
vn 0.950589 0.031354 -0.308866
vn 0.808626 0.031354 -0.587487
vn 0.807550 0.060322 -0.586706
vn 0.949324 0.060321 -0.308455
vn 0.587488 0.031354 -0.808625
vn 0.586707 0.060322 -0.807550
vn 0.308866 0.031354 -0.950589
vn 0.308455 0.060321 -0.949324
vn -0.000000 0.031354 -0.999508
vn -0.000000 0.060322 -0.998179
vn -0.308866 0.031354 -0.950589
vn -0.308456 0.060321 -0.949324
vn -0.587487 0.031354 -0.808626
vn -0.586705 0.060322 -0.807551
vn -0.808626 0.031354 -0.587487
vn -0.807550 0.060321 -0.586707
vn -0.950589 0.031354 -0.308866
vn -0.949325 0.060321 -0.308454
vn -0.999508 0.031354 -0.000000
vn -0.998179 0.060322 -0.000000
vn -0.950589 0.031354 0.308866
vn -0.949325 0.060321 0.308454
vn -0.808625 0.031354 0.587488
vn -0.807549 0.060321 0.586708
vn -0.587487 0.031354 0.808626
vn -0.586705 0.060321 0.807551
vn -0.308865 0.031354 0.950589
vn -0.308455 0.060321 0.949325
vn 0.000000 0.031354 0.999508
vn -0.000001 0.060322 0.998179
vn 0.308865 0.031354 0.950589
vn 0.308454 0.060321 0.949325
vn 0.587487 0.031354 0.808626
vn 0.586706 0.060321 0.807550
vn 0.808625 0.031354 0.587488
vn 0.807550 0.060322 0.586707
vn 0.950589 0.031354 0.308866
vn 0.949324 0.060321 0.308455
vn 0.999508 0.031354 -0.000000
vn 0.998179 0.060322 -0.000000
vn 0.791332 0.207981 -0.574923
vn 0.930260 0.207980 -0.302261
vn 0.574925 0.207982 -0.791331
vn 0.302262 0.207980 -0.930259
vn -0.000000 0.207981 -0.978133
vn -0.302263 0.207980 -0.930259
vn -0.574919 0.207981 -0.791336
vn -0.791329 0.207980 -0.574929
vn -0.930260 0.207980 -0.302259
vn -0.978133 0.207981 -0.000000
vn -0.930261 0.207980 0.302258
vn -0.791329 0.207979 0.574929
vn -0.574916 0.207979 0.791338
vn -0.302260 0.207979 0.930260
vn -0.000004 0.207981 0.978133
vn 0.302259 0.207979 0.930260
vn 0.574926 0.207981 0.791331
vn 0.791333 0.207981 0.574922
vn 0.930260 0.207980 0.302261
vn 0.978133 0.207981 -0.000000
vn 0.756813 0.353418 -0.549846
vn 0.889681 0.353415 -0.289077
vn 0.549847 0.353418 -0.756812
vn 0.289080 0.353416 -0.889679
vn -0.000001 0.353419 -0.935465
vn -0.289077 0.353415 -0.889681
vn -0.549834 0.353416 -0.756822
vn -0.756810 0.353419 -0.549849
vn -0.889683 0.353416 -0.289071
vn -0.935466 0.353417 -0.000000
vn -0.889683 0.353416 0.289071
vn -0.756809 0.353418 0.549851
vn -0.549831 0.353417 0.756824
vn -0.289075 0.353414 0.889682
vn -0.000006 0.353417 0.935466
vn 0.289075 0.353415 0.889682
vn 0.549850 0.353418 0.756809
vn 0.756816 0.353418 0.549841
vn 0.889681 0.353415 0.289077
vn 0.935466 0.353417 -0.000000
vn 0.738975 0.407016 -0.536893
vn 0.868715 0.407013 -0.282268
vn 0.536890 0.407015 -0.738978
vn 0.282272 0.407014 -0.868713
vn -0.000001 0.407018 -0.913420
vn -0.282261 0.407014 -0.868717
vn -0.536873 0.407018 -0.738988
vn -0.738978 0.407020 -0.536886
vn -0.868717 0.407014 -0.282260
vn -0.913421 0.407016 0.000000
vn -0.868716 0.407014 0.282262
vn -0.738972 0.407019 0.536895
vn -0.536873 0.407017 0.738989
vn -0.282268 0.407013 0.868715
vn -0.000008 0.407016 0.913421
vn 0.282267 0.407013 0.868715
vn 0.536897 0.407015 0.738973
vn 0.738983 0.407015 0.536883
vn 0.868715 0.407012 0.282268
vn 0.913421 0.407016 0.000000
vn 0.842002 -0.464957 -0.273582
vn 0.716250 -0.464957 -0.520386
vn 0.520386 -0.464957 -0.716250
vn 0.273583 -0.464957 -0.842002
vn -0.000000 -0.464957 -0.885333
vn -0.273583 -0.464957 -0.842002
vn -0.520386 -0.464957 -0.716250
vn -0.716250 -0.464957 -0.520386
vn -0.842002 -0.464957 -0.273583
vn -0.885333 -0.464957 -0.000000
vn -0.842002 -0.464957 0.273583
vn -0.716250 -0.464957 0.520386
vn -0.520386 -0.464957 0.716250
vn -0.273583 -0.464957 0.842002
vn 0.000000 -0.464957 0.885333
vn 0.273583 -0.464957 0.842002
vn 0.520386 -0.464957 0.716249
vn 0.716249 -0.464957 0.520386
vn 0.842002 -0.464957 0.273583
vn 0.885333 -0.464957 0.000001
vn 0.525640 0.760168 -0.381900
vn 0.617927 0.760168 -0.200776
vn 0.617927 0.760168 -0.200776
vn 0.525640 0.760168 -0.381900
vn 0.381900 0.760167 -0.525640
vn 0.381900 0.760167 -0.525640
vn 0.200777 0.760167 -0.617927
vn 0.200777 0.760167 -0.617927
vn -0.000000 0.760167 -0.649727
vn -0.000000 0.760167 -0.649727
vn -0.200777 0.760167 -0.617927
vn -0.200777 0.760167 -0.617927
vn -0.381900 0.760167 -0.525640
vn -0.381900 0.760167 -0.525640
vn -0.525641 0.760167 -0.381900
vn -0.525641 0.760167 -0.381900
vn -0.617927 0.760167 -0.200777
vn -0.617928 0.760167 -0.200777
vn -0.649728 0.760167 0.000000
vn -0.649728 0.760167 0.000000
vn -0.617927 0.760167 0.200777
vn -0.617927 0.760167 0.200777
vn -0.525640 0.760167 0.381900
vn -0.525640 0.760167 0.381900
vn -0.381900 0.760167 0.525641
vn -0.381900 0.760167 0.525641
vn -0.200777 0.760167 0.617927
vn -0.200777 0.760168 0.617927
vn -0.000000 0.760167 0.649727
vn -0.000000 0.760167 0.649727
vn 0.200777 0.760167 0.617927
vn 0.200777 0.760167 0.617927
vn 0.381900 0.760167 0.525640
vn 0.381900 0.760167 0.525640
vn 0.525640 0.760168 0.381900
vn 0.525640 0.760168 0.381900
vn 0.617927 0.760168 0.200777
vn 0.617927 0.760168 0.200777
vn 0.649727 0.760167 0.000001
vn 0.649727 0.760167 0.000001
vn 0.809017 0.000000 -0.587785
vn 0.951057 0.000000 -0.309016
vn 0.951057 0.000000 -0.309016
vn 0.809017 0.000000 -0.587785
vn 0.587785 0.000000 -0.809017
vn 0.587785 0.000000 -0.809017
vn 0.309017 0.000000 -0.951057
vn 0.309017 0.000000 -0.951057
vn -0.000000 0.000000 -1.000000
vn -0.000000 0.000000 -1.000000
vn -0.309017 0.000000 -0.951057
vn -0.309017 0.000000 -0.951057
vn -0.587786 0.000000 -0.809017
vn -0.587786 0.000000 -0.809017
vn -0.809017 0.000000 -0.587785
vn -0.809017 0.000000 -0.587785
vn -0.951057 0.000000 -0.309017
vn -0.951057 0.000000 -0.309017
vn -1.000000 0.000000 0.000000
vn -1.000000 0.000000 0.000000
vn -0.951057 0.000000 0.309017
vn -0.951057 0.000000 0.309017
vn -0.809017 0.000000 0.587785
vn -0.809017 0.000000 0.587785
vn -0.587785 0.000000 0.809017
vn -0.587785 0.000000 0.809017
vn -0.309017 0.000000 0.951057
vn -0.309017 0.000000 0.951057
vn 0.000000 0.000000 1.000000
vn 0.000000 0.000000 1.000000
vn 0.309017 0.000000 0.951057
vn 0.309017 0.000000 0.951057
vn 0.587785 0.000000 0.809017
vn 0.587785 0.000000 0.809017
vn 0.809017 0.000000 0.587785
vn 0.809017 0.000000 0.587785
vn 0.951057 0.000000 0.309017
vn 0.951057 0.000000 0.309017
vn 1.000000 0.000000 0.000001
vn 1.000000 0.000000 0.000001
vn 0.950903 -0.017991 -0.308966
vn 0.808886 -0.017991 -0.587690
vn 0.809017 0.000000 -0.587785
vn 0.951057 0.000000 -0.309016
vn 0.587690 -0.017991 -0.808886
vn 0.587785 0.000000 -0.809017
vn 0.308967 -0.017991 -0.950903
vn 0.309017 0.000000 -0.951056
vn 0.000000 -0.017991 -0.999838
vn 0.000000 0.000000 -1.000000
vn -0.308967 -0.017991 -0.950903
vn -0.309017 0.000000 -0.951056
vn -0.587690 -0.017991 -0.808886
vn -0.587785 0.000000 -0.809017
vn -0.808886 -0.017991 -0.587690
vn -0.809017 0.000000 -0.587785
vn -0.950903 -0.017991 -0.308967
vn -0.951057 0.000000 -0.309017
vn -0.999838 -0.017991 0.000000
vn -1.000000 0.000000 0.000000
vn -0.950903 -0.017991 0.308967
vn -0.951057 0.000000 0.309017
vn -0.808886 -0.017991 0.587690
vn -0.809017 0.000000 0.587785
vn -0.587690 -0.017991 0.808886
vn -0.587785 0.000000 0.809017
vn -0.308966 -0.017991 0.950903
vn -0.309016 0.000000 0.951057
vn 0.000000 -0.017991 0.999838
vn 0.000000 0.000000 1.000000
vn 0.308967 -0.017991 0.950903
vn 0.309016 0.000000 0.951057
vn 0.587690 -0.017991 0.808886
vn 0.587785 0.000000 0.809017
vn 0.808886 -0.017991 0.587690
vn 0.809017 0.000000 0.587785
vn 0.950903 -0.017991 0.308967
vn 0.951057 0.000000 0.309017
vn 0.999838 -0.017991 0.000001
vn 1.000000 0.000000 0.000001
vn 0.000000 -1.000000 0.000000
vn 0.000000 -1.000000 0.000000
vn 0.000000 -1.000000 0.000000
vn 0.000000 -1.000000 -0.000000
vn 0.000000 -1.000000 -0.000000
vn 0.000000 -1.000000 0.000000
vn 0.000000 -1.000000 0.000000
vn 0.000000 -1.000000 0.000000
vn 0.000000 -1.000000 0.000000
vn 0.000000 -1.000000 0.000000
vn 0.000000 -1.000000 0.000000
vn 0.000000 -1.000000 0.000000
vn 0.000000 -1.000000 0.000000
vn 0.000000 -1.000000 0.000000
vn 0.000000 -1.000000 -0.000000
vn 0.000000 -1.000000 0.000000
vn 0.000000 -1.000000 0.000000
vn 0.000000 -1.000000 0.000000
vn 0.000000 -1.000000 0.000000
vn 0.000000 -1.000000 0.000000
vn 0.000000 -1.000000 0.000000
vn -0.000031 1.000000 0.000056
vn -0.000026 1.000000 0.000056
vn 0.000000 1.000000 0.000003
vn -0.000019 1.000000 0.000000
vn -0.000010 1.000000 0.000028
vn -0.000000 1.000000 0.000056
vn 0.000010 1.000000 0.000042
vn 0.000019 1.000000 0.000014
vn 0.000026 1.000000 0.000056
vn 0.000031 1.000000 0.000056
vn 0.000033 1.000000 0.000000
vn 0.000031 1.000000 -0.000056
vn 0.000026 1.000000 -0.000056
vn 0.000019 1.000000 0.000000
vn 0.000010 1.000000 -0.000014
vn 0.000000 1.000000 -0.000035
vn -0.000010 1.000000 -0.000021
vn -0.000019 1.000000 0.000000
vn -0.000026 1.000000 -0.000056
vn -0.000031 1.000000 -0.000056
vn -0.000033 1.000000 0.000000
vn 0.916616 0.399769 0.000001
vn 0.871754 0.399769 -0.283249
vn 0.929301 0.212669 -0.301948
vn 0.977124 0.212671 0.000000
vn 0.871754 0.399768 0.283250
vn 0.929300 0.212669 0.301948
vn 0.741561 0.399767 0.538770
vn 0.790515 0.212670 0.574333
vn 0.538771 0.399768 0.741561
vn 0.574333 0.212670 0.790515
vn 0.283250 0.399768 0.871754
vn 0.301948 0.212669 0.929300
vn -0.000000 0.399769 0.916616
vn 0.000000 0.212671 0.977124
vn -0.283250 0.399768 0.871754
vn -0.301948 0.212669 0.929301
vn -0.538771 0.399767 0.741561
vn -0.574333 0.212670 0.790515
vn -0.741561 0.399767 0.538770
vn -0.790515 0.212670 0.574333
vn -0.871754 0.399768 0.283250
vn -0.929300 0.212669 0.301948
vn -0.916616 0.399769 0.000000
vn -0.977124 0.212671 0.000000
vn -0.871754 0.399768 -0.283250
vn -0.929301 0.212669 -0.301948
vn -0.741561 0.399768 -0.538770
vn -0.790515 0.212670 -0.574332
vn -0.538770 0.399768 -0.741561
vn -0.574332 0.212670 -0.790515
vn -0.283250 0.399768 -0.871754
vn -0.301948 0.212669 -0.929300
vn 0.000000 0.399769 -0.916616
vn -0.000000 0.212671 -0.977124
vn 0.283250 0.399768 -0.871754
vn 0.301948 0.212669 -0.929300
vn 0.538771 0.399768 -0.741560
vn 0.574333 0.212670 -0.790515
vn 0.741561 0.399768 -0.538770
vn 0.790515 0.212670 -0.574332
vn 0.808134 0.046882 -0.587130
vn 0.950011 0.046882 -0.308677
vn 0.587130 0.046882 -0.808134
vn 0.308678 0.046882 -0.950011
vn -0.000000 0.046882 -0.998900
vn -0.308678 0.046882 -0.950011
vn -0.587129 0.046882 -0.808135
vn -0.808134 0.046882 -0.587130
vn -0.950011 0.046882 -0.308677
vn -0.998900 0.046882 0.000000
vn -0.950011 0.046882 0.308678
vn -0.808133 0.046882 0.587131
vn -0.587130 0.046882 0.808134
vn -0.308677 0.046882 0.950011
vn 0.000000 0.046882 0.998900
vn 0.308677 0.046882 0.950011
vn 0.587130 0.046882 0.808134
vn 0.808133 0.046882 0.587131
vn 0.950011 0.046882 0.308677
vn 0.998901 0.046882 -0.000000
vn 0.000000 1.000000 0.000002
vn 0.000000 1.000000 -0.000007
vn 0.000000 1.000000 -0.000007
vn 0.000000 1.000000 0.000002
vn 0.000000 1.000000 -0.000006
vn 0.000000 1.000000 -0.000006
vn 0.000000 1.000000 -0.000003
vn 0.000000 1.000000 -0.000003
vn 0.000000 1.000000 -0.000001
vn 0.000000 1.000000 -0.000001
vn 0.000000 1.000000 0.000005
vn 0.000000 1.000000 0.000005
vn 0.000000 1.000000 0.000001
vn 0.000000 1.000000 0.000001
vn 0.000000 1.000000 -0.000003
vn 0.000000 1.000000 -0.000003
vn 0.000000 1.000000 0.000002
vn 0.000000 1.000000 0.000002
vn 0.000000 1.000000 -0.000002
vn 0.000000 1.000000 -0.000002
vn 0.000000 1.000000 -0.000002
vn 0.000000 1.000000 -0.000002
vn 0.000000 1.000000 0.000007
vn 0.000000 1.000000 0.000007
vn 0.000000 1.000000 0.000001
vn 0.000000 1.000000 0.000001
vn 0.000000 1.000000 -0.000004
vn 0.000000 1.000000 -0.000004
vn 0.000000 1.000000 0.000002
vn 0.000000 1.000000 0.000002
vn 0.000000 1.000000 -0.000002
vn 0.000000 1.000000 -0.000002
vn 0.000000 1.000000 -0.000001
vn 0.000000 1.000000 -0.000001
vn 0.000000 1.000000 0.000003
vn 0.000000 1.000000 0.000003
vn 0.000000 1.000000 -0.000002
vn 0.000000 1.000000 -0.000002
vn 0.000000 1.000000 0.000002
vn 0.000000 1.000000 0.000002
vn 0.950589 0.031354 -0.308866
vn 0.808626 0.031354 -0.587487
vn 0.807551 0.060322 -0.586706
vn 0.949324 0.060321 -0.308455
vn 0.587488 0.031354 -0.808625
vn 0.586707 0.060322 -0.807550
vn 0.308866 0.031354 -0.950589
vn 0.308455 0.060321 -0.949324
vn -0.000000 0.031354 -0.999508
vn -0.000000 0.060322 -0.998179
vn -0.308866 0.031354 -0.950589
vn -0.308455 0.060322 -0.949324
vn -0.587487 0.031354 -0.808626
vn -0.586705 0.060322 -0.807551
vn -0.808626 0.031354 -0.587487
vn -0.807550 0.060321 -0.586707
vn -0.950589 0.031354 -0.308866
vn -0.949325 0.060321 -0.308455
vn -0.999508 0.031354 -0.000000
vn -0.998179 0.060322 -0.000000
vn -0.950589 0.031354 0.308866
vn -0.949325 0.060321 0.308454
vn -0.808625 0.031354 0.587488
vn -0.807549 0.060321 0.586708
vn -0.587487 0.031354 0.808626
vn -0.586704 0.060321 0.807552
vn -0.308866 0.031354 0.950589
vn -0.308455 0.060321 0.949324
vn 0.000000 0.031354 0.999508
vn -0.000001 0.060321 0.998179
vn 0.308866 0.031354 0.950589
vn 0.308455 0.060321 0.949324
vn 0.587487 0.031354 0.808626
vn 0.586706 0.060321 0.807550
vn 0.808625 0.031354 0.587488
vn 0.807550 0.060322 0.586707
vn 0.950589 0.031354 0.308866
vn 0.949324 0.060321 0.308455
vn 0.999508 0.031354 -0.000000
vn 0.998179 0.060322 -0.000000
vn 0.791332 0.207981 -0.574924
vn 0.930260 0.207980 -0.302261
vn 0.574925 0.207982 -0.791331
vn 0.302261 0.207980 -0.930259
vn -0.000001 0.207981 -0.978133
vn -0.302262 0.207980 -0.930259
vn -0.574919 0.207980 -0.791336
vn -0.791329 0.207980 -0.574928
vn -0.930260 0.207980 -0.302259
vn -0.978133 0.207981 0.000000
vn -0.930261 0.207980 0.302258
vn -0.791329 0.207979 0.574929
vn -0.574916 0.207979 0.791338
vn -0.302261 0.207979 0.930260
vn -0.000003 0.207980 0.978133
vn 0.302260 0.207979 0.930260
vn 0.574926 0.207981 0.791331
vn 0.791333 0.207981 0.574923
vn 0.930259 0.207980 0.302261
vn 0.978133 0.207981 0.000000
vn 0.756812 0.353418 -0.549847
vn 0.889681 0.353415 -0.289077
vn 0.549847 0.353418 -0.756812
vn 0.289081 0.353416 -0.889679
vn -0.000003 0.353419 -0.935465
vn -0.289076 0.353415 -0.889681
vn -0.549835 0.353416 -0.756821
vn -0.756811 0.353418 -0.549848
vn -0.889682 0.353416 -0.289072
vn -0.935466 0.353418 -0.000000
vn -0.889683 0.353416 0.289071
vn -0.756809 0.353418 0.549851
vn -0.549832 0.353417 0.756824
vn -0.289074 0.353415 0.889682
vn -0.000005 0.353417 0.935466
vn 0.289074 0.353415 0.889682
vn 0.549851 0.353418 0.756809
vn 0.756816 0.353418 0.549841
vn 0.889681 0.353415 0.289077
vn 0.935466 0.353417 -0.000000
vn 0.738976 0.407015 -0.536892
vn 0.868715 0.407012 -0.282268
vn 0.536891 0.407015 -0.738977
vn 0.282272 0.407014 -0.868713
vn -0.000006 0.407018 -0.913420
vn -0.282261 0.407014 -0.868717
vn -0.536873 0.407018 -0.738988
vn -0.738978 0.407019 -0.536886
vn -0.868717 0.407014 -0.282260
vn -0.913421 0.407016 0.000000
vn -0.868717 0.407013 0.282261
vn -0.738973 0.407018 0.536895
vn -0.536872 0.407017 0.738990
vn -0.282268 0.407013 0.868715
vn -0.000007 0.407016 0.913421
vn 0.282267 0.407012 0.868715
vn 0.536897 0.407015 0.738973
vn 0.738983 0.407015 0.536883
vn 0.868715 0.407012 0.282268
vn 0.913421 0.407015 0.000000
vn 0.842002 -0.464958 -0.273582
vn 0.716249 -0.464957 -0.520386
vn 0.520386 -0.464957 -0.716250
vn 0.273583 -0.464957 -0.842002
vn 0.000000 -0.464957 -0.885333
vn -0.273583 -0.464957 -0.842002
vn -0.520386 -0.464957 -0.716250
vn -0.716250 -0.464957 -0.520386
vn -0.842002 -0.464957 -0.273583
vn -0.885334 -0.464956 -0.000000
vn -0.842002 -0.464957 0.273583
vn -0.716250 -0.464957 0.520386
vn -0.520386 -0.464957 0.716250
vn -0.273583 -0.464957 0.842002
vn -0.000000 -0.464957 0.885333
vn 0.273583 -0.464957 0.842002
vn 0.520386 -0.464957 0.716250
vn 0.716250 -0.464957 0.520386
vn 0.842002 -0.464957 0.273583
vn 0.885333 -0.464957 0.000001
vn 0.525640 0.760168 -0.381900
vn 0.617928 0.760168 -0.200776
vn 0.617927 0.760168 -0.200776
vn 0.525640 0.760168 -0.381900
vn 0.381900 0.760168 -0.525640
vn 0.381900 0.760168 -0.525640
vn 0.200777 0.760167 -0.617927
vn 0.200777 0.760167 -0.617927
vn -0.000000 0.760167 -0.649728
vn 0.000000 0.760167 -0.649727
vn -0.200777 0.760167 -0.617927
vn -0.200777 0.760167 -0.617927
vn -0.381900 0.760167 -0.525640
vn -0.381900 0.760167 -0.525640
vn -0.525640 0.760167 -0.381900
vn -0.525640 0.760167 -0.381900
vn -0.617928 0.760167 -0.200777
vn -0.617928 0.760167 -0.200777
vn -0.649728 0.760167 0.000000
vn -0.649728 0.760167 0.000000
vn -0.617928 0.760167 0.200777
vn -0.617927 0.760167 0.200777
vn -0.525640 0.760167 0.381900
vn -0.525640 0.760167 0.381900
vn -0.381900 0.760168 0.525640
vn -0.381900 0.760168 0.525640
vn -0.200777 0.760168 0.617927
vn -0.200777 0.760168 0.617927
vn 0.000000 0.760167 0.649727
vn 0.000000 0.760167 0.649727
vn 0.200777 0.760168 0.617927
vn 0.200777 0.760168 0.617927
vn 0.381900 0.760168 0.525640
vn 0.381900 0.760168 0.525640
vn 0.525641 0.760167 0.381900
vn 0.525640 0.760167 0.381900
vn 0.617928 0.760167 0.200777
vn 0.617928 0.760167 0.200777
vn 0.649727 0.760167 0.000001
vn 0.649727 0.760167 0.000001
vn 0.809017 0.000000 -0.587785
vn 0.951057 0.000000 -0.309016
vn 0.951057 0.000000 -0.309016
vn 0.809017 0.000000 -0.587785
vn 0.587785 0.000000 -0.809017
vn 0.587785 0.000000 -0.809017
vn 0.309017 0.000000 -0.951057
vn 0.309017 0.000000 -0.951057
vn 0.000000 0.000000 -1.000000
vn 0.000000 0.000000 -1.000000
vn -0.309017 0.000000 -0.951056
vn -0.309017 0.000000 -0.951056
vn -0.587785 0.000000 -0.809017
vn -0.587785 0.000000 -0.809017
vn -0.809017 0.000000 -0.587785
vn -0.809017 0.000000 -0.587785
vn -0.951057 0.000000 -0.309017
vn -0.951057 0.000000 -0.309017
vn -1.000000 0.000000 0.000000
vn -1.000000 0.000000 0.000000
vn -0.951057 0.000000 0.309017
vn -0.951057 0.000000 0.309017
vn -0.809017 0.000000 0.587785
vn -0.809017 0.000000 0.587785
vn -0.587785 0.000000 0.809017
vn -0.587785 0.000000 0.809017
vn -0.309017 0.000000 0.951057
vn -0.309017 0.000000 0.951057
vn 0.000000 0.000000 1.000000
vn 0.000000 0.000000 1.000000
vn 0.309017 0.000000 0.951057
vn 0.309017 0.000000 0.951057
vn 0.587785 0.000000 0.809017
vn 0.587785 0.000000 0.809017
vn 0.809017 0.000000 0.587785
vn 0.809017 0.000000 0.587785
vn 0.951057 0.000000 0.309017
vn 0.951057 0.000000 0.309017
vn 1.000000 0.000000 0.000001
vn 1.000000 0.000000 0.000001
vn 0.950903 -0.017991 -0.308966
vn 0.808886 -0.017991 -0.587690
vn 0.809017 0.000000 -0.587785
vn 0.951057 0.000000 -0.309016
vn 0.587690 -0.017991 -0.808886
vn 0.587785 0.000000 -0.809017
vn 0.308966 -0.017991 -0.950903
vn 0.309016 0.000000 -0.951057
vn 0.000000 -0.017991 -0.999838
vn 0.000000 0.000000 -1.000000
vn -0.308967 -0.017991 -0.950903
vn -0.309017 0.000000 -0.951056
vn -0.587691 -0.017991 -0.808886
vn -0.587786 0.000000 -0.809017
vn -0.808886 -0.017991 -0.587690
vn -0.809017 0.000000 -0.587785
vn -0.950903 -0.017991 -0.308967
vn -0.951056 0.000000 -0.309017
vn -0.999838 -0.017991 -0.000000
vn -1.000000 0.000000 0.000000
vn -0.950903 -0.017991 0.308967
vn -0.951056 0.000000 0.309017
vn -0.808886 -0.017991 0.587690
vn -0.809017 0.000000 0.587785
vn -0.587690 -0.017991 0.808886
vn -0.587785 0.000000 0.809017
vn -0.308966 -0.017991 0.950903
vn -0.309016 0.000000 0.951057
vn -0.000000 -0.017991 0.999838
vn 0.000000 0.000000 1.000000
vn 0.308967 -0.017991 0.950903
vn 0.309017 0.000000 0.951057
vn 0.587690 -0.017991 0.808886
vn 0.587785 0.000000 0.809017
vn 0.808886 -0.017991 0.587690
vn 0.809017 0.000000 0.587785
vn 0.950903 -0.017991 0.308967
vn 0.951056 0.000000 0.309017
vn 0.999838 -0.017991 0.000001
vn 1.000000 0.000000 0.000001
vn 0.000000 -1.000000 0.000000
vn 0.000000 -1.000000 0.000000
vn 0.000000 -1.000000 0.000000
vn 0.000000 -1.000000 -0.000000
vn 0.000000 -1.000000 -0.000000
vn 0.000000 -1.000000 0.000000
vn 0.000000 -1.000000 0.000000
vn 0.000000 -1.000000 0.000000
vn 0.000000 -1.000000 0.000000
vn 0.000000 -1.000000 0.000000
vn 0.000000 -1.000000 0.000000
vn 0.000000 -1.000000 0.000000
vn 0.000000 -1.000000 0.000000
vn 0.000000 -1.000000 0.000000
vn 0.000000 -1.000000 -0.000000
vn 0.000000 -1.000000 0.000000
vn 0.000000 -1.000000 0.000000
vn 0.000000 -1.000000 0.000000
vn 0.000000 -1.000000 0.000000
vn 0.000000 -1.000000 0.000000
vn 0.000000 -1.000000 0.000000
vn -0.000031 1.000000 0.000056
vn -0.000026 1.000000 0.000056
vn 0.000000 1.000000 0.000003
vn -0.000019 1.000000 0.000000
vn -0.000010 1.000000 0.000028
vn -0.000000 1.000000 0.000056
vn 0.000010 1.000000 0.000042
vn 0.000019 1.000000 0.000014
vn 0.000026 1.000000 0.000056
vn 0.000031 1.000000 0.000056
vn 0.000033 1.000000 0.000000
vn 0.000031 1.000000 -0.000056
vn 0.000026 1.000000 -0.000056
vn 0.000019 1.000000 0.000000
vn 0.000010 1.000000 -0.000014
vn -0.000000 1.000000 -0.000035
vn -0.000010 1.000000 -0.000021
vn -0.000019 1.000000 0.000000
vn -0.000026 1.000000 -0.000056
vn -0.000031 1.000000 -0.000056
vn -0.000033 1.000000 0.000000
vn 0.916616 0.399769 0.000001
vn 0.871754 0.399768 -0.283249
vn 0.929301 0.212669 -0.301947
vn 0.977124 0.212671 0.000000
vn 0.871754 0.399768 0.283250
vn 0.929301 0.212669 0.301948
vn 0.741561 0.399768 0.538770
vn 0.790515 0.212670 0.574333
vn 0.538770 0.399768 0.741561
vn 0.574332 0.212670 0.790515
vn 0.283250 0.399768 0.871754
vn 0.301948 0.212669 0.929300
vn -0.000000 0.399769 0.916616
vn 0.000000 0.212671 0.977124
vn -0.283249 0.399768 0.871754
vn -0.301948 0.212669 0.929300
vn -0.538770 0.399768 0.741561
vn -0.574332 0.212670 0.790515
vn -0.741561 0.399768 0.538770
vn -0.790515 0.212670 0.574333
vn -0.871754 0.399768 0.283250
vn -0.929301 0.212669 0.301948
vn -0.916616 0.399769 0.000000
vn -0.977124 0.212671 0.000000
vn -0.871754 0.399768 -0.283250
vn -0.929301 0.212669 -0.301948
vn -0.741561 0.399768 -0.538770
vn -0.790515 0.212670 -0.574332
vn -0.538771 0.399767 -0.741561
vn -0.574332 0.212670 -0.790515
vn -0.283250 0.399768 -0.871754
vn -0.301949 0.212669 -0.929300
vn 0.000000 0.399769 -0.916616
vn 0.000000 0.212671 -0.977124
vn 0.283250 0.399768 -0.871754
vn 0.301949 0.212669 -0.929300
vn 0.538770 0.399768 -0.741561
vn 0.574333 0.212670 -0.790515
vn 0.741561 0.399768 -0.538770
vn 0.790515 0.212670 -0.574332
vn 0.808134 0.046882 -0.587130
vn 0.950011 0.046882 -0.308677
vn 0.587130 0.046882 -0.808134
vn 0.308680 0.046882 -0.950010
vn 0.000000 0.046882 -0.998901
vn -0.308679 0.046882 -0.950010
vn -0.587129 0.046882 -0.808135
vn -0.808134 0.046882 -0.587130
vn -0.950011 0.046882 -0.308677
vn -0.998900 0.046882 -0.000000
vn -0.950011 0.046882 0.308677
vn -0.808133 0.046882 0.587131
vn -0.587130 0.046882 0.808134
vn -0.308678 0.046882 0.950011
vn 0.000000 0.046882 0.998901
vn 0.308678 0.046882 0.950011
vn 0.587130 0.046882 0.808134
vn 0.808133 0.046882 0.587131
vn 0.950011 0.046882 0.308677
vn 0.998900 0.046882 -0.000000
vn 0.000000 1.000000 0.000002
vn 0.000000 1.000000 -0.000007
vn 0.000000 1.000000 -0.000007
vn 0.000000 1.000000 0.000002
vn 0.000000 1.000000 -0.000006
vn 0.000000 1.000000 -0.000006
vn 0.000000 1.000000 -0.000003
vn 0.000000 1.000000 -0.000003
vn 0.000000 1.000000 -0.000001
vn 0.000000 1.000000 -0.000001
vn 0.000000 1.000000 0.000005
vn 0.000000 1.000000 0.000005
vn 0.000000 1.000000 0.000001
vn 0.000000 1.000000 0.000001
vn 0.000000 1.000000 -0.000003
vn 0.000000 1.000000 -0.000003
vn 0.000000 1.000000 0.000002
vn 0.000000 1.000000 0.000002
vn 0.000000 1.000000 -0.000002
vn 0.000000 1.000000 -0.000002
vn 0.000000 1.000000 -0.000002
vn 0.000000 1.000000 -0.000002
vn 0.000000 1.000000 0.000007
vn 0.000000 1.000000 0.000007
vn 0.000000 1.000000 0.000001
vn 0.000000 1.000000 0.000001
vn 0.000000 1.000000 -0.000004
vn 0.000000 1.000000 -0.000004
vn 0.000000 1.000000 0.000002
vn 0.000000 1.000000 0.000002
vn 0.000000 1.000000 -0.000002
vn 0.000000 1.000000 -0.000002
vn 0.000000 1.000000 -0.000001
vn 0.000000 1.000000 -0.000001
vn 0.000000 1.000000 0.000003
vn 0.000000 1.000000 0.000003
vn 0.000000 1.000000 -0.000002
vn 0.000000 1.000000 -0.000002
vn 0.000000 1.000000 0.000002
vn 0.000000 1.000000 0.000002
vn 0.950589 0.031354 -0.308866
vn 0.808626 0.031354 -0.587486
vn 0.807551 0.060322 -0.586705
vn 0.949324 0.060321 -0.308455
vn 0.587488 0.031354 -0.808626
vn 0.586706 0.060322 -0.807550
vn 0.308865 0.031354 -0.950589
vn 0.308454 0.060321 -0.949325
vn -0.000000 0.031354 -0.999508
vn -0.000000 0.060322 -0.998179
vn -0.308865 0.031354 -0.950589
vn -0.308455 0.060322 -0.949324
vn -0.587486 0.031354 -0.808626
vn -0.586704 0.060322 -0.807552
vn -0.808626 0.031354 -0.587486
vn -0.807550 0.060321 -0.586706
vn -0.950589 0.031354 -0.308866
vn -0.949325 0.060321 -0.308454
vn -0.999508 0.031354 -0.000000
vn -0.998179 0.060322 -0.000000
vn -0.950589 0.031354 0.308866
vn -0.949325 0.060321 0.308454
vn -0.808625 0.031354 0.587488
vn -0.807549 0.060321 0.586707
vn -0.587486 0.031354 0.808627
vn -0.586704 0.060321 0.807552
vn -0.308865 0.031354 0.950589
vn -0.308454 0.060321 0.949325
vn 0.000000 0.031354 0.999508
vn -0.000001 0.060321 0.998179
vn 0.308865 0.031354 0.950589
vn 0.308454 0.060321 0.949325
vn 0.587486 0.031354 0.808626
vn 0.586706 0.060321 0.807550
vn 0.808625 0.031354 0.587488
vn 0.807550 0.060322 0.586707
vn 0.950589 0.031354 0.308866
vn 0.949324 0.060321 0.308455
vn 0.999508 0.031354 -0.000000
vn 0.998179 0.060322 -0.000000
vn 0.791332 0.207981 -0.574924
vn 0.930260 0.207980 -0.302261
vn 0.574925 0.207982 -0.791331
vn 0.302262 0.207980 -0.930259
vn -0.000001 0.207981 -0.978133
vn -0.302264 0.207980 -0.930259
vn -0.574918 0.207981 -0.791336
vn -0.791329 0.207980 -0.574929
vn -0.930260 0.207980 -0.302259
vn -0.978133 0.207982 0.000000
vn -0.930261 0.207979 0.302258
vn -0.791330 0.207979 0.574928
vn -0.574916 0.207979 0.791338
vn -0.302259 0.207979 0.930260
vn -0.000003 0.207980 0.978133
vn 0.302259 0.207979 0.930260
vn 0.574927 0.207981 0.791330
vn 0.791333 0.207981 0.574922
vn 0.930259 0.207980 0.302261
vn 0.978133 0.207981 0.000000
vn 0.756812 0.353418 -0.549847
vn 0.889681 0.353415 -0.289077
vn 0.549847 0.353418 -0.756811
vn 0.289082 0.353416 -0.889679
vn -0.000003 0.353419 -0.935465
vn -0.289079 0.353415 -0.889681
vn -0.549835 0.353416 -0.756821
vn -0.756810 0.353419 -0.549849
vn -0.889682 0.353417 -0.289072
vn -0.935466 0.353418 -0.000000
vn -0.889683 0.353415 0.289070
vn -0.756809 0.353419 0.549851
vn -0.549830 0.353417 0.756825
vn -0.289074 0.353415 0.889682
vn -0.000007 0.353417 0.935466
vn 0.289075 0.353415 0.889682
vn 0.549851 0.353418 0.756809
vn 0.756816 0.353418 0.549841
vn 0.889681 0.353415 0.289077
vn 0.935466 0.353417 -0.000000
vn 0.738976 0.407016 -0.536892
vn 0.868715 0.407012 -0.282268
vn 0.536889 0.407016 -0.738978
vn 0.282272 0.407014 -0.868713
vn -0.000006 0.407018 -0.913420
vn -0.282261 0.407014 -0.868716
vn -0.536871 0.407019 -0.738989
vn -0.738978 0.407020 -0.536886
vn -0.868717 0.407014 -0.282260
vn -0.913422 0.407014 0.000000
vn -0.868717 0.407012 0.282261
vn -0.738970 0.407020 0.536897
vn -0.536867 0.407019 0.738992
vn -0.282268 0.407013 0.868715
vn -0.000013 0.407016 0.913421
vn 0.282273 0.407012 0.868713
vn 0.536896 0.407015 0.738973
vn 0.738982 0.407016 0.536884
vn 0.868715 0.407012 0.282268
vn 0.913421 0.407016 0.000000
vn 0.842002 -0.464957 -0.273582
vn 0.716249 -0.464957 -0.520386
vn 0.520386 -0.464957 -0.716250
vn 0.273583 -0.464957 -0.842002
vn 0.000000 -0.464957 -0.885333
vn -0.273583 -0.464957 -0.842002
vn -0.520387 -0.464957 -0.716249
vn -0.716250 -0.464957 -0.520386
vn -0.842002 -0.464957 -0.273583
vn -0.885333 -0.464957 -0.000000
vn -0.842002 -0.464957 0.273583
vn -0.716250 -0.464957 0.520386
vn -0.520386 -0.464957 0.716250
vn -0.273583 -0.464957 0.842002
vn -0.000000 -0.464957 0.885333
vn 0.273583 -0.464957 0.842002
vn 0.520386 -0.464957 0.716250
vn 0.716250 -0.464957 0.520386
vn 0.842002 -0.464957 0.273583
vn 0.885333 -0.464957 0.000001
vn 0.525640 0.760167 -0.381900
vn 0.617928 0.760167 -0.200776
vn 0.617928 0.760168 -0.200776
vn 0.525641 0.760167 -0.381900
vn 0.381900 0.760167 -0.525641
vn 0.381900 0.760167 -0.525641
vn 0.200777 0.760167 -0.617927
vn 0.200777 0.760167 -0.617927
vn -0.000001 0.760167 -0.649728
vn -0.000001 0.760167 -0.649727
vn -0.200777 0.760167 -0.617928
vn -0.200777 0.760167 -0.617928
vn -0.381900 0.760167 -0.525641
vn -0.381900 0.760168 -0.525641
vn -0.525640 0.760167 -0.381900
vn -0.525640 0.760167 -0.381900
vn -0.617928 0.760167 -0.200777
vn -0.617928 0.760167 -0.200777
vn -0.649728 0.760167 0.000000
vn -0.649728 0.760167 0.000000
vn -0.617928 0.760167 0.200777
vn -0.617927 0.760167 0.200777
vn -0.525640 0.760167 0.381900
vn -0.525640 0.760167 0.381900
vn -0.381900 0.760168 0.525640
vn -0.381900 0.760167 0.525640
vn -0.200777 0.760168 0.617927
vn -0.200777 0.760168 0.617927
vn -0.000000 0.760167 0.649727
vn 0.000000 0.760167 0.649727
vn 0.200777 0.760167 0.617927
vn 0.200777 0.760168 0.617927
vn 0.381900 0.760167 0.525640
vn 0.381900 0.760168 0.525640
vn 0.525641 0.760167 0.381900
vn 0.525640 0.760167 0.381900
vn 0.617928 0.760167 0.200777
vn 0.617928 0.760167 0.200777
vn 0.649727 0.760167 0.000001
vn 0.649727 0.760167 0.000001
vn 0.809017 0.000000 -0.587786
vn 0.951057 0.000000 -0.309016
vn 0.951057 0.000000 -0.309016
vn 0.809017 0.000000 -0.587786
vn 0.587785 0.000000 -0.809017
vn 0.587785 0.000000 -0.809017
vn 0.309017 0.000000 -0.951057
vn 0.309017 0.000000 -0.951057
vn -0.000001 0.000000 -1.000000
vn -0.000001 0.000000 -1.000000
vn -0.309017 0.000000 -0.951057
vn -0.309017 0.000000 -0.951057
vn -0.587785 0.000000 -0.809017
vn -0.587785 0.000000 -0.809017
vn -0.809017 0.000000 -0.587785
vn -0.809017 0.000000 -0.587785
vn -0.951057 0.000000 -0.309017
vn -0.951057 0.000000 -0.309017
vn -1.000000 0.000000 0.000000
vn -1.000000 0.000000 0.000000
vn -0.951057 0.000000 0.309017
vn -0.951057 0.000000 0.309017
vn -0.809017 0.000000 0.587785
vn -0.809017 0.000000 0.587785
vn -0.587785 0.000000 0.809017
vn -0.587785 0.000000 0.809017
vn -0.309016 0.000000 0.951057
vn -0.309016 0.000000 0.951057
vn 0.000000 0.000000 1.000000
vn 0.000000 0.000000 1.000000
vn 0.309016 0.000000 0.951057
vn 0.309016 0.000000 0.951057
vn 0.587785 0.000000 0.809017
vn 0.587785 0.000000 0.809017
vn 0.809017 0.000000 0.587785
vn 0.809017 0.000000 0.587785
vn 0.951057 0.000000 0.309017
vn 0.951057 0.000000 0.309017
vn 1.000000 0.000000 0.000001
vn 1.000000 0.000000 0.000001
vn 0.950903 -0.017991 -0.308966
vn 0.808886 -0.017991 -0.587690
vn 0.809017 0.000000 -0.587785
vn 0.951057 0.000000 -0.309016
vn 0.587690 -0.017991 -0.808886
vn 0.587785 0.000000 -0.809017
vn 0.308966 -0.017991 -0.950903
vn 0.309016 0.000000 -0.951057
vn 0.000000 -0.017991 -0.999838
vn 0.000000 0.000000 -1.000000
vn -0.308967 -0.017991 -0.950903
vn -0.309017 0.000000 -0.951056
vn -0.587691 -0.017991 -0.808886
vn -0.587786 0.000000 -0.809017
vn -0.808886 -0.017991 -0.587690
vn -0.809017 0.000000 -0.587785
vn -0.950903 -0.017991 -0.308967
vn -0.951056 0.000000 -0.309017
vn -0.999838 -0.017991 0.000000
vn -1.000000 0.000000 0.000000
vn -0.950903 -0.017991 0.308967
vn -0.951057 0.000000 0.309017
vn -0.808886 -0.017991 0.587690
vn -0.809017 0.000000 0.587785
vn -0.587689 -0.017991 0.808886
vn -0.587785 0.000000 0.809018
vn -0.308966 -0.017991 0.950903
vn -0.309016 0.000000 0.951057
vn 0.000000 -0.017991 0.999838
vn 0.000000 0.000000 1.000000
vn 0.308967 -0.017991 0.950903
vn 0.309017 0.000000 0.951057
vn 0.587690 -0.017991 0.808887
vn 0.587785 0.000000 0.809017
vn 0.808886 -0.017991 0.587690
vn 0.809017 0.000000 0.587785
vn 0.950903 -0.017991 0.308967
vn 0.951057 0.000000 0.309017
vn 0.999838 -0.017991 0.000001
vn 1.000000 0.000000 0.000001
vn 0.000000 -1.000000 0.000000
vn 0.000000 -1.000000 0.000000
vn 0.000000 -1.000000 0.000000
vn 0.000000 -1.000000 -0.000000
vn 0.000000 -1.000000 -0.000000
vn 0.000000 -1.000000 0.000000
vn 0.000000 -1.000000 0.000000
vn 0.000000 -1.000000 0.000000
vn 0.000000 -1.000000 0.000000
vn 0.000000 -1.000000 0.000000
vn 0.000000 -1.000000 0.000000
vn 0.000000 -1.000000 0.000000
vn 0.000000 -1.000000 0.000000
vn 0.000000 -1.000000 0.000000
vn 0.000000 -1.000000 -0.000000
vn 0.000000 -1.000000 0.000000
vn 0.000000 -1.000000 0.000000
vn 0.000000 -1.000000 0.000000
vn 0.000000 -1.000000 0.000000
vn 0.000000 -1.000000 0.000000
vn 0.000000 -1.000000 0.000000
vn -0.000031 1.000000 0.000056
vn -0.000026 1.000000 0.000056
vn -0.000000 1.000000 0.000003
vn -0.000019 1.000000 0.000000
vn -0.000010 1.000000 0.000028
vn 0.000000 1.000000 0.000056
vn 0.000010 1.000000 0.000042
vn 0.000019 1.000000 0.000014
vn 0.000026 1.000000 0.000056
vn 0.000031 1.000000 0.000056
vn 0.000033 1.000000 0.000000
vn 0.000031 1.000000 -0.000056
vn 0.000026 1.000000 -0.000056
vn 0.000019 1.000000 0.000000
vn 0.000010 1.000000 -0.000014
vn -0.000000 1.000000 -0.000035
vn -0.000010 1.000000 -0.000021
vn -0.000019 1.000000 0.000000
vn -0.000026 1.000000 -0.000056
vn -0.000031 1.000000 -0.000056
vn -0.000033 1.000000 0.000000
vn 0.916616 0.399769 0.000001
vn 0.871754 0.399768 -0.283249
vn 0.929301 0.212669 -0.301948
vn 0.977124 0.212671 0.000000
vn 0.871754 0.399768 0.283250
vn 0.929301 0.212669 0.301948
vn 0.741561 0.399768 0.538770
vn 0.790515 0.212670 0.574332
vn 0.538771 0.399767 0.741561
vn 0.574333 0.212670 0.790515
vn 0.283248 0.399768 0.871754
vn 0.301948 0.212669 0.929301
vn -0.000000 0.399769 0.916616
vn 0.000000 0.212671 0.977124
vn -0.283248 0.399768 0.871754
vn -0.301947 0.212669 0.929301
vn -0.538771 0.399767 0.741561
vn -0.574333 0.212670 0.790515
vn -0.741561 0.399768 0.538770
vn -0.790515 0.212670 0.574332
vn -0.871754 0.399768 0.283250
vn -0.929300 0.212669 0.301948
vn -0.916616 0.399769 0.000000
vn -0.977124 0.212671 -0.000000
vn -0.871754 0.399768 -0.283250
vn -0.929300 0.212669 -0.301948
vn -0.741562 0.399767 -0.538769
vn -0.790515 0.212670 -0.574332
vn -0.538770 0.399768 -0.741561
vn -0.574332 0.212670 -0.790515
vn -0.283250 0.399768 -0.871754
vn -0.301949 0.212669 -0.929300
vn 0.000000 0.399769 -0.916616
vn 0.000000 0.212671 -0.977124
vn 0.283249 0.399768 -0.871754
vn 0.301949 0.212669 -0.929300
vn 0.538770 0.399768 -0.741561
vn 0.574333 0.212670 -0.790514
vn 0.741561 0.399768 -0.538770
vn 0.790515 0.212670 -0.574332
vn 0.808134 0.046882 -0.587130
vn 0.950011 0.046882 -0.308678
vn 0.587132 0.046882 -0.808133
vn 0.308680 0.046882 -0.950010
vn -0.000000 0.046882 -0.998900
vn -0.308679 0.046882 -0.950010
vn -0.587130 0.046882 -0.808134
vn -0.808134 0.046882 -0.587130
vn -0.950011 0.046882 -0.308677
vn -0.998900 0.046882 -0.000000
vn -0.950011 0.046881 0.308678
vn -0.808134 0.046882 0.587130
vn -0.587130 0.046882 0.808134
vn -0.308678 0.046881 0.950011
vn 0.000000 0.046882 0.998900
vn 0.308678 0.046881 0.950011
vn 0.587130 0.046882 0.808134
vn 0.808134 0.046882 0.587130
vn 0.950011 0.046881 0.308678
vn 0.998900 0.046882 -0.000000
vn 0.000000 1.000000 0.000002
vn 0.000000 1.000000 -0.000007
vn 0.000000 1.000000 -0.000007
vn 0.000000 1.000000 0.000002
vn 0.000000 1.000000 -0.000006
vn 0.000000 1.000000 -0.000006
vn 0.000000 1.000000 -0.000003
vn 0.000000 1.000000 -0.000003
vn 0.000000 1.000000 -0.000001
vn 0.000000 1.000000 -0.000001
vn 0.000000 1.000000 0.000005
vn 0.000000 1.000000 0.000005
vn 0.000000 1.000000 0.000001
vn 0.000000 1.000000 0.000001
vn 0.000000 1.000000 -0.000003
vn 0.000000 1.000000 -0.000003
vn 0.000000 1.000000 0.000002
vn 0.000000 1.000000 0.000002
vn 0.000000 1.000000 -0.000002
vn 0.000000 1.000000 -0.000002
vn 0.000000 1.000000 -0.000002
vn 0.000000 1.000000 -0.000002
vn 0.000000 1.000000 0.000007
vn 0.000000 1.000000 0.000007
vn 0.000000 1.000000 0.000001
vn 0.000000 1.000000 0.000001
vn 0.000000 1.000000 -0.000004
vn 0.000000 1.000000 -0.000004
vn 0.000000 1.000000 0.000002
vn 0.000000 1.000000 0.000002
vn 0.000000 1.000000 -0.000002
vn 0.000000 1.000000 -0.000002
vn 0.000000 1.000000 -0.000001
vn 0.000000 1.000000 -0.000001
vn 0.000000 1.000000 0.000003
vn 0.000000 1.000000 0.000003
vn 0.000000 1.000000 -0.000002
vn 0.000000 1.000000 -0.000002
vn 0.000000 1.000000 0.000002
vn 0.000000 1.000000 0.000002
vn 0.950589 0.031354 -0.308866
vn 0.808627 0.031354 -0.587486
vn 0.807551 0.060322 -0.586704
vn 0.949324 0.060321 -0.308455
vn 0.587489 0.031354 -0.808625
vn 0.586708 0.060322 -0.807549
vn 0.308865 0.031354 -0.950589
vn 0.308454 0.060321 -0.949325
vn -0.000000 0.031354 -0.999508
vn -0.000000 0.060322 -0.998179
vn -0.308865 0.031354 -0.950589
vn -0.308455 0.060322 -0.949325
vn -0.587488 0.031354 -0.808626
vn -0.586705 0.060322 -0.807551
vn -0.808627 0.031354 -0.587486
vn -0.807550 0.060321 -0.586706
vn -0.950589 0.031354 -0.308866
vn -0.949325 0.060321 -0.308455
vn -0.999508 0.031354 0.000000
vn -0.998179 0.060322 0.000000
vn -0.950589 0.031354 0.308866
vn -0.949325 0.060321 0.308454
vn -0.808624 0.031354 0.587489
vn -0.807548 0.060321 0.586709
vn -0.587486 0.031354 0.808627
vn -0.586704 0.060321 0.807552
vn -0.308868 0.031354 0.950588
vn -0.308458 0.060321 0.949324
vn 0.000000 0.031354 0.999508
vn -0.000001 0.060322 0.998179
vn 0.308868 0.031354 0.950588
vn 0.308457 0.060321 0.949324
vn 0.587486 0.031354 0.808626
vn 0.586705 0.060321 0.807551
vn 0.808625 0.031354 0.587489
vn 0.807549 0.060322 0.586708
vn 0.950589 0.031354 0.308866
vn 0.949324 0.060321 0.308455
vn 0.999508 0.031354 0.000000
vn 0.998179 0.060322 -0.000000
vn 0.791333 0.207981 -0.574922
vn 0.930260 0.207980 -0.302261
vn 0.574926 0.207982 -0.791331
vn 0.302261 0.207980 -0.930259
vn -0.000001 0.207981 -0.978133
vn -0.302262 0.207980 -0.930259
vn -0.574919 0.207980 -0.791336
vn -0.791328 0.207980 -0.574929
vn -0.930260 0.207980 -0.302259
vn -0.978133 0.207981 -0.000000
vn -0.930260 0.207980 0.302258
vn -0.791328 0.207980 0.574930
vn -0.574917 0.207979 0.791338
vn -0.302262 0.207980 0.930259
vn -0.000005 0.207981 0.978133
vn 0.302260 0.207980 0.930260
vn 0.574926 0.207981 0.791330
vn 0.791333 0.207981 0.574923
vn 0.930260 0.207980 0.302261
vn 0.978133 0.207981 0.000000
vn 0.756813 0.353418 -0.549846
vn 0.889681 0.353415 -0.289077
vn 0.549846 0.353418 -0.756812
vn 0.289083 0.353416 -0.889679
vn -0.000000 0.353419 -0.935465
vn -0.289078 0.353415 -0.889681
vn -0.549836 0.353416 -0.756821
vn -0.756809 0.353419 -0.549850
vn -0.889682 0.353417 -0.289072
vn -0.935466 0.353417 -0.000000
vn -0.889682 0.353416 0.289072
vn -0.756808 0.353419 0.549852
vn -0.549833 0.353416 0.756823
vn -0.289075 0.353414 0.889682
vn -0.000011 0.353418 0.935466
vn 0.289075 0.353415 0.889682
vn 0.549852 0.353417 0.756808
vn 0.756816 0.353418 0.549842
vn 0.889681 0.353415 0.289076
vn 0.935466 0.353418 -0.000000
vn 0.738973 0.407017 -0.536895
vn 0.868715 0.407012 -0.282268
vn 0.536884 0.407017 -0.738981
vn 0.282283 0.407013 -0.868710
vn 0.000007 0.407018 -0.913420
vn -0.282267 0.407013 -0.868715
vn -0.536875 0.407018 -0.738986
vn -0.738978 0.407021 -0.536885
vn -0.868717 0.407014 -0.282260
vn -0.913422 0.407014 0.000000
vn -0.868716 0.407014 0.282263
vn -0.738967 0.407021 0.536899
vn -0.536876 0.407016 0.738987
vn -0.282268 0.407012 0.868715
vn -0.000013 0.407016 0.913421
vn 0.282267 0.407012 0.868716
vn 0.536897 0.407014 0.738973
vn 0.738979 0.407017 0.536887
vn 0.868717 0.407010 0.282267
vn 0.913422 0.407014 0.000000
vn 0.842002 -0.464957 -0.273582
vn 0.716250 -0.464957 -0.520386
vn 0.520386 -0.464957 -0.716249
vn 0.273582 -0.464957 -0.842002
vn -0.000000 -0.464957 -0.885333
vn -0.273582 -0.464957 -0.842002
vn -0.520387 -0.464957 -0.716249
vn -0.716250 -0.464957 -0.520386
vn -0.842002 -0.464957 -0.273583
vn -0.885333 -0.464957 -0.000000
vn -0.842002 -0.464957 0.273583
vn -0.716250 -0.464957 0.520386
vn -0.520387 -0.464957 0.716249
vn -0.273582 -0.464956 0.842003
vn -0.000000 -0.464956 0.885334
vn 0.273582 -0.464956 0.842003
vn 0.520387 -0.464957 0.716249
vn 0.716250 -0.464957 0.520386
vn 0.842002 -0.464957 0.273583
vn 0.885333 -0.464957 0.000001
vn 0.525640 0.760167 -0.381900
vn 0.617928 0.760167 -0.200776
vn 0.617928 0.760168 -0.200776
vn 0.525640 0.760167 -0.381900
vn 0.381901 0.760167 -0.525640
vn 0.381901 0.760167 -0.525640
vn 0.200776 0.760167 -0.617927
vn 0.200776 0.760167 -0.617928
vn -0.000001 0.760167 -0.649728
vn -0.000001 0.760167 -0.649728
vn -0.200776 0.760167 -0.617928
vn -0.200776 0.760167 -0.617928
vn -0.381900 0.760167 -0.525640
vn -0.381900 0.760167 -0.525641
vn -0.525640 0.760167 -0.381900
vn -0.525640 0.760167 -0.381900
vn -0.617928 0.760167 -0.200777
vn -0.617928 0.760167 -0.200777
vn -0.649727 0.760167 -0.000000
vn -0.649727 0.760167 0.000000
vn -0.617928 0.760167 0.200777
vn -0.617928 0.760167 0.200777
vn -0.525640 0.760167 0.381901
vn -0.525640 0.760167 0.381900
vn -0.381899 0.760168 0.525641
vn -0.381899 0.760168 0.525641
vn -0.200777 0.760167 0.617928
vn -0.200777 0.760167 0.617928
vn 0.000000 0.760166 0.649729
vn 0.000000 0.760166 0.649729
vn 0.200777 0.760167 0.617928
vn 0.200777 0.760167 0.617928
vn 0.381899 0.760168 0.525641
vn 0.381899 0.760168 0.525641
vn 0.525640 0.760167 0.381901
vn 0.525640 0.760167 0.381900
vn 0.617928 0.760167 0.200777
vn 0.617928 0.760167 0.200777
vn 0.649727 0.760168 0.000001
vn 0.649727 0.760167 0.000001
vn 0.809017 0.000000 -0.587786
vn 0.951057 0.000000 -0.309016
vn 0.951057 0.000000 -0.309016
vn 0.809017 0.000000 -0.587786
vn 0.587786 0.000000 -0.809017
vn 0.587786 0.000000 -0.809017
vn 0.309017 0.000000 -0.951057
vn 0.309017 0.000000 -0.951057
vn -0.000001 0.000000 -1.000000
vn -0.000001 0.000000 -1.000000
vn -0.309017 0.000000 -0.951057
vn -0.309017 0.000000 -0.951057
vn -0.587785 0.000000 -0.809017
vn -0.587785 0.000000 -0.809017
vn -0.809017 0.000000 -0.587785
vn -0.809017 0.000000 -0.587785
vn -0.951057 0.000000 -0.309017
vn -0.951057 0.000000 -0.309017
vn -1.000000 0.000000 0.000000
vn -1.000000 0.000000 0.000000
vn -0.951057 0.000000 0.309017
vn -0.951057 0.000000 0.309017
vn -0.809017 0.000000 0.587785
vn -0.809017 0.000000 0.587785
vn -0.587785 0.000000 0.809017
vn -0.587785 0.000000 0.809017
vn -0.309016 0.000000 0.951057
vn -0.309016 0.000000 0.951057
vn 0.000000 0.000000 1.000000
vn 0.000000 0.000000 1.000000
vn 0.309016 0.000000 0.951057
vn 0.309016 0.000000 0.951057
vn 0.587785 0.000000 0.809017
vn 0.587785 0.000000 0.809017
vn 0.809017 0.000000 0.587785
vn 0.809017 0.000000 0.587785
vn 0.951057 0.000000 0.309017
vn 0.951057 0.000000 0.309017
vn 1.000000 0.000000 0.000001
vn 1.000000 0.000000 0.000001
vn 0.950903 -0.017991 -0.308966
vn 0.808886 -0.017991 -0.587690
vn 0.809017 0.000000 -0.587785
vn 0.951057 0.000000 -0.309016
vn 0.587690 -0.017991 -0.808886
vn 0.587785 0.000000 -0.809017
vn 0.308966 -0.017991 -0.950903
vn 0.309016 0.000000 -0.951057
vn 0.000000 -0.017991 -0.999838
vn 0.000000 0.000000 -1.000000
vn -0.308966 -0.017991 -0.950903
vn -0.309016 0.000000 -0.951057
vn -0.587690 -0.017991 -0.808886
vn -0.587785 0.000000 -0.809017
vn -0.808886 -0.017991 -0.587690
vn -0.809017 0.000000 -0.587785
vn -0.950903 -0.017991 -0.308967
vn -0.951057 0.000000 -0.309017
vn -0.999838 -0.017991 -0.000000
vn -1.000000 0.000000 0.000000
vn -0.950903 -0.017991 0.308967
vn -0.951057 0.000000 0.309017
vn -0.808886 -0.017991 0.587691
vn -0.809017 0.000000 0.587786
vn -0.587689 -0.017991 0.808887
vn -0.587784 0.000000 0.809018
vn -0.308967 -0.017991 0.950903
vn -0.309017 0.000000 0.951056
vn -0.000000 -0.017991 0.999838
vn 0.000000 0.000000 1.000000
vn 0.308967 -0.017991 0.950902
vn 0.309017 0.000000 0.951056
vn 0.587689 -0.017991 0.808887
vn 0.587784 0.000000 0.809018
vn 0.808886 -0.017991 0.587691
vn 0.809017 0.000000 0.587786
vn 0.950903 -0.017991 0.308967
vn 0.951057 0.000000 0.309017
vn 0.999838 -0.017991 0.000001
vn 1.000000 0.000000 0.000001
vn 0.000000 -1.000000 0.000000
vn 0.000000 -1.000000 0.000000
vn 0.000000 -1.000000 0.000000
vn 0.000000 -1.000000 -0.000000
vn 0.000000 -1.000000 -0.000000
vn 0.000000 -1.000000 0.000000
vn 0.000000 -1.000000 0.000000
vn 0.000000 -1.000000 0.000000
vn 0.000000 -1.000000 0.000000
vn 0.000000 -1.000000 0.000000
vn 0.000000 -1.000000 0.000000
vn 0.000000 -1.000000 0.000000
vn 0.000000 -1.000000 0.000000
vn 0.000000 -1.000000 0.000000
vn 0.000000 -1.000000 -0.000000
vn 0.000000 -1.000000 0.000000
vn 0.000000 -1.000000 0.000000
vn 0.000000 -1.000000 0.000000
vn 0.000000 -1.000000 0.000000
vn 0.000000 -1.000000 0.000000
vn 0.000000 -1.000000 0.000000
vn -0.000031 1.000000 0.000056
vn -0.000026 1.000000 0.000056
vn -0.000000 1.000000 0.000003
vn -0.000019 1.000000 0.000000
vn -0.000010 1.000000 0.000028
vn 0.000000 1.000000 0.000056
vn 0.000010 1.000000 0.000042
vn 0.000019 1.000000 0.000014
vn 0.000026 1.000000 0.000056
vn 0.000031 1.000000 0.000056
vn 0.000033 1.000000 0.000000
vn 0.000031 1.000000 -0.000056
vn 0.000026 1.000000 -0.000056
vn 0.000019 1.000000 0.000000
vn 0.000010 1.000000 -0.000014
vn -0.000000 1.000000 -0.000035
vn -0.000010 1.000000 -0.000021
vn -0.000019 1.000000 0.000000
vn -0.000026 1.000000 -0.000056
vn -0.000031 1.000000 -0.000056
vn -0.000033 1.000000 0.000000
vn 0.916616 0.399769 0.000001
vn 0.871754 0.399769 -0.283249
vn 0.929301 0.212669 -0.301948
vn 0.977124 0.212671 0.000000
vn 0.871754 0.399769 0.283250
vn 0.929300 0.212669 0.301948
vn 0.741560 0.399768 0.538771
vn 0.790515 0.212670 0.574333
vn 0.538772 0.399767 0.741560
vn 0.574333 0.212670 0.790514
vn 0.283250 0.399768 0.871754
vn 0.301948 0.212669 0.929300
vn -0.000000 0.399769 0.916616
vn 0.000000 0.212671 0.977124
vn -0.283249 0.399768 0.871754
vn -0.301948 0.212669 0.929301
vn -0.538772 0.399767 0.741560
vn -0.574333 0.212670 0.790515
vn -0.741560 0.399768 0.538771
vn -0.790515 0.212670 0.574333
vn -0.871754 0.399768 0.283250
vn -0.929300 0.212669 0.301948
vn -0.916616 0.399768 0.000000
vn -0.977124 0.212671 0.000000
vn -0.871754 0.399768 -0.283250
vn -0.929301 0.212669 -0.301948
vn -0.741561 0.399768 -0.538770
vn -0.790515 0.212670 -0.574332
vn -0.538771 0.399768 -0.741560
vn -0.574332 0.212670 -0.790515
vn -0.283251 0.399768 -0.871754
vn -0.301948 0.212669 -0.929301
vn 0.000000 0.399769 -0.916616
vn 0.000000 0.212671 -0.977124
vn 0.283251 0.399768 -0.871754
vn 0.301948 0.212669 -0.929300
vn 0.538771 0.399768 -0.741560
vn 0.574333 0.212670 -0.790514
vn 0.741560 0.399768 -0.538770
vn 0.790515 0.212670 -0.574332
vn 0.808135 0.046882 -0.587129
vn 0.950011 0.046881 -0.308677
vn 0.587130 0.046882 -0.808134
vn 0.308676 0.046882 -0.950011
vn 0.000000 0.046882 -0.998900
vn -0.308676 0.046882 -0.950011
vn -0.587129 0.046882 -0.808135
vn -0.808135 0.046882 -0.587129
vn -0.950011 0.046881 -0.308677
vn -0.998900 0.046882 -0.000000
vn -0.950011 0.046881 0.308678
vn -0.808134 0.046882 0.587130
vn -0.587130 0.046882 0.808134
vn -0.308678 0.046881 0.950011
vn 0.000000 0.046882 0.998900
vn 0.308678 0.046881 0.950011
vn 0.587130 0.046882 0.808134
vn 0.808134 0.046882 0.587130
vn 0.950011 0.046881 0.308678
vn 0.998900 0.046882 -0.000000
vn 0.000000 1.000000 0.000002
vn 0.000000 1.000000 -0.000007
vn 0.000000 1.000000 -0.000007
vn 0.000000 1.000000 0.000002
vn 0.000000 1.000000 -0.000006
vn 0.000000 1.000000 -0.000006
vn 0.000000 1.000000 -0.000003
vn 0.000000 1.000000 -0.000003
vn 0.000000 1.000000 -0.000001
vn 0.000000 1.000000 -0.000001
vn 0.000000 1.000000 0.000005
vn 0.000000 1.000000 0.000005
vn 0.000000 1.000000 0.000001
vn 0.000000 1.000000 0.000001
vn 0.000000 1.000000 -0.000003
vn 0.000000 1.000000 -0.000003
vn 0.000000 1.000000 0.000002
vn 0.000000 1.000000 0.000002
vn 0.000000 1.000000 -0.000002
vn 0.000000 1.000000 -0.000002
vn 0.000000 1.000000 -0.000002
vn 0.000000 1.000000 -0.000002
vn 0.000000 1.000000 0.000007
vn 0.000000 1.000000 0.000007
vn 0.000000 1.000000 0.000001
vn 0.000000 1.000000 0.000001
vn 0.000000 1.000000 -0.000004
vn 0.000000 1.000000 -0.000004
vn 0.000000 1.000000 0.000002
vn 0.000000 1.000000 0.000002
vn 0.000000 1.000000 -0.000002
vn 0.000000 1.000000 -0.000002
vn 0.000000 1.000000 -0.000001
vn 0.000000 1.000000 -0.000001
vn 0.000000 1.000000 0.000003
vn 0.000000 1.000000 0.000003
vn 0.000000 1.000000 -0.000002
vn 0.000000 1.000000 -0.000002
vn 0.000000 1.000000 0.000002
vn 0.000000 1.000000 0.000002
vn 0.950589 0.031354 -0.308866
vn 0.808626 0.031354 -0.587487
vn 0.807550 0.060322 -0.586706
vn 0.949324 0.060321 -0.308455
vn 0.587489 0.031354 -0.808625
vn 0.586708 0.060322 -0.807549
vn 0.308868 0.031354 -0.950588
vn 0.308458 0.060321 -0.949324
vn -0.000000 0.031354 -0.999508
vn -0.000000 0.060322 -0.998179
vn -0.308868 0.031354 -0.950588
vn -0.308458 0.060321 -0.949324
vn -0.587488 0.031354 -0.808626
vn -0.586705 0.060322 -0.807551
vn -0.808626 0.031354 -0.587487
vn -0.807549 0.060321 -0.586707
vn -0.950589 0.031354 -0.308866
vn -0.949325 0.060321 -0.308454
vn -0.999508 0.031354 0.000000
vn -0.998179 0.060322 0.000000
vn -0.950589 0.031354 0.308866
vn -0.949325 0.060321 0.308455
vn -0.808625 0.031354 0.587488
vn -0.807549 0.060321 0.586708
vn -0.587486 0.031354 0.808627
vn -0.586704 0.060321 0.807552
vn -0.308870 0.031354 0.950588
vn -0.308458 0.060321 0.949323
vn 0.000000 0.031354 0.999508
vn -0.000001 0.060322 0.998179
vn 0.308870 0.031354 0.950587
vn 0.308458 0.060321 0.949323
vn 0.587486 0.031354 0.808626
vn 0.586706 0.060321 0.807550
vn 0.808625 0.031354 0.587488
vn 0.807549 0.060322 0.586707
vn 0.950589 0.031354 0.308866
vn 0.949324 0.060321 0.308455
vn 0.999508 0.031354 0.000000
vn 0.998179 0.060322 0.000000
vn 0.791332 0.207981 -0.574923
vn 0.930259 0.207980 -0.302261
vn 0.574925 0.207981 -0.791331
vn 0.302265 0.207980 -0.930258
vn -0.000002 0.207981 -0.978133
vn -0.302265 0.207980 -0.930258
vn -0.574917 0.207981 -0.791337
vn -0.791328 0.207980 -0.574930
vn -0.930260 0.207980 -0.302259
vn -0.978133 0.207981 0.000000
vn -0.930261 0.207980 0.302258
vn -0.791328 0.207980 0.574930
vn -0.574916 0.207980 0.791339
vn -0.302262 0.207980 0.930259
vn -0.000005 0.207981 0.978133
vn 0.302260 0.207980 0.930260
vn 0.574927 0.207981 0.791330
vn 0.791332 0.207982 0.574924
vn 0.930260 0.207980 0.302261
vn 0.978133 0.207981 0.000000
vn 0.756813 0.353418 -0.549845
vn 0.889681 0.353415 -0.289077
vn 0.549847 0.353418 -0.756811
vn 0.289082 0.353416 -0.889679
vn -0.000004 0.353419 -0.935465
vn -0.289079 0.353415 -0.889680
vn -0.549835 0.353417 -0.756821
vn -0.756808 0.353420 -0.549851
vn -0.889682 0.353416 -0.289071
vn -0.935466 0.353416 -0.000000
vn -0.889683 0.353416 0.289071
vn -0.756806 0.353420 0.549853
vn -0.549830 0.353417 0.756825
vn -0.289075 0.353414 0.889682
vn -0.000011 0.353418 0.935466
vn 0.289075 0.353415 0.889682
vn 0.549851 0.353418 0.756809
vn 0.756815 0.353419 0.549842
vn 0.889681 0.353415 0.289077
vn 0.935465 0.353418 -0.000000
vn 0.738978 0.407014 -0.536890
vn 0.868717 0.407010 -0.282266
vn 0.536888 0.407016 -0.738978
vn 0.282272 0.407015 -0.868712
vn 0.000001 0.407018 -0.913420
vn -0.282261 0.407014 -0.868716
vn -0.536880 0.407016 -0.738984
vn -0.738978 0.407020 -0.536885
vn -0.868717 0.407014 -0.282260
vn -0.913422 0.407014 0.000000
vn -0.868716 0.407014 0.282263
vn -0.738967 0.407021 0.536900
vn -0.536872 0.407018 0.738990
vn -0.282263 0.407013 0.868717
vn -0.000013 0.407016 0.913421
vn 0.282261 0.407012 0.868717
vn 0.536897 0.407014 0.738973
vn 0.738979 0.407017 0.536887
vn 0.868715 0.407012 0.282268
vn 0.913421 0.407016 0.000000
vn 0.842002 -0.464957 -0.273582
vn 0.716249 -0.464957 -0.520386
vn 0.520386 -0.464957 -0.716250
vn 0.273583 -0.464957 -0.842002
vn -0.000000 -0.464957 -0.885333
vn -0.273583 -0.464957 -0.842002
vn -0.520387 -0.464957 -0.716249
vn -0.716249 -0.464957 -0.520386
vn -0.842002 -0.464957 -0.273583
vn -0.885334 -0.464956 -0.000000
vn -0.842002 -0.464957 0.273583
vn -0.716249 -0.464957 0.520386
vn -0.520387 -0.464957 0.716249
vn -0.273584 -0.464956 0.842002
vn -0.000000 -0.464956 0.885334
vn 0.273584 -0.464956 0.842002
vn 0.520387 -0.464957 0.716249
vn 0.716249 -0.464957 0.520386
vn 0.842002 -0.464958 0.273583
vn 0.885334 -0.464957 0.000001
vn 0.525640 0.760167 -0.381900
vn 0.617927 0.760168 -0.200776
vn 0.617927 0.760168 -0.200776
vn 0.525640 0.760168 -0.381900
vn 0.381900 0.760168 -0.525641
vn 0.381900 0.760167 -0.525640
vn 0.200776 0.760167 -0.617928
vn 0.200776 0.760167 -0.617928
vn -0.000000 0.760167 -0.649728
vn 0.000000 0.760167 -0.649728
vn -0.200776 0.760167 -0.617928
vn -0.200776 0.760167 -0.617928
vn -0.381900 0.760167 -0.525641
vn -0.381900 0.760167 -0.525641
vn -0.525641 0.760167 -0.381901
vn -0.525641 0.760167 -0.381900
vn -0.617928 0.760167 -0.200777
vn -0.617928 0.760167 -0.200777
vn -0.649727 0.760167 0.000000
vn -0.649727 0.760167 0.000000
vn -0.617928 0.760167 0.200777
vn -0.617928 0.760167 0.200777
vn -0.525640 0.760167 0.381901
vn -0.525640 0.760167 0.381900
vn -0.381900 0.760167 0.525640
vn -0.381900 0.760167 0.525641
vn -0.200777 0.760167 0.617928
vn -0.200777 0.760167 0.617928
vn 0.000000 0.760166 0.649729
vn 0.000000 0.760166 0.649729
vn 0.200777 0.760167 0.617928
vn 0.200777 0.760167 0.617928
vn 0.381900 0.760167 0.525640
vn 0.381900 0.760167 0.525641
vn 0.525640 0.760167 0.381901
vn 0.525640 0.760167 0.381900
vn 0.617928 0.760167 0.200777
vn 0.617928 0.760167 0.200777
vn 0.649727 0.760167 0.000001
vn 0.649727 0.760167 0.000001
vn 0.809017 0.000000 -0.587785
vn 0.951057 0.000000 -0.309015
vn 0.951057 0.000000 -0.309015
vn 0.809017 0.000000 -0.587785
vn 0.587784 0.000000 -0.809018
vn 0.587784 0.000000 -0.809018
vn 0.309016 0.000000 -0.951057
vn 0.309016 0.000000 -0.951057
vn -0.000000 0.000000 -1.000000
vn -0.000000 0.000000 -1.000000
vn -0.309016 0.000000 -0.951057
vn -0.309016 0.000000 -0.951057
vn -0.587786 0.000000 -0.809016
vn -0.587786 0.000000 -0.809016
vn -0.809017 0.000000 -0.587785
vn -0.809017 0.000000 -0.587785
vn -0.951057 0.000000 -0.309017
vn -0.951057 0.000000 -0.309017
vn -1.000000 0.000000 -0.000000
vn -1.000000 0.000000 -0.000000
vn -0.951056 0.000000 0.309017
vn -0.951056 0.000000 0.309017
vn -0.809017 0.000000 0.587785
vn -0.809017 0.000000 0.587785
vn -0.587785 0.000000 0.809017
vn -0.587785 0.000000 0.809017
vn -0.309016 0.000000 0.951057
vn -0.309016 0.000000 0.951057
vn 0.000000 0.000000 1.000000
vn 0.000000 0.000000 1.000000
vn 0.309016 0.000000 0.951057
vn 0.309016 0.000000 0.951057
vn 0.587785 0.000000 0.809017
vn 0.587785 0.000000 0.809017
vn 0.809017 0.000000 0.587785
vn 0.809017 0.000000 0.587785
vn 0.951056 0.000000 0.309017
vn 0.951056 0.000000 0.309017
vn 1.000000 0.000000 0.000001
vn 1.000000 0.000000 0.000001
vn -0.697451 0.000000 0.716632
vn -0.697454 0.000000 0.716629
vn -0.697454 0.000000 0.716630
vn -0.697451 0.000000 0.716633
vn 0.000000 1.000000 0.000000
vn 0.000000 1.000000 0.000000
vn 0.000000 1.000000 0.000000
vn 0.000000 1.000000 0.000000
vn -0.697455 0.000000 -0.716629
vn -0.697454 0.000000 -0.716630
vn -0.697454 0.000000 -0.716629
vn -0.697454 0.000000 -0.716630
vn 0.000000 -1.000000 0.000000
vn 0.000000 -1.000000 0.000000
vn 0.000000 -1.000000 0.000000
vn 0.000000 -1.000000 0.000000
vn 1.000000 0.000000 0.000000
vn 1.000000 0.000000 0.000000
vn 1.000000 0.000000 0.000000
vn 1.000000 0.000000 0.000000
vn -1.000000 0.000000 0.000000
vn -1.000000 0.000000 0.000000
vn -1.000000 0.000000 0.000000
vn -1.000000 0.000000 0.000000
vn 0.663841 0.000000 0.747873
vn 0.663842 0.000000 0.747873
vn 0.743661 0.000000 0.668556
vn 0.743661 0.000000 0.668557
vn 0.000000 1.000000 0.000000
vn 0.000000 1.000000 0.000000
vn 0.000000 1.000000 0.000000
vn 0.000000 1.000000 0.000000
vn 0.663841 0.000000 -0.747874
vn 0.663841 0.000000 -0.747874
vn 0.743661 0.000000 -0.668556
vn 0.743661 0.000000 -0.668556
vn 0.000000 -1.000000 0.000000
vn 0.000000 -1.000000 0.000000
vn 0.000000 -1.000000 0.000000
vn 0.000000 -1.000000 0.000000
vn -0.605045 0.000000 0.796191
vn -0.605045 0.000000 0.796191
vn -0.168758 0.000000 0.985658
vn -0.168758 0.000000 0.985658
vn 0.000000 1.000000 0.000000
vn 0.000000 1.000000 0.000000
vn 0.000000 1.000000 0.000000
vn 0.000000 1.000000 0.000000
vn -0.548341 0.000000 -0.836255
vn -0.605044 0.000000 -0.796192
vn -0.168757 0.000000 -0.985658
vn -0.231354 0.000000 -0.972870
vn 0.000000 -1.000000 0.000000
vn 0.000000 -1.000000 0.000000
vn 0.000000 -1.000000 0.000000
vn 0.000000 -1.000000 0.000000
vn 0.180827 0.000000 0.983515
vn 0.180826 0.000000 0.983515
vn 0.000000 1.000000 0.000000
vn 0.000000 1.000000 0.000000
vn 0.180825 0.000000 -0.983515
vn 0.180825 0.000000 -0.983515
vn 0.000000 -1.000000 0.000000
vn 0.000000 -1.000000 0.000000
vn -1.000000 0.000000 0.000000
vn -1.000000 0.000000 0.000000
vn -1.000000 0.000000 0.000000
vn -1.000000 0.000000 0.000000
vn 0.000000 -1.000000 0.000000
vn 0.000000 -1.000000 0.000000
vn 0.000000 -1.000000 0.000000
vn 0.000000 -1.000000 0.000000
vn 0.000000 -1.000000 0.000000
vn 0.000000 -1.000000 0.000000
vn 0.000000 -1.000000 0.000000
vn 0.000000 -1.000000 0.000000
vn 0.000000 -1.000000 0.000000
vn 0.000000 -1.000000 0.000000
vn 0.000000 -1.000000 0.000000
vn 0.000000 -1.000000 0.000000
vn 0.000000 -1.000000 0.000000
vn 0.000000 -1.000000 0.000000
vn 0.000000 -1.000000 0.000000
vn 0.000000 -1.000000 0.000000
vn 1.000000 0.000000 0.000000
vn 1.000000 0.000000 0.000000
vn 1.000000 0.000000 0.000000
vn 1.000000 0.000000 0.000000
vn 0.000000 1.000000 0.000000
vn 0.000000 1.000000 0.000000
vn 0.000000 1.000000 0.000000
vn 0.000000 1.000000 0.000000
vn 0.000000 1.000000 0.000000
vn 0.000000 1.000000 0.000000
vn 0.000000 1.000000 0.000000
vn 0.000000 1.000000 0.000000
vn 0.000000 1.000000 0.000000
vn 0.000000 1.000000 0.000000
vn 0.000000 1.000000 0.000000
vn 0.000000 1.000000 0.000000
vn 0.000000 1.000000 0.000000
vn 0.000000 1.000000 0.000000
vn 0.000000 -1.000000 0.000000
vn 0.000000 1.000000 0.000000
vn 0.000000 1.000000 0.000000
vn 0.000000 1.000000 0.000000
vn 0.000000 1.000000 0.000000
vn 0.000000 1.000000 0.000000
vn 0.000000 1.000000 0.000000
vn 0.000000 1.000000 0.000000
vn 0.000000 1.000000 0.000000
vn 0.000000 1.000000 0.000000
vn 0.000000 1.000000 0.000000
vn 0.000000 1.000000 0.000000
vn 0.000000 1.000000 0.000000
vn 0.000000 -1.000000 0.000000
vn 0.743662 0.000000 0.668555
vn 0.743661 0.000000 0.668557
vn 0.000000 1.000000 0.000000
vn 0.000000 1.000000 0.000000
vn 0.000000 1.000000 0.000000
vn 0.000000 1.000000 0.000000
vn 0.743663 0.000000 -0.668555
vn 0.743662 0.000000 -0.668555
vn 0.000000 -1.000000 0.000000
vn 0.000000 -1.000000 0.000000
vn 0.000000 -1.000000 0.000000
vn 0.000000 -1.000000 0.000000
vn -0.697454 0.000000 0.716630
vn -0.697450 0.000000 0.716633
vn -1.000000 0.000000 0.000000
vn -1.000000 0.000000 0.000000
vn -0.735513 0.000000 -0.677511
vn -0.654776 0.000000 -0.755823
vn -0.654776 0.000000 -0.755823
vn -0.735513 0.000000 -0.677511
vn 0.743661 0.000000 0.668557
vn 0.663842 0.000000 0.747873
vn 0.164813 0.000000 -0.986325
vn 0.595705 0.000000 -0.803204
vn 0.595705 0.000000 -0.803204
vn 0.164813 0.000000 -0.986325
vn -0.168757 0.000000 0.985658
vn -0.605045 0.000000 0.796192
vn -0.176617 0.000000 -0.984280
vn -0.176617 0.000000 -0.984280
vn 0.180826 0.000000 0.983515
vn -0.657021 0.000000 0.753872
vn -0.737536 0.000000 0.675308
vn -0.737536 0.000000 0.675308
vn -0.657021 0.000000 0.753872
vn 0.663841 0.000000 -0.747874
vn 0.743661 0.000000 -0.668557
vn -0.177651 0.000000 0.984094
vn -0.177651 0.000000 0.984094
vn 0.180826 0.000000 -0.983515
vn 0.165781 0.000000 0.986163
vn 0.165781 0.000000 0.986163
vn -0.168757 0.000000 -0.985658
vn 0.598012 0.000000 0.801487
vn 0.598012 0.000000 0.801487
vn -0.605044 0.000000 -0.796192
vn -0.697455 0.000000 -0.716628
vn -0.697454 0.000000 -0.716630
vn -1.000000 0.000000 0.000000
vn -1.000000 0.000000 0.000000
vn 1.000000 0.000000 0.000000
vn 1.000000 0.000000 0.000000
vn 1.000000 0.000000 0.000000
vn 1.000000 0.000000 0.000000
vn 0.688694 0.000000 -0.725052
vn 0.688694 0.000000 -0.725052
vn 0.690864 0.000000 0.722984
vn 0.690864 0.000000 0.722984
vn 0.743660 0.000000 0.668558
vn 1.000000 0.000000 0.000000
vn 1.000000 0.000000 0.000000
vn -1.000000 0.000000 0.000000
vn -1.000000 0.000000 0.000000
vn -1.000000 0.000000 0.000000
vn -1.000000 0.000000 0.000000
vn 1.000000 0.000000 0.000000
vn 1.000000 0.000000 0.000000
vn 0.743663 0.000000 -0.668555
vn 0.348143 0.000000 0.937441
vn 0.348143 0.000000 0.937441
vn 0.348143 0.000000 0.937441
vn 0.348143 0.000000 0.937441
vn -1.000000 0.000000 0.000000
vn -1.000000 0.000000 0.000000
vn -1.000000 0.000000 0.000000
vn -1.000000 0.000000 0.000000
vn -0.353782 0.000000 -0.935328
vn -0.353782 0.000000 -0.935328
vn 1.000000 0.000000 0.000000
vn 1.000000 0.000000 0.000000
vn 1.000000 0.000000 0.000000
vn 1.000000 0.000000 0.000000
vn 0.950903 -0.017991 -0.308966
vn 0.808886 -0.017991 -0.587690
vn 0.809017 0.000000 -0.587785
vn 0.951057 0.000000 -0.309016
vn 0.587690 -0.017991 -0.808886
vn 0.587785 0.000000 -0.809017
vn 0.308967 -0.017991 -0.950903
vn 0.309017 0.000000 -0.951056
vn -0.000002 -0.017991 -0.999838
vn -0.000002 0.000000 -1.000000
vn -0.308967 -0.017991 -0.950903
vn -0.309017 0.000000 -0.951056
vn -0.587689 -0.017991 -0.808887
vn -0.587784 0.000000 -0.809018
vn -0.808886 -0.017991 -0.587690
vn -0.809017 0.000000 -0.587785
vn -0.950903 -0.017991 -0.308967
vn -0.951057 0.000000 -0.309017
vn -0.999838 -0.017991 -0.000000
vn -1.000000 0.000000 0.000000
vn -0.950903 -0.017991 0.308967
vn -0.951057 0.000000 0.309017
vn -0.808886 -0.017991 0.587690
vn -0.809017 0.000000 0.587785
vn -0.587689 -0.017991 0.808887
vn -0.587785 0.000000 0.809018
vn -0.308967 -0.017991 0.950903
vn -0.309016 0.000000 0.951057
vn -0.000000 -0.017991 0.999838
vn 0.000000 0.000000 1.000000
vn 0.308967 -0.017991 0.950903
vn 0.309017 0.000000 0.951057
vn 0.587689 -0.017991 0.808887
vn 0.587785 0.000000 0.809017
vn 0.808886 -0.017991 0.587690
vn 0.809017 0.000000 0.587785
vn 0.950903 -0.017991 0.308967
vn 0.951057 0.000000 0.309017
vn 0.999838 -0.017991 0.000001
vn 1.000000 0.000000 0.000001
vn 0.000000 -1.000000 0.000000
vn 0.000000 -1.000000 0.000000
vn 0.000000 -1.000000 0.000000
vn 0.000000 -1.000000 -0.000000
vn 0.000000 -1.000000 -0.000000
vn 0.000000 -1.000000 0.000000
vn 0.000000 -1.000000 0.000000
vn 0.000000 -1.000000 0.000000
vn 0.000000 -1.000000 0.000000
vn 0.000000 -1.000000 0.000000
vn 0.000000 -1.000000 0.000000
vn 0.000000 -1.000000 0.000000
vn 0.000000 -1.000000 0.000000
vn 0.000000 -1.000000 0.000000
vn 0.000000 -1.000000 -0.000000
vn 0.000000 -1.000000 0.000000
vn 0.000000 -1.000000 0.000000
vn 0.000000 -1.000000 0.000000
vn 0.000000 -1.000000 0.000000
vn 0.000000 -1.000000 0.000000
vn 0.000000 -1.000000 0.000000
vn -0.000031 1.000000 0.000056
vn -0.000026 1.000000 0.000056
vn -0.000000 1.000000 0.000003
vn -0.000019 1.000000 0.000000
vn -0.000010 1.000000 0.000028
vn -0.000000 1.000000 0.000056
vn 0.000010 1.000000 0.000042
vn 0.000019 1.000000 0.000014
vn 0.000026 1.000000 0.000056
vn 0.000031 1.000000 0.000056
vn 0.000033 1.000000 0.000000
vn 0.000031 1.000000 -0.000056
vn 0.000026 1.000000 -0.000056
vn 0.000019 1.000000 0.000000
vn 0.000010 1.000000 -0.000014
vn 0.000000 1.000000 -0.000035
vn -0.000010 1.000000 -0.000021
vn -0.000019 1.000000 0.000000
vn -0.000026 1.000000 -0.000056
vn -0.000031 1.000000 -0.000056
vn -0.000033 1.000000 0.000000
vn 0.916616 0.399770 0.000001
vn 0.871754 0.399768 -0.283249
vn 0.929300 0.212669 -0.301948
vn 0.977124 0.212672 0.000000
vn 0.871754 0.399768 0.283249
vn 0.929300 0.212669 0.301948
vn 0.741561 0.399768 0.538770
vn 0.790515 0.212670 0.574332
vn 0.538770 0.399768 0.741561
vn 0.574332 0.212670 0.790515
vn 0.283251 0.399768 0.871754
vn 0.301949 0.212669 0.929300
vn 0.000000 0.399769 0.916616
vn 0.000000 0.212671 0.977124
vn -0.283251 0.399767 0.871754
vn -0.301948 0.212669 0.929300
vn -0.538770 0.399767 0.741561
vn -0.574332 0.212670 0.790515
vn -0.741561 0.399768 0.538770
vn -0.790514 0.212670 0.574333
vn -0.871754 0.399768 0.283249
vn -0.929301 0.212669 0.301948
vn -0.916616 0.399770 -0.000000
vn -0.977124 0.212671 -0.000000
vn -0.871754 0.399768 -0.283249
vn -0.929300 0.212669 -0.301948
vn -0.741562 0.399767 -0.538769
vn -0.790515 0.212670 -0.574332
vn -0.538769 0.399768 -0.741561
vn -0.574332 0.212670 -0.790515
vn -0.283250 0.399768 -0.871754
vn -0.301949 0.212669 -0.929300
vn -0.000002 0.399769 -0.916616
vn -0.000001 0.212671 -0.977124
vn 0.283249 0.399768 -0.871754
vn 0.301949 0.212669 -0.929300
vn 0.538771 0.399768 -0.741560
vn 0.574334 0.212670 -0.790514
vn 0.741561 0.399768 -0.538770
vn 0.790515 0.212670 -0.574332
vn 0.808134 0.046882 -0.587130
vn 0.950011 0.046882 -0.308678
vn 0.587132 0.046882 -0.808133
vn 0.308680 0.046882 -0.950010
vn -0.000000 0.046882 -0.998901
vn -0.308679 0.046882 -0.950010
vn -0.587130 0.046882 -0.808134
vn -0.808134 0.046882 -0.587130
vn -0.950011 0.046882 -0.308678
vn -0.998900 0.046882 -0.000000
vn -0.950011 0.046881 0.308678
vn -0.808133 0.046882 0.587132
vn -0.587130 0.046882 0.808134
vn -0.308678 0.046882 0.950011
vn 0.000000 0.046882 0.998901
vn 0.308678 0.046882 0.950011
vn 0.587130 0.046882 0.808134
vn 0.808134 0.046882 0.587130
vn 0.950011 0.046882 0.308677
vn 0.998900 0.046882 0.000000
vn 0.000000 1.000000 0.000002
vn 0.000000 1.000000 -0.000007
vn 0.000000 1.000000 -0.000007
vn 0.000000 1.000000 0.000002
vn 0.000000 1.000000 -0.000006
vn 0.000000 1.000000 -0.000006
vn 0.000000 1.000000 -0.000003
vn 0.000000 1.000000 -0.000003
vn 0.000000 1.000000 -0.000001
vn 0.000000 1.000000 -0.000001
vn 0.000000 1.000000 0.000005
vn 0.000000 1.000000 0.000005
vn 0.000000 1.000000 0.000001
vn 0.000000 1.000000 0.000001
vn 0.000000 1.000000 -0.000003
vn 0.000000 1.000000 -0.000003
vn 0.000000 1.000000 0.000002
vn 0.000000 1.000000 0.000002
vn 0.000000 1.000000 -0.000002
vn 0.000000 1.000000 -0.000002
vn 0.000000 1.000000 -0.000002
vn 0.000000 1.000000 -0.000002
vn 0.000000 1.000000 0.000007
vn 0.000000 1.000000 0.000007
vn 0.000000 1.000000 0.000001
vn 0.000000 1.000000 0.000001
vn 0.000000 1.000000 -0.000004
vn 0.000000 1.000000 -0.000004
vn 0.000000 1.000000 0.000002
vn 0.000000 1.000000 0.000002
vn 0.000000 1.000000 -0.000002
vn 0.000000 1.000000 -0.000002
vn 0.000000 1.000000 -0.000001
vn 0.000000 1.000000 -0.000001
vn 0.000000 1.000000 0.000003
vn 0.000000 1.000000 0.000003
vn 0.000000 1.000000 -0.000002
vn 0.000000 1.000000 -0.000002
vn 0.000000 1.000000 0.000002
vn 0.000000 1.000000 0.000002
vn 0.950589 0.031354 -0.308866
vn 0.808626 0.031354 -0.587486
vn 0.807551 0.060322 -0.586705
vn 0.949324 0.060321 -0.308455
vn 0.587488 0.031354 -0.808626
vn 0.586707 0.060322 -0.807549
vn 0.308865 0.031354 -0.950589
vn 0.308455 0.060321 -0.949325
vn -0.000000 0.031354 -0.999508
vn -0.000000 0.060322 -0.998179
vn -0.308865 0.031354 -0.950589
vn -0.308456 0.060321 -0.949324
vn -0.587486 0.031354 -0.808626
vn -0.586705 0.060322 -0.807551
vn -0.808626 0.031354 -0.587486
vn -0.807550 0.060321 -0.586707
vn -0.950589 0.031354 -0.308866
vn -0.949324 0.060321 -0.308455
vn -0.999508 0.031354 0.000000
vn -0.998179 0.060322 0.000000
vn -0.950589 0.031354 0.308866
vn -0.949325 0.060321 0.308455
vn -0.808625 0.031354 0.587488
vn -0.807549 0.060321 0.586707
vn -0.587489 0.031354 0.808625
vn -0.586706 0.060321 0.807550
vn -0.308865 0.031354 0.950589
vn -0.308454 0.060321 0.949325
vn 0.000000 0.031354 0.999508
vn -0.000001 0.060322 0.998179
vn 0.308865 0.031354 0.950589
vn 0.308454 0.060321 0.949325
vn 0.587489 0.031354 0.808625
vn 0.586708 0.060321 0.807549
vn 0.808625 0.031354 0.587488
vn 0.807550 0.060321 0.586706
vn 0.950589 0.031354 0.308866
vn 0.949324 0.060321 0.308455
vn 0.999508 0.031354 0.000000
vn 0.998179 0.060322 0.000000
vn 0.791332 0.207981 -0.574923
vn 0.930259 0.207980 -0.302262
vn 0.574928 0.207981 -0.791329
vn 0.302263 0.207980 -0.930259
vn 0.000000 0.207981 -0.978133
vn -0.302266 0.207980 -0.930258
vn -0.574921 0.207980 -0.791334
vn -0.791328 0.207980 -0.574929
vn -0.930260 0.207980 -0.302260
vn -0.978133 0.207982 -0.000000
vn -0.930261 0.207979 0.302257
vn -0.791330 0.207979 0.574928
vn -0.574916 0.207980 0.791339
vn -0.302259 0.207980 0.930260
vn -0.000003 0.207981 0.978133
vn 0.302259 0.207980 0.930260
vn 0.574927 0.207981 0.791330
vn 0.791334 0.207981 0.574922
vn 0.930260 0.207980 0.302261
vn 0.978133 0.207981 0.000000
vn 0.756813 0.353418 -0.549845
vn 0.889680 0.353416 -0.289078
vn 0.549850 0.353418 -0.756810
vn 0.289080 0.353417 -0.889679
vn -0.000000 0.353419 -0.935465
vn -0.289080 0.353415 -0.889680
vn -0.549838 0.353416 -0.756819
vn -0.756811 0.353418 -0.549848
vn -0.889682 0.353417 -0.289072
vn -0.935465 0.353418 -0.000000
vn -0.889683 0.353415 0.289070
vn -0.756809 0.353418 0.549850
vn -0.549829 0.353417 0.756825
vn -0.289074 0.353414 0.889682
vn -0.000007 0.353418 0.935466
vn 0.289073 0.353415 0.889682
vn 0.549851 0.353418 0.756809
vn 0.756818 0.353417 0.549839
vn 0.889681 0.353416 0.289077
vn 0.935466 0.353418 -0.000000
vn 0.738979 0.407014 -0.536890
vn 0.868715 0.407012 -0.282268
vn 0.536888 0.407016 -0.738978
vn 0.282266 0.407016 -0.868714
vn 0.000001 0.407018 -0.913420
vn -0.282267 0.407014 -0.868715
vn -0.536876 0.407018 -0.738987
vn -0.738978 0.407020 -0.536885
vn -0.868717 0.407014 -0.282260
vn -0.913420 0.407018 0.000000
vn -0.868716 0.407014 0.282263
vn -0.738973 0.407018 0.536895
vn -0.536867 0.407019 0.738992
vn -0.282268 0.407012 0.868715
vn -0.000013 0.407016 0.913421
vn 0.282267 0.407012 0.868716
vn 0.536897 0.407014 0.738973
vn 0.738987 0.407012 0.536879
vn 0.868714 0.407014 0.282270
vn 0.913420 0.407019 0.000000
vn 0.842002 -0.464957 -0.273582
vn 0.716250 -0.464957 -0.520386
vn 0.520385 -0.464957 -0.716250
vn 0.273583 -0.464958 -0.842002
vn -0.000003 -0.464957 -0.885333
vn -0.273583 -0.464956 -0.842002
vn -0.520384 -0.464957 -0.716251
vn -0.716250 -0.464957 -0.520386
vn -0.842002 -0.464957 -0.273583
vn -0.885333 -0.464957 -0.000000
vn -0.842002 -0.464956 0.273583
vn -0.716249 -0.464957 0.520386
vn -0.520385 -0.464957 0.716250
vn -0.273584 -0.464956 0.842002
vn 0.000000 -0.464956 0.885334
vn 0.273584 -0.464957 0.842002
vn 0.520385 -0.464958 0.716250
vn 0.716249 -0.464957 0.520386
vn 0.842002 -0.464957 0.273583
vn 0.885333 -0.464957 0.000001
vn 0.525640 0.760168 -0.381900
vn 0.617927 0.760168 -0.200776
vn 0.617927 0.760168 -0.200776
vn 0.525640 0.760167 -0.381900
vn 0.381900 0.760167 -0.525641
vn 0.381900 0.760168 -0.525641
vn 0.200778 0.760167 -0.617927
vn 0.200778 0.760167 -0.617927
vn -0.000000 0.760168 -0.649727
vn 0.000000 0.760168 -0.649727
vn -0.200778 0.760167 -0.617927
vn -0.200778 0.760167 -0.617927
vn -0.381901 0.760167 -0.525641
vn -0.381901 0.760167 -0.525640
vn -0.525641 0.760167 -0.381900
vn -0.525641 0.760167 -0.381900
vn -0.617927 0.760167 -0.200777
vn -0.617927 0.760167 -0.200777
vn -0.649727 0.760167 0.000000
vn -0.649727 0.760167 0.000000
vn -0.617927 0.760168 0.200777
vn -0.617927 0.760168 0.200777
vn -0.525641 0.760167 0.381900
vn -0.525641 0.760167 0.381900
vn -0.381901 0.760167 0.525640
vn -0.381901 0.760167 0.525640
vn -0.200776 0.760167 0.617928
vn -0.200777 0.760167 0.617928
vn 0.000000 0.760167 0.649728
vn 0.000000 0.760167 0.649728
vn 0.200776 0.760168 0.617927
vn 0.200776 0.760168 0.617927
vn 0.381901 0.760167 0.525640
vn 0.381901 0.760167 0.525640
vn 0.525641 0.760167 0.381900
vn 0.525641 0.760167 0.381900
vn 0.617927 0.760168 0.200777
vn 0.617927 0.760168 0.200777
vn 0.649727 0.760168 0.000001
vn 0.649727 0.760167 0.000001
vn 0.809017 0.000000 -0.587786
vn 0.951057 0.000000 -0.309016
vn 0.951057 0.000000 -0.309016
vn 0.809017 0.000000 -0.587786
vn 0.587785 0.000000 -0.809017
vn 0.587785 0.000000 -0.809017
vn 0.309018 0.000000 -0.951056
vn 0.309018 0.000000 -0.951056
vn -0.000000 0.000000 -1.000000
vn -0.000000 0.000000 -1.000000
vn -0.309018 0.000000 -0.951056
vn -0.309018 0.000000 -0.951056
vn -0.587786 0.000000 -0.809016
vn -0.587786 0.000000 -0.809016
vn -0.809017 0.000000 -0.587785
vn -0.809017 0.000000 -0.587785
vn -0.951057 0.000000 -0.309017
vn -0.951057 0.000000 -0.309017
vn -1.000000 0.000000 0.000000
vn -1.000000 0.000000 0.000000
vn -0.951056 0.000000 0.309017
vn -0.951056 0.000000 0.309017
vn -0.809017 0.000000 0.587785
vn -0.809017 0.000000 0.587785
vn -0.587785 0.000000 0.809017
vn -0.587785 0.000000 0.809017
vn -0.309016 0.000000 0.951057
vn -0.309016 0.000000 0.951057
vn 0.000000 0.000000 1.000000
vn 0.000000 0.000000 1.000000
vn 0.309016 0.000000 0.951057
vn 0.309016 0.000000 0.951057
vn 0.587785 0.000000 0.809017
vn 0.587785 0.000000 0.809017
vn 0.809017 0.000000 0.587785
vn 0.809017 0.000000 0.587785
vn 0.951057 0.000000 0.309017
vn 0.951057 0.000000 0.309017
vn 1.000000 0.000000 0.000001
vn 1.000000 0.000000 0.000001
s 1
g pCylinder12
usemtl lambert2SG
f 1/21/1 2/22/2 60/105/3 41/86/4
f 2/22/2 3/23/5 59/104/6 60/105/3
f 3/23/5 4/24/7 58/103/8 59/104/6
f 4/24/7 5/25/9 57/102/10 58/103/8
f 5/25/9 6/26/11 56/101/12 57/102/10
f 6/26/11 7/27/13 55/100/14 56/101/12
f 7/27/13 8/28/15 54/99/16 55/100/14
f 8/28/15 9/29/17 53/98/18 54/99/16
f 9/29/17 10/30/19 52/97/20 53/98/18
f 10/30/19 11/31/21 51/96/22 52/97/20
f 11/31/21 12/32/23 50/95/24 51/96/22
f 12/32/23 13/33/25 49/94/26 50/95/24
f 13/33/25 14/34/27 48/93/28 49/94/26
f 14/34/27 15/35/29 47/92/30 48/93/28
f 15/35/29 16/36/31 46/91/32 47/92/30
f 16/36/31 17/37/33 45/90/34 46/91/32
f 17/37/33 18/38/35 44/89/36 45/90/34
f 18/38/35 19/39/37 43/88/38 44/89/36
f 19/39/37 20/40/39 42/87/40 43/88/38
f 20/40/39 1/41/1 41/85/4 42/87/40
s 2
f 223/266/41 222/267/42 224/83/43
f 225/268/44 223/266/41 224/83/43
f 226/269/45 225/268/44 224/83/43
f 227/270/46 226/269/45 224/83/43
f 228/271/47 227/270/46 224/83/43
f 229/272/48 228/271/47 224/83/43
f 230/273/49 229/272/48 224/83/43
f 231/274/50 230/273/49 224/83/43
f 232/275/51 231/274/50 224/83/43
f 233/276/52 232/275/51 224/83/43
f 234/277/53 233/276/52 224/83/43
f 235/278/54 234/277/53 224/83/43
f 236/279/55 235/278/54 224/83/43
f 237/280/56 236/279/55 224/83/43
f 238/281/57 237/280/56 224/83/43
f 239/282/58 238/281/57 224/83/43
f 240/283/59 239/282/58 224/83/43
f 241/284/60 240/283/59 224/83/43
f 242/285/61 241/284/60 224/83/43
f 222/267/42 242/285/61 224/83/43
s 3
f 161/206/62 162/207/63 163/84/64
f 162/207/63 164/208/65 163/84/64
f 164/208/65 165/209/66 163/84/64
f 165/209/66 166/210/67 163/84/64
f 166/210/67 167/211/68 163/84/64
f 167/211/68 168/212/69 163/84/64
f 168/212/69 169/213/70 163/84/64
f 169/213/70 170/214/71 163/84/64
f 170/214/71 171/215/72 163/84/64
f 171/215/72 172/216/73 163/84/64
f 172/216/73 173/217/74 163/84/64
f 173/217/74 174/218/75 163/84/64
f 174/218/75 175/219/76 163/84/64
f 175/219/76 176/220/77 163/84/64
f 176/220/77 177/221/78 163/84/64
f 177/221/78 178/222/79 163/84/64
f 178/222/79 179/223/80 163/84/64
f 179/223/80 180/224/81 163/84/64
f 180/224/81 181/225/82 163/84/64
f 181/225/82 161/206/62 163/84/64
s 4
f 42/87/83 41/85/84 21/62/85 40/61/86
f 43/88/87 42/87/83 40/61/86 39/60/88
f 44/89/89 43/88/87 39/60/88 38/59/90
f 45/90/91 44/89/89 38/59/90 37/58/92
f 46/91/93 45/90/91 37/58/92 36/57/94
f 47/92/95 46/91/93 36/57/94 35/56/96
f 48/93/97 47/92/95 35/56/96 34/55/98
f 49/94/99 48/93/97 34/55/98 33/54/100
f 50/95/101 49/94/99 33/54/100 32/53/102
f 51/96/103 50/95/101 32/53/102 31/52/104
f 52/97/105 51/96/103 31/52/104 30/51/106
f 53/98/107 52/97/105 30/51/106 29/50/108
f 54/99/109 53/98/107 29/50/108 28/49/110
f 55/100/111 54/99/109 28/49/110 27/48/112
f 56/101/113 55/100/111 27/48/112 26/47/114
f 57/102/115 56/101/113 26/47/114 25/46/116
f 58/103/117 57/102/115 25/46/116 24/45/118
f 59/104/119 58/103/117 24/45/118 23/44/120
f 60/105/121 59/104/119 23/44/120 22/43/122
f 41/86/84 60/105/121 22/43/122 21/42/85
f 21/81/85 22/80/122 62/107/123 61/106/124
f 22/80/122 23/79/120 63/108/125 62/107/123
f 23/79/120 24/78/118 64/109/126 63/108/125
f 24/78/118 25/77/116 65/110/127 64/109/126
f 25/77/116 26/76/114 66/111/128 65/110/127
f 26/76/114 27/75/112 67/112/129 66/111/128
f 27/75/112 28/74/110 68/113/130 67/112/129
f 28/74/110 29/73/108 69/114/131 68/113/130
f 29/73/108 30/72/106 70/115/132 69/114/131
f 30/72/106 31/71/104 71/116/133 70/115/132
f 31/71/104 32/70/102 72/117/134 71/116/133
f 32/70/102 33/69/100 73/118/135 72/117/134
f 33/69/100 34/68/98 74/119/136 73/118/135
f 34/68/98 35/67/96 75/120/137 74/119/136
f 35/67/96 36/66/94 76/121/138 75/120/137
f 36/66/94 37/65/92 77/122/139 76/121/138
f 37/65/92 38/64/90 78/123/140 77/122/139
f 38/64/90 39/63/88 79/124/141 78/123/140
f 39/63/88 40/82/86 80/125/142 79/124/141
f 40/82/86 21/81/85 61/106/124 80/125/142
s 5
f 61/106/143 62/107/144 82/127/145 81/126/146
f 62/107/144 63/108/147 83/128/148 82/127/145
f 63/108/147 64/109/149 84/129/150 83/128/148
f 64/109/149 65/110/151 85/130/152 84/129/150
f 65/110/151 66/111/153 86/131/154 85/130/152
f 66/111/153 67/112/155 87/132/156 86/131/154
f 67/112/155 68/113/157 88/133/158 87/132/156
f 68/113/157 69/114/159 89/134/160 88/133/158
f 69/114/159 70/115/161 90/135/162 89/134/160
f 70/115/161 71/116/163 91/136/164 90/135/162
f 71/116/163 72/117/165 92/137/166 91/136/164
f 72/117/165 73/118/167 93/138/168 92/137/166
f 73/118/167 74/119/169 94/139/170 93/138/168
f 74/119/169 75/120/171 95/140/172 94/139/170
f 75/120/171 76/121/173 96/141/174 95/140/172
f 76/121/173 77/122/175 97/142/176 96/141/174
f 77/122/175 78/123/177 98/143/178 97/142/176
f 78/123/177 79/124/179 99/144/180 98/143/178
f 79/124/179 80/125/181 100/145/182 99/144/180
f 80/125/181 61/106/143 81/126/146 100/145/182
s 6
f 81/126/183 82/127/184 102/147/185 101/146/186
f 82/127/184 83/128/187 103/148/188 102/147/185
f 83/128/187 84/129/189 104/149/190 103/148/188
f 84/129/189 85/130/191 105/150/192 104/149/190
f 85/130/191 86/131/193 106/151/194 105/150/192
f 86/131/193 87/132/195 107/152/196 106/151/194
f 87/132/195 88/133/197 108/153/198 107/152/196
f 88/133/197 89/134/199 109/154/200 108/153/198
f 89/134/199 90/135/201 110/155/202 109/154/200
f 90/135/201 91/136/203 111/156/204 110/155/202
f 91/136/203 92/137/205 112/157/206 111/156/204
f 92/137/205 93/138/207 113/158/208 112/157/206
f 93/138/207 94/139/209 114/159/210 113/158/208
f 94/139/209 95/140/211 115/160/212 114/159/210
f 95/140/211 96/141/213 116/161/214 115/160/212
f 96/141/213 97/142/215 117/162/216 116/161/214
f 97/142/215 98/143/217 118/163/218 117/162/216
f 98/143/217 99/144/219 119/164/220 118/163/218
f 99/144/219 100/145/221 120/165/222 119/164/220
f 100/145/221 81/126/183 101/146/186 120/165/222
f 101/146/186 102/147/185 122/167/223 121/166/224
f 102/147/185 103/148/188 123/168/225 122/167/223
f 103/148/188 104/149/190 124/169/226 123/168/225
f 104/149/190 105/150/192 125/170/227 124/169/226
f 105/150/192 106/151/194 126/171/228 125/170/227
f 106/151/194 107/152/196 127/172/229 126/171/228
f 107/152/196 108/153/198 128/173/230 127/172/229
f 108/153/198 109/154/200 129/174/231 128/173/230
f 109/154/200 110/155/202 130/175/232 129/174/231
f 110/155/202 111/156/204 131/176/233 130/175/232
f 111/156/204 112/157/206 132/177/234 131/176/233
f 112/157/206 113/158/208 133/178/235 132/177/234
f 113/158/208 114/159/210 134/179/236 133/178/235
f 114/159/210 115/160/212 135/180/237 134/179/236
f 115/160/212 116/161/214 136/181/238 135/180/237
f 116/161/214 117/162/216 137/182/239 136/181/238
f 117/162/216 118/163/218 138/183/240 137/182/239
f 118/163/218 119/164/220 139/184/241 138/183/240
f 119/164/220 120/165/222 140/185/242 139/184/241
f 120/165/222 101/146/186 121/166/224 140/185/242
f 121/166/224 122/167/223 142/187/243 141/186/244
f 122/167/223 123/168/225 143/188/245 142/187/243
f 123/168/225 124/169/226 144/189/246 143/188/245
f 124/169/226 125/170/227 145/190/247 144/189/246
f 125/170/227 126/171/228 146/191/248 145/190/247
f 126/171/228 127/172/229 147/192/249 146/191/248
f 127/172/229 128/173/230 148/193/250 147/192/249
f 128/173/230 129/174/231 149/194/251 148/193/250
f 129/174/231 130/175/232 150/195/252 149/194/251
f 130/175/232 131/176/233 151/196/253 150/195/252
f 131/176/233 132/177/234 152/197/254 151/196/253
f 132/177/234 133/178/235 153/198/255 152/197/254
f 133/178/235 134/179/236 154/199/256 153/198/255
f 134/179/236 135/180/237 155/200/257 154/199/256
f 135/180/237 136/181/238 156/201/258 155/200/257
f 136/181/238 137/182/239 157/202/259 156/201/258
f 137/182/239 138/183/240 158/203/260 157/202/259
f 138/183/240 139/184/241 159/204/261 158/203/260
f 139/184/241 140/185/242 160/205/262 159/204/261
f 140/185/242 121/166/224 141/186/244 160/205/262
f 141/186/244 142/187/243 162/207/263 161/206/264
f 142/187/243 143/188/245 164/208/265 162/207/263
f 143/188/245 144/189/246 165/209/266 164/208/265
f 144/189/246 145/190/247 166/210/267 165/209/266
f 145/190/247 146/191/248 167/211/268 166/210/267
f 146/191/248 147/192/249 168/212/269 167/211/268
f 147/192/249 148/193/250 169/213/270 168/212/269
f 148/193/250 149/194/251 170/214/271 169/213/270
f 149/194/251 150/195/252 171/215/272 170/214/271
f 150/195/252 151/196/253 172/216/273 171/215/272
f 151/196/253 152/197/254 173/217/274 172/216/273
f 152/197/254 153/198/255 174/218/275 173/217/274
f 153/198/255 154/199/256 175/219/276 174/218/275
f 154/199/256 155/200/257 176/220/277 175/219/276
f 155/200/257 156/201/258 177/221/278 176/220/277
f 156/201/258 157/202/259 178/222/279 177/221/278
f 157/202/259 158/203/260 179/223/280 178/222/279
f 158/203/260 159/204/261 180/224/281 179/223/280
f 159/204/261 160/205/262 181/225/282 180/224/281
f 160/205/262 141/186/244 161/206/264 181/225/282
s 1
f 2/2/2 1/1/1 182/227/283 183/226/284
f 3/3/5 2/2/2 183/226/284 184/228/285
f 4/4/7 3/3/5 184/228/285 185/229/286
f 5/5/9 4/4/7 185/229/286 186/230/287
f 6/6/11 5/5/9 186/230/287 187/231/288
f 7/7/13 6/6/11 187/231/288 188/232/289
f 8/8/15 7/7/13 188/232/289 189/233/290
f 9/9/17 8/8/15 189/233/290 190/234/291
f 10/10/19 9/9/17 190/234/291 191/235/292
f 11/11/21 10/10/19 191/235/292 192/236/293
f 12/12/23 11/11/21 192/236/293 193/237/294
f 13/13/25 12/12/23 193/237/294 194/238/295
f 14/14/27 13/13/25 194/238/295 195/239/296
f 15/15/29 14/14/27 195/239/296 196/240/297
f 16/16/31 15/15/29 196/240/297 197/241/298
f 17/17/33 16/16/31 197/241/298 198/242/299
f 18/18/35 17/17/33 198/242/299 199/243/300
f 19/19/37 18/18/35 199/243/300 200/244/301
f 20/20/39 19/19/37 200/244/301 201/245/302
f 1/1/1 20/20/39 201/245/302 182/227/283
s 7
f 183/226/303 182/227/304 202/247/305 203/246/306
f 184/228/307 183/226/303 203/246/306 204/248/308
f 185/229/309 184/228/307 204/248/308 205/249/310
f 186/230/311 185/229/309 205/249/310 206/250/312
f 187/231/313 186/230/311 206/250/312 207/251/314
f 188/232/315 187/231/313 207/251/314 208/252/316
f 189/233/317 188/232/315 208/252/316 209/253/318
f 190/234/319 189/233/317 209/253/318 210/254/320
f 191/235/321 190/234/319 210/254/320 211/255/322
f 192/236/323 191/235/321 211/255/322 212/256/324
f 193/237/325 192/236/323 212/256/324 213/257/326
f 194/238/327 193/237/325 213/257/326 214/258/328
f 195/239/329 194/238/327 214/258/328 215/259/330
f 196/240/331 195/239/329 215/259/330 216/260/332
f 197/241/333 196/240/331 216/260/332 217/261/334
f 198/242/335 197/241/333 217/261/334 218/262/336
f 199/243/337 198/242/335 218/262/336 219/263/338
f 200/244/339 199/243/337 219/263/338 220/264/340
f 201/245/341 200/244/339 220/264/340 221/265/342
f 182/227/304 201/245/341 221/265/342 202/247/305
s 8
f 203/246/343 202/247/344 222/267/345 223/266/346
f 204/248/347 203/246/343 223/266/346 225/268/348
f 205/249/349 204/248/347 225/268/348 226/269/350
f 206/250/351 205/249/349 226/269/350 227/270/352
f 207/251/353 206/250/351 227/270/352 228/271/354
f 208/252/355 207/251/353 228/271/354 229/272/356
f 209/253/357 208/252/355 229/272/356 230/273/358
f 210/254/359 209/253/357 230/273/358 231/274/360
f 211/255/361 210/254/359 231/274/360 232/275/362
f 212/256/363 211/255/361 232/275/362 233/276/364
f 213/257/365 212/256/363 233/276/364 234/277/366
f 214/258/367 213/257/365 234/277/366 235/278/368
f 215/259/369 214/258/367 235/278/368 236/279/370
f 216/260/371 215/259/369 236/279/370 237/280/372
f 217/261/373 216/260/371 237/280/372 238/281/374
f 218/262/375 217/261/373 238/281/374 239/282/376
f 219/263/377 218/262/375 239/282/376 240/283/378
f 220/264/379 219/263/377 240/283/378 241/284/380
f 221/265/381 220/264/379 241/284/380 242/285/382
f 202/247/344 221/265/381 242/285/382 222/267/345
s 9
f 243/286/383 244/287/384 302/288/385 283/289/386
f 244/287/384 245/290/387 301/291/388 302/288/385
f 245/290/387 246/292/389 300/293/390 301/291/388
f 246/292/389 247/294/391 299/295/392 300/293/390
f 247/294/391 248/296/393 298/297/394 299/295/392
f 248/296/393 249/298/395 297/299/396 298/297/394
f 249/298/395 250/300/397 296/301/398 297/299/396
f 250/300/397 251/302/399 295/303/400 296/301/398
f 251/302/399 252/304/401 294/305/402 295/303/400
f 252/304/401 253/306/403 293/307/404 294/305/402
f 253/306/403 254/308/405 292/309/406 293/307/404
f 254/308/405 255/310/407 291/311/408 292/309/406
f 255/310/407 256/312/409 290/313/410 291/311/408
f 256/312/409 257/314/411 289/315/412 290/313/410
f 257/314/411 258/316/413 288/317/414 289/315/412
f 258/316/413 259/318/415 287/319/416 288/317/414
f 259/318/415 260/320/417 286/321/418 287/319/416
f 260/320/417 261/322/419 285/323/420 286/321/418
f 261/322/419 262/324/421 284/325/422 285/323/420
f 262/324/421 243/326/383 283/327/386 284/325/422
s 10
f 465/328/423 464/329/424 466/330/425
f 467/331/426 465/328/423 466/330/425
f 468/332/427 467/331/426 466/330/425
f 469/333/428 468/332/427 466/330/425
f 470/334/429 469/333/428 466/330/425
f 471/335/430 470/334/429 466/330/425
f 472/336/431 471/335/430 466/330/425
f 473/337/432 472/336/431 466/330/425
f 474/338/433 473/337/432 466/330/425
f 475/339/434 474/338/433 466/330/425
f 476/340/435 475/339/434 466/330/425
f 477/341/436 476/340/435 466/330/425
f 478/342/437 477/341/436 466/330/425
f 479/343/438 478/342/437 466/330/425
f 480/344/439 479/343/438 466/330/425
f 481/345/440 480/344/439 466/330/425
f 482/346/441 481/345/440 466/330/425
f 483/347/442 482/346/441 466/330/425
f 484/348/443 483/347/442 466/330/425
f 464/329/424 484/348/443 466/330/425
s 11
f 403/349/444 404/350/445 405/351/446
f 404/350/445 406/352/447 405/351/446
f 406/352/447 407/353/448 405/351/446
f 407/353/448 408/354/449 405/351/446
f 408/354/449 409/355/450 405/351/446
f 409/355/450 410/356/451 405/351/446
f 410/356/451 411/357/452 405/351/446
f 411/357/452 412/358/453 405/351/446
f 412/358/453 413/359/454 405/351/446
f 413/359/454 414/360/455 405/351/446
f 414/360/455 415/361/456 405/351/446
f 415/361/456 416/362/457 405/351/446
f 416/362/457 417/363/458 405/351/446
f 417/363/458 418/364/459 405/351/446
f 418/364/459 419/365/460 405/351/446
f 419/365/460 420/366/461 405/351/446
f 420/366/461 421/367/462 405/351/446
f 421/367/462 422/368/463 405/351/446
f 422/368/463 423/369/464 405/351/446
f 423/369/464 403/349/444 405/351/446
s 12
f 284/325/465 283/327/466 263/370/467 282/371/468
f 285/323/469 284/325/465 282/371/468 281/372/470
f 286/321/471 285/323/469 281/372/470 280/373/472
f 287/319/473 286/321/471 280/373/472 279/374/474
f 288/317/475 287/319/473 279/374/474 278/375/476
f 289/315/477 288/317/475 278/375/476 277/376/478
f 290/313/479 289/315/477 277/376/478 276/377/480
f 291/311/481 290/313/479 276/377/480 275/378/482
f 292/309/483 291/311/481 275/378/482 274/379/484
f 293/307/485 292/309/483 274/379/484 273/380/486
f 294/305/487 293/307/485 273/380/486 272/381/488
f 295/303/489 294/305/487 272/381/488 271/382/490
f 296/301/491 295/303/489 271/382/490 270/383/492
f 297/299/493 296/301/491 270/383/492 269/384/494
f 298/297/495 297/299/493 269/384/494 268/385/496
f 299/295/497 298/297/495 268/385/496 267/386/498
f 300/293/499 299/295/497 267/386/498 266/387/500
f 301/291/501 300/293/499 266/387/500 265/388/502
f 302/288/503 301/291/501 265/388/502 264/389/504
f 283/289/466 302/288/503 264/389/504 263/390/467
f 263/391/467 264/392/504 304/393/505 303/394/506
f 264/392/504 265/395/502 305/396/507 304/393/505
f 265/395/502 266/397/500 306/398/508 305/396/507
f 266/397/500 267/399/498 307/400/509 306/398/508
f 267/399/498 268/401/496 308/402/510 307/400/509
f 268/401/496 269/403/494 309/404/511 308/402/510
f 269/403/494 270/405/492 310/406/512 309/404/511
f 270/405/492 271/407/490 311/408/513 310/406/512
f 271/407/490 272/409/488 312/410/514 311/408/513
f 272/409/488 273/411/486 313/412/515 312/410/514
f 273/411/486 274/413/484 314/414/516 313/412/515
f 274/413/484 275/415/482 315/416/517 314/414/516
f 275/415/482 276/417/480 316/418/518 315/416/517
f 276/417/480 277/419/478 317/420/519 316/418/518
f 277/419/478 278/421/476 318/422/520 317/420/519
f 278/421/476 279/423/474 319/424/521 318/422/520
f 279/423/474 280/425/472 320/426/522 319/424/521
f 280/425/472 281/427/470 321/428/523 320/426/522
f 281/427/470 282/429/468 322/430/524 321/428/523
f 282/429/468 263/391/467 303/394/506 322/430/524
s 13
f 303/394/525 304/393/526 324/431/527 323/432/528
f 304/393/526 305/396/529 325/433/530 324/431/527
f 305/396/529 306/398/531 326/434/532 325/433/530
f 306/398/531 307/400/533 327/435/534 326/434/532
f 307/400/533 308/402/535 328/436/536 327/435/534
f 308/402/535 309/404/537 329/437/538 328/436/536
f 309/404/537 310/406/539 330/438/540 329/437/538
f 310/406/539 311/408/541 331/439/542 330/438/540
f 311/408/541 312/410/543 332/440/544 331/439/542
f 312/410/543 313/412/545 333/441/546 332/440/544
f 313/412/545 314/414/547 334/442/548 333/441/546
f 314/414/547 315/416/549 335/443/550 334/442/548
f 315/416/549 316/418/551 336/444/552 335/443/550
f 316/418/551 317/420/553 337/445/554 336/444/552
f 317/420/553 318/422/555 338/446/556 337/445/554
f 318/422/555 319/424/557 339/447/558 338/446/556
f 319/424/557 320/426/559 340/448/560 339/447/558
f 320/426/559 321/428/561 341/449/562 340/448/560
f 321/428/561 322/430/563 342/450/564 341/449/562
f 322/430/563 303/394/525 323/432/528 342/450/564
s 14
f 323/432/565 324/431/566 344/451/567 343/452/568
f 324/431/566 325/433/569 345/453/570 344/451/567
f 325/433/569 326/434/571 346/454/572 345/453/570
f 326/434/571 327/435/573 347/455/574 346/454/572
f 327/435/573 328/436/575 348/456/576 347/455/574
f 328/436/575 329/437/577 349/457/578 348/456/576
f 329/437/577 330/438/579 350/458/580 349/457/578
f 330/438/579 331/439/581 351/459/582 350/458/580
f 331/439/581 332/440/583 352/460/584 351/459/582
f 332/440/583 333/441/585 353/461/586 352/460/584
f 333/441/585 334/442/587 354/462/588 353/461/586
f 334/442/587 335/443/589 355/463/590 354/462/588
f 335/443/589 336/444/591 356/464/592 355/463/590
f 336/444/591 337/445/593 357/465/594 356/464/592
f 337/445/593 338/446/595 358/466/596 357/465/594
f 338/446/595 339/447/597 359/467/598 358/466/596
f 339/447/597 340/448/599 360/468/600 359/467/598
f 340/448/599 341/449/601 361/469/602 360/468/600
f 341/449/601 342/450/603 362/470/604 361/469/602
f 342/450/603 323/432/565 343/452/568 362/470/604
f 343/452/568 344/451/567 364/471/605 363/472/606
f 344/451/567 345/453/570 365/473/607 364/471/605
f 345/453/570 346/454/572 366/474/608 365/473/607
f 346/454/572 347/455/574 367/475/609 366/474/608
f 347/455/574 348/456/576 368/476/610 367/475/609
f 348/456/576 349/457/578 369/477/611 368/476/610
f 349/457/578 350/458/580 370/478/612 369/477/611
f 350/458/580 351/459/582 371/479/613 370/478/612
f 351/459/582 352/460/584 372/480/614 371/479/613
f 352/460/584 353/461/586 373/481/615 372/480/614
f 353/461/586 354/462/588 374/482/616 373/481/615
f 354/462/588 355/463/590 375/483/617 374/482/616
f 355/463/590 356/464/592 376/484/618 375/483/617
f 356/464/592 357/465/594 377/485/619 376/484/618
f 357/465/594 358/466/596 378/486/620 377/485/619
f 358/466/596 359/467/598 379/487/621 378/486/620
f 359/467/598 360/468/600 380/488/622 379/487/621
f 360/468/600 361/469/602 381/489/623 380/488/622
f 361/469/602 362/470/604 382/490/624 381/489/623
f 362/470/604 343/452/568 363/472/606 382/490/624
f 363/472/606 364/471/605 384/491/625 383/492/626
f 364/471/605 365/473/607 385/493/627 384/491/625
f 365/473/607 366/474/608 386/494/628 385/493/627
f 366/474/608 367/475/609 387/495/629 386/494/628
f 367/475/609 368/476/610 388/496/630 387/495/629
f 368/476/610 369/477/611 389/497/631 388/496/630
f 369/477/611 370/478/612 390/498/632 389/497/631
f 370/478/612 371/479/613 391/499/633 390/498/632
f 371/479/613 372/480/614 392/500/634 391/499/633
f 372/480/614 373/481/615 393/501/635 392/500/634
f 373/481/615 374/482/616 394/502/636 393/501/635
f 374/482/616 375/483/617 395/503/637 394/502/636
f 375/483/617 376/484/618 396/504/638 395/503/637
f 376/484/618 377/485/619 397/505/639 396/504/638
f 377/485/619 378/486/620 398/506/640 397/505/639
f 378/486/620 379/487/621 399/507/641 398/506/640
f 379/487/621 380/488/622 400/508/642 399/507/641
f 380/488/622 381/489/623 401/509/643 400/508/642
f 381/489/623 382/490/624 402/510/644 401/509/643
f 382/490/624 363/472/606 383/492/626 402/510/644
f 383/492/626 384/491/625 404/350/645 403/349/646
f 384/491/625 385/493/627 406/352/647 404/350/645
f 385/493/627 386/494/628 407/353/648 406/352/647
f 386/494/628 387/495/629 408/354/649 407/353/648
f 387/495/629 388/496/630 409/355/650 408/354/649
f 388/496/630 389/497/631 410/356/651 409/355/650
f 389/497/631 390/498/632 411/357/652 410/356/651
f 390/498/632 391/499/633 412/358/653 411/357/652
f 391/499/633 392/500/634 413/359/654 412/358/653
f 392/500/634 393/501/635 414/360/655 413/359/654
f 393/501/635 394/502/636 415/361/656 414/360/655
f 394/502/636 395/503/637 416/362/657 415/361/656
f 395/503/637 396/504/638 417/363/658 416/362/657
f 396/504/638 397/505/639 418/364/659 417/363/658
f 397/505/639 398/506/640 419/365/660 418/364/659
f 398/506/640 399/507/641 420/366/661 419/365/660
f 399/507/641 400/508/642 421/367/662 420/366/661
f 400/508/642 401/509/643 422/368/663 421/367/662
f 401/509/643 402/510/644 423/369/664 422/368/663
f 402/510/644 383/492/626 403/349/646 423/369/664
s 9
f 244/511/384 243/512/383 424/513/665 425/514/666
f 245/515/387 244/511/384 425/514/666 426/516/667
f 246/517/389 245/515/387 426/516/667 427/518/668
f 247/519/391 246/517/389 427/518/668 428/520/669
f 248/521/393 247/519/391 428/520/669 429/522/670
f 249/523/395 248/521/393 429/522/670 430/524/671
f 250/525/397 249/523/395 430/524/671 431/526/672
f 251/527/399 250/525/397 431/526/672 432/528/673
f 252/529/401 251/527/399 432/528/673 433/530/674
f 253/531/403 252/529/401 433/530/674 434/532/675
f 254/533/405 253/531/403 434/532/675 435/534/676
f 255/535/407 254/533/405 435/534/676 436/536/677
f 256/537/409 255/535/407 436/536/677 437/538/678
f 257/539/411 256/537/409 437/538/678 438/540/679
f 258/541/413 257/539/411 438/540/679 439/542/680
f 259/543/415 258/541/413 439/542/680 440/544/681
f 260/545/417 259/543/415 440/544/681 441/546/682
f 261/547/419 260/545/417 441/546/682 442/548/683
f 262/549/421 261/547/419 442/548/683 443/550/684
f 243/512/383 262/549/421 443/550/684 424/513/665
s 15
f 425/514/685 424/513/686 444/551/687 445/552/688
f 426/516/689 425/514/685 445/552/688 446/553/690
f 427/518/691 426/516/689 446/553/690 447/554/692
f 428/520/693 427/518/691 447/554/692 448/555/694
f 429/522/695 428/520/693 448/555/694 449/556/696
f 430/524/697 429/522/695 449/556/696 450/557/698
f 431/526/699 430/524/697 450/557/698 451/558/700
f 432/528/701 431/526/699 451/558/700 452/559/702
f 433/530/703 432/528/701 452/559/702 453/560/704
f 434/532/705 433/530/703 453/560/704 454/561/706
f 435/534/707 434/532/705 454/561/706 455/562/708
f 436/536/709 435/534/707 455/562/708 456/563/710
f 437/538/711 436/536/709 456/563/710 457/564/712
f 438/540/713 437/538/711 457/564/712 458/565/714
f 439/542/715 438/540/713 458/565/714 459/566/716
f 440/544/717 439/542/715 459/566/716 460/567/718
f 441/546/719 440/544/717 460/567/718 461/568/720
f 442/548/721 441/546/719 461/568/720 462/569/722
f 443/550/723 442/548/721 462/569/722 463/570/724
f 424/513/686 443/550/723 463/570/724 444/551/687
s 16
f 445/552/725 444/551/726 464/329/727 465/328/728
f 446/553/729 445/552/725 465/328/728 467/331/730
f 447/554/731 446/553/729 467/331/730 468/332/732
f 448/555/733 447/554/731 468/332/732 469/333/734
f 449/556/735 448/555/733 469/333/734 470/334/736
f 450/557/737 449/556/735 470/334/736 471/335/738
f 451/558/739 450/557/737 471/335/738 472/336/740
f 452/559/741 451/558/739 472/336/740 473/337/742
f 453/560/743 452/559/741 473/337/742 474/338/744
f 454/561/745 453/560/743 474/338/744 475/339/746
f 455/562/747 454/561/745 475/339/746 476/340/748
f 456/563/749 455/562/747 476/340/748 477/341/750
f 457/564/751 456/563/749 477/341/750 478/342/752
f 458/565/753 457/564/751 478/342/752 479/343/754
f 459/566/755 458/565/753 479/343/754 480/344/756
f 460/567/757 459/566/755 480/344/756 481/345/758
f 461/568/759 460/567/757 481/345/758 482/346/760
f 462/569/761 461/568/759 482/346/760 483/347/762
f 463/570/763 462/569/761 483/347/762 484/348/764
f 444/551/726 463/570/763 484/348/764 464/329/727
s 17
f 485/571/765 486/572/766 544/573/767 525/574/768
f 486/572/766 487/575/769 543/576/770 544/573/767
f 487/575/769 488/577/771 542/578/772 543/576/770
f 488/577/771 489/579/773 541/580/774 542/578/772
f 489/579/773 490/581/775 540/582/776 541/580/774
f 490/581/775 491/583/777 539/584/778 540/582/776
f 491/583/777 492/585/779 538/586/780 539/584/778
f 492/585/779 493/587/781 537/588/782 538/586/780
f 493/587/781 494/589/783 536/590/784 537/588/782
f 494/589/783 495/591/785 535/592/786 536/590/784
f 495/591/785 496/593/787 534/594/788 535/592/786
f 496/593/787 497/595/789 533/596/790 534/594/788
f 497/595/789 498/597/791 532/598/792 533/596/790
f 498/597/791 499/599/793 531/600/794 532/598/792
f 499/599/793 500/601/795 530/602/796 531/600/794
f 500/601/795 501/603/797 529/604/798 530/602/796
f 501/603/797 502/605/799 528/606/800 529/604/798
f 502/605/799 503/607/801 527/608/802 528/606/800
f 503/607/801 504/609/803 526/610/804 527/608/802
f 504/609/803 485/611/765 525/612/768 526/610/804
s 18
f 707/613/805 706/614/806 708/615/807
f 709/616/808 707/613/805 708/615/807
f 710/617/809 709/616/808 708/615/807
f 711/618/810 710/617/809 708/615/807
f 712/619/811 711/618/810 708/615/807
f 713/620/812 712/619/811 708/615/807
f 714/621/813 713/620/812 708/615/807
f 715/622/814 714/621/813 708/615/807
f 716/623/815 715/622/814 708/615/807
f 717/624/816 716/623/815 708/615/807
f 718/625/817 717/624/816 708/615/807
f 719/626/818 718/625/817 708/615/807
f 720/627/819 719/626/818 708/615/807
f 721/628/820 720/627/819 708/615/807
f 722/629/821 721/628/820 708/615/807
f 723/630/822 722/629/821 708/615/807
f 724/631/823 723/630/822 708/615/807
f 725/632/824 724/631/823 708/615/807
f 726/633/825 725/632/824 708/615/807
f 706/614/806 726/633/825 708/615/807
s 19
f 645/634/826 646/635/827 647/636/828
f 646/635/827 648/637/829 647/636/828
f 648/637/829 649/638/830 647/636/828
f 649/638/830 650/639/831 647/636/828
f 650/639/831 651/640/832 647/636/828
f 651/640/832 652/641/833 647/636/828
f 652/641/833 653/642/834 647/636/828
f 653/642/834 654/643/835 647/636/828
f 654/643/835 655/644/836 647/636/828
f 655/644/836 656/645/837 647/636/828
f 656/645/837 657/646/838 647/636/828
f 657/646/838 658/647/839 647/636/828
f 658/647/839 659/648/840 647/636/828
f 659/648/840 660/649/841 647/636/828
f 660/649/841 661/650/842 647/636/828
f 661/650/842 662/651/843 647/636/828
f 662/651/843 663/652/844 647/636/828
f 663/652/844 664/653/845 647/636/828
f 664/653/845 665/654/846 647/636/828
f 665/654/846 645/634/826 647/636/828
s 20
f 526/610/847 525/612/848 505/655/849 524/656/850
f 527/608/851 526/610/847 524/656/850 523/657/852
f 528/606/853 527/608/851 523/657/852 522/658/854
f 529/604/855 528/606/853 522/658/854 521/659/856
f 530/602/857 529/604/855 521/659/856 520/660/858
f 531/600/859 530/602/857 520/660/858 519/661/860
f 532/598/861 531/600/859 519/661/860 518/662/862
f 533/596/863 532/598/861 518/662/862 517/663/864
f 534/594/865 533/596/863 517/663/864 516/664/866
f 535/592/867 534/594/865 516/664/866 515/665/868
f 536/590/869 535/592/867 515/665/868 514/666/870
f 537/588/871 536/590/869 514/666/870 513/667/872
f 538/586/873 537/588/871 513/667/872 512/668/874
f 539/584/875 538/586/873 512/668/874 511/669/876
f 540/582/877 539/584/875 511/669/876 510/670/878
f 541/580/879 540/582/877 510/670/878 509/671/880
f 542/578/881 541/580/879 509/671/880 508/672/882
f 543/576/883 542/578/881 508/672/882 507/673/884
f 544/573/885 543/576/883 507/673/884 506/674/886
f 525/574/848 544/573/885 506/674/886 505/675/849
f 505/676/849 506/677/886 546/678/887 545/679/888
f 506/677/886 507/680/884 547/681/889 546/678/887
f 507/680/884 508/682/882 548/683/890 547/681/889
f 508/682/882 509/684/880 549/685/891 548/683/890
f 509/684/880 510/686/878 550/687/892 549/685/891
f 510/686/878 511/688/876 551/689/893 550/687/892
f 511/688/876 512/690/874 552/691/894 551/689/893
f 512/690/874 513/692/872 553/693/895 552/691/894
f 513/692/872 514/694/870 554/695/896 553/693/895
f 514/694/870 515/696/868 555/697/897 554/695/896
f 515/696/868 516/698/866 556/699/898 555/697/897
f 516/698/866 517/700/864 557/701/899 556/699/898
f 517/700/864 518/702/862 558/703/900 557/701/899
f 518/702/862 519/704/860 559/705/901 558/703/900
f 519/704/860 520/706/858 560/707/902 559/705/901
f 520/706/858 521/708/856 561/709/903 560/707/902
f 521/708/856 522/710/854 562/711/904 561/709/903
f 522/710/854 523/712/852 563/713/905 562/711/904
f 523/712/852 524/714/850 564/715/906 563/713/905
f 524/714/850 505/676/849 545/679/888 564/715/906
s 21
f 545/679/907 546/678/908 566/716/909 565/717/910
f 546/678/908 547/681/911 567/718/912 566/716/909
f 547/681/911 548/683/913 568/719/914 567/718/912
f 548/683/913 549/685/915 569/720/916 568/719/914
f 549/685/915 550/687/917 570/721/918 569/720/916
f 550/687/917 551/689/919 571/722/920 570/721/918
f 551/689/919 552/691/921 572/723/922 571/722/920
f 552/691/921 553/693/923 573/724/924 572/723/922
f 553/693/923 554/695/925 574/725/926 573/724/924
f 554/695/925 555/697/927 575/726/928 574/725/926
f 555/697/927 556/699/929 576/727/930 575/726/928
f 556/699/929 557/701/931 577/728/932 576/727/930
f 557/701/931 558/703/933 578/729/934 577/728/932
f 558/703/933 559/705/935 579/730/936 578/729/934
f 559/705/935 560/707/937 580/731/938 579/730/936
f 560/707/937 561/709/939 581/732/940 580/731/938
f 561/709/939 562/711/941 582/733/942 581/732/940
f 562/711/941 563/713/943 583/734/944 582/733/942
f 563/713/943 564/715/945 584/735/946 583/734/944
f 564/715/945 545/679/907 565/717/910 584/735/946
s 22
f 565/717/947 566/716/948 586/736/949 585/737/950
f 566/716/948 567/718/951 587/738/952 586/736/949
f 567/718/951 568/719/953 588/739/954 587/738/952
f 568/719/953 569/720/955 589/740/956 588/739/954
f 569/720/955 570/721/957 590/741/958 589/740/956
f 570/721/957 571/722/959 591/742/960 590/741/958
f 571/722/959 572/723/961 592/743/962 591/742/960
f 572/723/961 573/724/963 593/744/964 592/743/962
f 573/724/963 574/725/965 594/745/966 593/744/964
f 574/725/965 575/726/967 595/746/968 594/745/966
f 575/726/967 576/727/969 596/747/970 595/746/968
f 576/727/969 577/728/971 597/748/972 596/747/970
f 577/728/971 578/729/973 598/749/974 597/748/972
f 578/729/973 579/730/975 599/750/976 598/749/974
f 579/730/975 580/731/977 600/751/978 599/750/976
f 580/731/977 581/732/979 601/752/980 600/751/978
f 581/732/979 582/733/981 602/753/982 601/752/980
f 582/733/981 583/734/983 603/754/984 602/753/982
f 583/734/983 584/735/985 604/755/986 603/754/984
f 584/735/985 565/717/947 585/737/950 604/755/986
f 585/737/950 586/736/949 606/756/987 605/757/988
f 586/736/949 587/738/952 607/758/989 606/756/987
f 587/738/952 588/739/954 608/759/990 607/758/989
f 588/739/954 589/740/956 609/760/991 608/759/990
f 589/740/956 590/741/958 610/761/992 609/760/991
f 590/741/958 591/742/960 611/762/993 610/761/992
f 591/742/960 592/743/962 612/763/994 611/762/993
f 592/743/962 593/744/964 613/764/995 612/763/994
f 593/744/964 594/745/966 614/765/996 613/764/995
f 594/745/966 595/746/968 615/766/997 614/765/996
f 595/746/968 596/747/970 616/767/998 615/766/997
f 596/747/970 597/748/972 617/768/999 616/767/998
f 597/748/972 598/749/974 618/769/1000 617/768/999
f 598/749/974 599/750/976 619/770/1001 618/769/1000
f 599/750/976 600/751/978 620/771/1002 619/770/1001
f 600/751/978 601/752/980 621/772/1003 620/771/1002
f 601/752/980 602/753/982 622/773/1004 621/772/1003
f 602/753/982 603/754/984 623/774/1005 622/773/1004
f 603/754/984 604/755/986 624/775/1006 623/774/1005
f 604/755/986 585/737/950 605/757/988 624/775/1006
f 605/757/988 606/756/987 626/776/1007 625/777/1008
f 606/756/987 607/758/989 627/778/1009 626/776/1007
f 607/758/989 608/759/990 628/779/1010 627/778/1009
f 608/759/990 609/760/991 629/780/1011 628/779/1010
f 609/760/991 610/761/992 630/781/1012 629/780/1011
f 610/761/992 611/762/993 631/782/1013 630/781/1012
f 611/762/993 612/763/994 632/783/1014 631/782/1013
f 612/763/994 613/764/995 633/784/1015 632/783/1014
f 613/764/995 614/765/996 634/785/1016 633/784/1015
f 614/765/996 615/766/997 635/786/1017 634/785/1016
f 615/766/997 616/767/998 636/787/1018 635/786/1017
f 616/767/998 617/768/999 637/788/1019 636/787/1018
f 617/768/999 618/769/1000 638/789/1020 637/788/1019
f 618/769/1000 619/770/1001 639/790/1021 638/789/1020
f 619/770/1001 620/771/1002 640/791/1022 639/790/1021
f 620/771/1002 621/772/1003 641/792/1023 640/791/1022
f 621/772/1003 622/773/1004 642/793/1024 641/792/1023
f 622/773/1004 623/774/1005 643/794/1025 642/793/1024
f 623/774/1005 624/775/1006 644/795/1026 643/794/1025
f 624/775/1006 605/757/988 625/777/1008 644/795/1026
f 625/777/1008 626/776/1007 646/635/1027 645/634/1028
f 626/776/1007 627/778/1009 648/637/1029 646/635/1027
f 627/778/1009 628/779/1010 649/638/1030 648/637/1029
f 628/779/1010 629/780/1011 650/639/1031 649/638/1030
f 629/780/1011 630/781/1012 651/640/1032 650/639/1031
f 630/781/1012 631/782/1013 652/641/1033 651/640/1032
f 631/782/1013 632/783/1014 653/642/1034 652/641/1033
f 632/783/1014 633/784/1015 654/643/1035 653/642/1034
f 633/784/1015 634/785/1016 655/644/1036 654/643/1035
f 634/785/1016 635/786/1017 656/645/1037 655/644/1036
f 635/786/1017 636/787/1018 657/646/1038 656/645/1037
f 636/787/1018 637/788/1019 658/647/1039 657/646/1038
f 637/788/1019 638/789/1020 659/648/1040 658/647/1039
f 638/789/1020 639/790/1021 660/649/1041 659/648/1040
f 639/790/1021 640/791/1022 661/650/1042 660/649/1041
f 640/791/1022 641/792/1023 662/651/1043 661/650/1042
f 641/792/1023 642/793/1024 663/652/1044 662/651/1043
f 642/793/1024 643/794/1025 664/653/1045 663/652/1044
f 643/794/1025 644/795/1026 665/654/1046 664/653/1045
f 644/795/1026 625/777/1008 645/634/1028 665/654/1046
s 17
f 486/796/766 485/797/765 666/798/1047 667/799/1048
f 487/800/769 486/796/766 667/799/1048 668/801/1049
f 488/802/771 487/800/769 668/801/1049 669/803/1050
f 489/804/773 488/802/771 669/803/1050 670/805/1051
f 490/806/775 489/804/773 670/805/1051 671/807/1052
f 491/808/777 490/806/775 671/807/1052 672/809/1053
f 492/810/779 491/808/777 672/809/1053 673/811/1054
f 493/812/781 492/810/779 673/811/1054 674/813/1055
f 494/814/783 493/812/781 674/813/1055 675/815/1056
f 495/816/785 494/814/783 675/815/1056 676/817/1057
f 496/818/787 495/816/785 676/817/1057 677/819/1058
f 497/820/789 496/818/787 677/819/1058 678/821/1059
f 498/822/791 497/820/789 678/821/1059 679/823/1060
f 499/824/793 498/822/791 679/823/1060 680/825/1061
f 500/826/795 499/824/793 680/825/1061 681/827/1062
f 501/828/797 500/826/795 681/827/1062 682/829/1063
f 502/830/799 501/828/797 682/829/1063 683/831/1064
f 503/832/801 502/830/799 683/831/1064 684/833/1065
f 504/834/803 503/832/801 684/833/1065 685/835/1066
f 485/797/765 504/834/803 685/835/1066 666/798/1047
s 23
f 667/799/1067 666/798/1068 686/836/1069 687/837/1070
f 668/801/1071 667/799/1067 687/837/1070 688/838/1072
f 669/803/1073 668/801/1071 688/838/1072 689/839/1074
f 670/805/1075 669/803/1073 689/839/1074 690/840/1076
f 671/807/1077 670/805/1075 690/840/1076 691/841/1078
f 672/809/1079 671/807/1077 691/841/1078 692/842/1080
f 673/811/1081 672/809/1079 692/842/1080 693/843/1082
f 674/813/1083 673/811/1081 693/843/1082 694/844/1084
f 675/815/1085 674/813/1083 694/844/1084 695/845/1086
f 676/817/1087 675/815/1085 695/845/1086 696/846/1088
f 677/819/1089 676/817/1087 696/846/1088 697/847/1090
f 678/821/1091 677/819/1089 697/847/1090 698/848/1092
f 679/823/1093 678/821/1091 698/848/1092 699/849/1094
f 680/825/1095 679/823/1093 699/849/1094 700/850/1096
f 681/827/1097 680/825/1095 700/850/1096 701/851/1098
f 682/829/1099 681/827/1097 701/851/1098 702/852/1100
f 683/831/1101 682/829/1099 702/852/1100 703/853/1102
f 684/833/1103 683/831/1101 703/853/1102 704/854/1104
f 685/835/1105 684/833/1103 704/854/1104 705/855/1106
f 666/798/1068 685/835/1105 705/855/1106 686/836/1069
s 24
f 687/837/1107 686/836/1108 706/614/1109 707/613/1110
f 688/838/1111 687/837/1107 707/613/1110 709/616/1112
f 689/839/1113 688/838/1111 709/616/1112 710/617/1114
f 690/840/1115 689/839/1113 710/617/1114 711/618/1116
f 691/841/1117 690/840/1115 711/618/1116 712/619/1118
f 692/842/1119 691/841/1117 712/619/1118 713/620/1120
f 693/843/1121 692/842/1119 713/620/1120 714/621/1122
f 694/844/1123 693/843/1121 714/621/1122 715/622/1124
f 695/845/1125 694/844/1123 715/622/1124 716/623/1126
f 696/846/1127 695/845/1125 716/623/1126 717/624/1128
f 697/847/1129 696/846/1127 717/624/1128 718/625/1130
f 698/848/1131 697/847/1129 718/625/1130 719/626/1132
f 699/849/1133 698/848/1131 719/626/1132 720/627/1134
f 700/850/1135 699/849/1133 720/627/1134 721/628/1136
f 701/851/1137 700/850/1135 721/628/1136 722/629/1138
f 702/852/1139 701/851/1137 722/629/1138 723/630/1140
f 703/853/1141 702/852/1139 723/630/1140 724/631/1142
f 704/854/1143 703/853/1141 724/631/1142 725/632/1144
f 705/855/1145 704/854/1143 725/632/1144 726/633/1146
f 686/836/1108 705/855/1145 726/633/1146 706/614/1109
s 25
f 727/856/1147 728/857/1148 786/858/1149 767/859/1150
f 728/857/1148 729/860/1151 785/861/1152 786/858/1149
f 729/860/1151 730/862/1153 784/863/1154 785/861/1152
f 730/862/1153 731/864/1155 783/865/1156 784/863/1154
f 731/864/1155 732/866/1157 782/867/1158 783/865/1156
f 732/866/1157 733/868/1159 781/869/1160 782/867/1158
f 733/868/1159 734/870/1161 780/871/1162 781/869/1160
f 734/870/1161 735/872/1163 779/873/1164 780/871/1162
f 735/872/1163 736/874/1165 778/875/1166 779/873/1164
f 736/874/1165 737/876/1167 777/877/1168 778/875/1166
f 737/876/1167 738/878/1169 776/879/1170 777/877/1168
f 738/878/1169 739/880/1171 775/881/1172 776/879/1170
f 739/880/1171 740/882/1173 774/883/1174 775/881/1172
f 740/882/1173 741/884/1175 773/885/1176 774/883/1174
f 741/884/1175 742/886/1177 772/887/1178 773/885/1176
f 742/886/1177 743/888/1179 771/889/1180 772/887/1178
f 743/888/1179 744/890/1181 770/891/1182 771/889/1180
f 744/890/1181 745/892/1183 769/893/1184 770/891/1182
f 745/892/1183 746/894/1185 768/895/1186 769/893/1184
f 746/894/1185 727/896/1147 767/897/1150 768/895/1186
s 26
f 949/898/1187 948/899/1188 950/900/1189
f 951/901/1190 949/898/1187 950/900/1189
f 952/902/1191 951/901/1190 950/900/1189
f 953/903/1192 952/902/1191 950/900/1189
f 954/904/1193 953/903/1192 950/900/1189
f 955/905/1194 954/904/1193 950/900/1189
f 956/906/1195 955/905/1194 950/900/1189
f 957/907/1196 956/906/1195 950/900/1189
f 958/908/1197 957/907/1196 950/900/1189
f 959/909/1198 958/908/1197 950/900/1189
f 960/910/1199 959/909/1198 950/900/1189
f 961/911/1200 960/910/1199 950/900/1189
f 962/912/1201 961/911/1200 950/900/1189
f 963/913/1202 962/912/1201 950/900/1189
f 964/914/1203 963/913/1202 950/900/1189
f 965/915/1204 964/914/1203 950/900/1189
f 966/916/1205 965/915/1204 950/900/1189
f 967/917/1206 966/916/1205 950/900/1189
f 968/918/1207 967/917/1206 950/900/1189
f 948/899/1188 968/918/1207 950/900/1189
s 27
f 887/919/1208 888/920/1209 889/921/1210
f 888/920/1209 890/922/1211 889/921/1210
f 890/922/1211 891/923/1212 889/921/1210
f 891/923/1212 892/924/1213 889/921/1210
f 892/924/1213 893/925/1214 889/921/1210
f 893/925/1214 894/926/1215 889/921/1210
f 894/926/1215 895/927/1216 889/921/1210
f 895/927/1216 896/928/1217 889/921/1210
f 896/928/1217 897/929/1218 889/921/1210
f 897/929/1218 898/930/1219 889/921/1210
f 898/930/1219 899/931/1220 889/921/1210
f 899/931/1220 900/932/1221 889/921/1210
f 900/932/1221 901/933/1222 889/921/1210
f 901/933/1222 902/934/1223 889/921/1210
f 902/934/1223 903/935/1224 889/921/1210
f 903/935/1224 904/936/1225 889/921/1210
f 904/936/1225 905/937/1226 889/921/1210
f 905/937/1226 906/938/1227 889/921/1210
f 906/938/1227 907/939/1228 889/921/1210
f 907/939/1228 887/919/1208 889/921/1210
s 28
f 768/895/1229 767/897/1230 747/940/1231 766/941/1232
f 769/893/1233 768/895/1229 766/941/1232 765/942/1234
f 770/891/1235 769/893/1233 765/942/1234 764/943/1236
f 771/889/1237 770/891/1235 764/943/1236 763/944/1238
f 772/887/1239 771/889/1237 763/944/1238 762/945/1240
f 773/885/1241 772/887/1239 762/945/1240 761/946/1242
f 774/883/1243 773/885/1241 761/946/1242 760/947/1244
f 775/881/1245 774/883/1243 760/947/1244 759/948/1246
f 776/879/1247 775/881/1245 759/948/1246 758/949/1248
f 777/877/1249 776/879/1247 758/949/1248 757/950/1250
f 778/875/1251 777/877/1249 757/950/1250 756/951/1252
f 779/873/1253 778/875/1251 756/951/1252 755/952/1254
f 780/871/1255 779/873/1253 755/952/1254 754/953/1256
f 781/869/1257 780/871/1255 754/953/1256 753/954/1258
f 782/867/1259 781/869/1257 753/954/1258 752/955/1260
f 783/865/1261 782/867/1259 752/955/1260 751/956/1262
f 784/863/1263 783/865/1261 751/956/1262 750/957/1264
f 785/861/1265 784/863/1263 750/957/1264 749/958/1266
f 786/858/1267 785/861/1265 749/958/1266 748/959/1268
f 767/859/1230 786/858/1267 748/959/1268 747/960/1231
f 747/961/1231 748/962/1268 788/963/1269 787/964/1270
f 748/962/1268 749/965/1266 789/966/1271 788/963/1269
f 749/965/1266 750/967/1264 790/968/1272 789/966/1271
f 750/967/1264 751/969/1262 791/970/1273 790/968/1272
f 751/969/1262 752/971/1260 792/972/1274 791/970/1273
f 752/971/1260 753/973/1258 793/974/1275 792/972/1274
f 753/973/1258 754/975/1256 794/976/1276 793/974/1275
f 754/975/1256 755/977/1254 795/978/1277 794/976/1276
f 755/977/1254 756/979/1252 796/980/1278 795/978/1277
f 756/979/1252 757/981/1250 797/982/1279 796/980/1278
f 757/981/1250 758/983/1248 798/984/1280 797/982/1279
f 758/983/1248 759/985/1246 799/986/1281 798/984/1280
f 759/985/1246 760/987/1244 800/988/1282 799/986/1281
f 760/987/1244 761/989/1242 801/990/1283 800/988/1282
f 761/989/1242 762/991/1240 802/992/1284 801/990/1283
f 762/991/1240 763/993/1238 803/994/1285 802/992/1284
f 763/993/1238 764/995/1236 804/996/1286 803/994/1285
f 764/995/1236 765/997/1234 805/998/1287 804/996/1286
f 765/997/1234 766/999/1232 806/1000/1288 805/998/1287
f 766/999/1232 747/961/1231 787/964/1270 806/1000/1288
s 29
f 787/964/1289 788/963/1290 808/1001/1291 807/1002/1292
f 788/963/1290 789/966/1293 809/1003/1294 808/1001/1291
f 789/966/1293 790/968/1295 810/1004/1296 809/1003/1294
f 790/968/1295 791/970/1297 811/1005/1298 810/1004/1296
f 791/970/1297 792/972/1299 812/1006/1300 811/1005/1298
f 792/972/1299 793/974/1301 813/1007/1302 812/1006/1300
f 793/974/1301 794/976/1303 814/1008/1304 813/1007/1302
f 794/976/1303 795/978/1305 815/1009/1306 814/1008/1304
f 795/978/1305 796/980/1307 816/1010/1308 815/1009/1306
f 796/980/1307 797/982/1309 817/1011/1310 816/1010/1308
f 797/982/1309 798/984/1311 818/1012/1312 817/1011/1310
f 798/984/1311 799/986/1313 819/1013/1314 818/1012/1312
f 799/986/1313 800/988/1315 820/1014/1316 819/1013/1314
f 800/988/1315 801/990/1317 821/1015/1318 820/1014/1316
f 801/990/1317 802/992/1319 822/1016/1320 821/1015/1318
f 802/992/1319 803/994/1321 823/1017/1322 822/1016/1320
f 803/994/1321 804/996/1323 824/1018/1324 823/1017/1322
f 804/996/1323 805/998/1325 825/1019/1326 824/1018/1324
f 805/998/1325 806/1000/1327 826/1020/1328 825/1019/1326
f 806/1000/1327 787/964/1289 807/1002/1292 826/1020/1328
s 30
f 807/1002/1329 808/1001/1330 828/1021/1331 827/1022/1332
f 808/1001/1330 809/1003/1333 829/1023/1334 828/1021/1331
f 809/1003/1333 810/1004/1335 830/1024/1336 829/1023/1334
f 810/1004/1335 811/1005/1337 831/1025/1338 830/1024/1336
f 811/1005/1337 812/1006/1339 832/1026/1340 831/1025/1338
f 812/1006/1339 813/1007/1341 833/1027/1342 832/1026/1340
f 813/1007/1341 814/1008/1343 834/1028/1344 833/1027/1342
f 814/1008/1343 815/1009/1345 835/1029/1346 834/1028/1344
f 815/1009/1345 816/1010/1347 836/1030/1348 835/1029/1346
f 816/1010/1347 817/1011/1349 837/1031/1350 836/1030/1348
f 817/1011/1349 818/1012/1351 838/1032/1352 837/1031/1350
f 818/1012/1351 819/1013/1353 839/1033/1354 838/1032/1352
f 819/1013/1353 820/1014/1355 840/1034/1356 839/1033/1354
f 820/1014/1355 821/1015/1357 841/1035/1358 840/1034/1356
f 821/1015/1357 822/1016/1359 842/1036/1360 841/1035/1358
f 822/1016/1359 823/1017/1361 843/1037/1362 842/1036/1360
f 823/1017/1361 824/1018/1363 844/1038/1364 843/1037/1362
f 824/1018/1363 825/1019/1365 845/1039/1366 844/1038/1364
f 825/1019/1365 826/1020/1367 846/1040/1368 845/1039/1366
f 826/1020/1367 807/1002/1329 827/1022/1332 846/1040/1368
f 827/1022/1332 828/1021/1331 848/1041/1369 847/1042/1370
f 828/1021/1331 829/1023/1334 849/1043/1371 848/1041/1369
f 829/1023/1334 830/1024/1336 850/1044/1372 849/1043/1371
f 830/1024/1336 831/1025/1338 851/1045/1373 850/1044/1372
f 831/1025/1338 832/1026/1340 852/1046/1374 851/1045/1373
f 832/1026/1340 833/1027/1342 853/1047/1375 852/1046/1374
f 833/1027/1342 834/1028/1344 854/1048/1376 853/1047/1375
f 834/1028/1344 835/1029/1346 855/1049/1377 854/1048/1376
f 835/1029/1346 836/1030/1348 856/1050/1378 855/1049/1377
f 836/1030/1348 837/1031/1350 857/1051/1379 856/1050/1378
f 837/1031/1350 838/1032/1352 858/1052/1380 857/1051/1379
f 838/1032/1352 839/1033/1354 859/1053/1381 858/1052/1380
f 839/1033/1354 840/1034/1356 860/1054/1382 859/1053/1381
f 840/1034/1356 841/1035/1358 861/1055/1383 860/1054/1382
f 841/1035/1358 842/1036/1360 862/1056/1384 861/1055/1383
f 842/1036/1360 843/1037/1362 863/1057/1385 862/1056/1384
f 843/1037/1362 844/1038/1364 864/1058/1386 863/1057/1385
f 844/1038/1364 845/1039/1366 865/1059/1387 864/1058/1386
f 845/1039/1366 846/1040/1368 866/1060/1388 865/1059/1387
f 846/1040/1368 827/1022/1332 847/1042/1370 866/1060/1388
f 847/1042/1370 848/1041/1369 868/1061/1389 867/1062/1390
f 848/1041/1369 849/1043/1371 869/1063/1391 868/1061/1389
f 849/1043/1371 850/1044/1372 870/1064/1392 869/1063/1391
f 850/1044/1372 851/1045/1373 871/1065/1393 870/1064/1392
f 851/1045/1373 852/1046/1374 872/1066/1394 871/1065/1393
f 852/1046/1374 853/1047/1375 873/1067/1395 872/1066/1394
f 853/1047/1375 854/1048/1376 874/1068/1396 873/1067/1395
f 854/1048/1376 855/1049/1377 875/1069/1397 874/1068/1396
f 855/1049/1377 856/1050/1378 876/1070/1398 875/1069/1397
f 856/1050/1378 857/1051/1379 877/1071/1399 876/1070/1398
f 857/1051/1379 858/1052/1380 878/1072/1400 877/1071/1399
f 858/1052/1380 859/1053/1381 879/1073/1401 878/1072/1400
f 859/1053/1381 860/1054/1382 880/1074/1402 879/1073/1401
f 860/1054/1382 861/1055/1383 881/1075/1403 880/1074/1402
f 861/1055/1383 862/1056/1384 882/1076/1404 881/1075/1403
f 862/1056/1384 863/1057/1385 883/1077/1405 882/1076/1404
f 863/1057/1385 864/1058/1386 884/1078/1406 883/1077/1405
f 864/1058/1386 865/1059/1387 885/1079/1407 884/1078/1406
f 865/1059/1387 866/1060/1388 886/1080/1408 885/1079/1407
f 866/1060/1388 847/1042/1370 867/1062/1390 886/1080/1408
f 867/1062/1390 868/1061/1389 888/920/1409 887/919/1410
f 868/1061/1389 869/1063/1391 890/922/1411 888/920/1409
f 869/1063/1391 870/1064/1392 891/923/1412 890/922/1411
f 870/1064/1392 871/1065/1393 892/924/1413 891/923/1412
f 871/1065/1393 872/1066/1394 893/925/1414 892/924/1413
f 872/1066/1394 873/1067/1395 894/926/1415 893/925/1414
f 873/1067/1395 874/1068/1396 895/927/1416 894/926/1415
f 874/1068/1396 875/1069/1397 896/928/1417 895/927/1416
f 875/1069/1397 876/1070/1398 897/929/1418 896/928/1417
f 876/1070/1398 877/1071/1399 898/930/1419 897/929/1418
f 877/1071/1399 878/1072/1400 899/931/1420 898/930/1419
f 878/1072/1400 879/1073/1401 900/932/1421 899/931/1420
f 879/1073/1401 880/1074/1402 901/933/1422 900/932/1421
f 880/1074/1402 881/1075/1403 902/934/1423 901/933/1422
f 881/1075/1403 882/1076/1404 903/935/1424 902/934/1423
f 882/1076/1404 883/1077/1405 904/936/1425 903/935/1424
f 883/1077/1405 884/1078/1406 905/937/1426 904/936/1425
f 884/1078/1406 885/1079/1407 906/938/1427 905/937/1426
f 885/1079/1407 886/1080/1408 907/939/1428 906/938/1427
f 886/1080/1408 867/1062/1390 887/919/1410 907/939/1428
s 25
f 728/1081/1148 727/1082/1147 908/1083/1429 909/1084/1430
f 729/1085/1151 728/1081/1148 909/1084/1430 910/1086/1431
f 730/1087/1153 729/1085/1151 910/1086/1431 911/1088/1432
f 731/1089/1155 730/1087/1153 911/1088/1432 912/1090/1433
f 732/1091/1157 731/1089/1155 912/1090/1433 913/1092/1434
f 733/1093/1159 732/1091/1157 913/1092/1434 914/1094/1435
f 734/1095/1161 733/1093/1159 914/1094/1435 915/1096/1436
f 735/1097/1163 734/1095/1161 915/1096/1436 916/1098/1437
f 736/1099/1165 735/1097/1163 916/1098/1437 917/1100/1438
f 737/1101/1167 736/1099/1165 917/1100/1438 918/1102/1439
f 738/1103/1169 737/1101/1167 918/1102/1439 919/1104/1440
f 739/1105/1171 738/1103/1169 919/1104/1440 920/1106/1441
f 740/1107/1173 739/1105/1171 920/1106/1441 921/1108/1442
f 741/1109/1175 740/1107/1173 921/1108/1442 922/1110/1443
f 742/1111/1177 741/1109/1175 922/1110/1443 923/1112/1444
f 743/1113/1179 742/1111/1177 923/1112/1444 924/1114/1445
f 744/1115/1181 743/1113/1179 924/1114/1445 925/1116/1446
f 745/1117/1183 744/1115/1181 925/1116/1446 926/1118/1447
f 746/1119/1185 745/1117/1183 926/1118/1447 927/1120/1448
f 727/1082/1147 746/1119/1185 927/1120/1448 908/1083/1429
s 31
f 909/1084/1449 908/1083/1450 928/1121/1451 929/1122/1452
f 910/1086/1453 909/1084/1449 929/1122/1452 930/1123/1454
f 911/1088/1455 910/1086/1453 930/1123/1454 931/1124/1456
f 912/1090/1457 911/1088/1455 931/1124/1456 932/1125/1458
f 913/1092/1459 912/1090/1457 932/1125/1458 933/1126/1460
f 914/1094/1461 913/1092/1459 933/1126/1460 934/1127/1462
f 915/1096/1463 914/1094/1461 934/1127/1462 935/1128/1464
f 916/1098/1465 915/1096/1463 935/1128/1464 936/1129/1466
f 917/1100/1467 916/1098/1465 936/1129/1466 937/1130/1468
f 918/1102/1469 917/1100/1467 937/1130/1468 938/1131/1470
f 919/1104/1471 918/1102/1469 938/1131/1470 939/1132/1472
f 920/1106/1473 919/1104/1471 939/1132/1472 940/1133/1474
f 921/1108/1475 920/1106/1473 940/1133/1474 941/1134/1476
f 922/1110/1477 921/1108/1475 941/1134/1476 942/1135/1478
f 923/1112/1479 922/1110/1477 942/1135/1478 943/1136/1480
f 924/1114/1481 923/1112/1479 943/1136/1480 944/1137/1482
f 925/1116/1483 924/1114/1481 944/1137/1482 945/1138/1484
f 926/1118/1485 925/1116/1483 945/1138/1484 946/1139/1486
f 927/1120/1487 926/1118/1485 946/1139/1486 947/1140/1488
f 908/1083/1450 927/1120/1487 947/1140/1488 928/1121/1451
s 32
f 929/1122/1489 928/1121/1490 948/899/1491 949/898/1492
f 930/1123/1493 929/1122/1489 949/898/1492 951/901/1494
f 931/1124/1495 930/1123/1493 951/901/1494 952/902/1496
f 932/1125/1497 931/1124/1495 952/902/1496 953/903/1498
f 933/1126/1499 932/1125/1497 953/903/1498 954/904/1500
f 934/1127/1501 933/1126/1499 954/904/1500 955/905/1502
f 935/1128/1503 934/1127/1501 955/905/1502 956/906/1504
f 936/1129/1505 935/1128/1503 956/906/1504 957/907/1506
f 937/1130/1507 936/1129/1505 957/907/1506 958/908/1508
f 938/1131/1509 937/1130/1507 958/908/1508 959/909/1510
f 939/1132/1511 938/1131/1509 959/909/1510 960/910/1512
f 940/1133/1513 939/1132/1511 960/910/1512 961/911/1514
f 941/1134/1515 940/1133/1513 961/911/1514 962/912/1516
f 942/1135/1517 941/1134/1515 962/912/1516 963/913/1518
f 943/1136/1519 942/1135/1517 963/913/1518 964/914/1520
f 944/1137/1521 943/1136/1519 964/914/1520 965/915/1522
f 945/1138/1523 944/1137/1521 965/915/1522 966/916/1524
f 946/1139/1525 945/1138/1523 966/916/1524 967/917/1526
f 947/1140/1527 946/1139/1525 967/917/1526 968/918/1528
f 928/1121/1490 947/1140/1527 968/918/1528 948/899/1491
s 33
f 969/1141/1529 970/1142/1530 1028/1143/1531 1009/1144/1532
f 970/1142/1530 971/1145/1533 1027/1146/1534 1028/1143/1531
f 971/1145/1533 972/1147/1535 1026/1148/1536 1027/1146/1534
f 972/1147/1535 973/1149/1537 1025/1150/1538 1026/1148/1536
f 973/1149/1537 974/1151/1539 1024/1152/1540 1025/1150/1538
f 974/1151/1539 975/1153/1541 1023/1154/1542 1024/1152/1540
f 975/1153/1541 976/1155/1543 1022/1156/1544 1023/1154/1542
f 976/1155/1543 977/1157/1545 1021/1158/1546 1022/1156/1544
f 977/1157/1545 978/1159/1547 1020/1160/1548 1021/1158/1546
f 978/1159/1547 979/1161/1549 1019/1162/1550 1020/1160/1548
f 979/1161/1549 980/1163/1551 1018/1164/1552 1019/1162/1550
f 980/1163/1551 981/1165/1553 1017/1166/1554 1018/1164/1552
f 981/1165/1553 982/1167/1555 1016/1168/1556 1017/1166/1554
f 982/1167/1555 983/1169/1557 1015/1170/1558 1016/1168/1556
f 983/1169/1557 984/1171/1559 1014/1172/1560 1015/1170/1558
f 984/1171/1559 985/1173/1561 1013/1174/1562 1014/1172/1560
f 985/1173/1561 986/1175/1563 1012/1176/1564 1013/1174/1562
f 986/1175/1563 987/1177/1565 1011/1178/1566 1012/1176/1564
f 987/1177/1565 988/1179/1567 1010/1180/1568 1011/1178/1566
f 988/1179/1567 969/1181/1529 1009/1182/1532 1010/1180/1568
s 34
f 1191/1183/1569 1190/1184/1570 1192/1185/1571
f 1193/1186/1572 1191/1183/1569 1192/1185/1571
f 1194/1187/1573 1193/1186/1572 1192/1185/1571
f 1195/1188/1574 1194/1187/1573 1192/1185/1571
f 1196/1189/1575 1195/1188/1574 1192/1185/1571
f 1197/1190/1576 1196/1189/1575 1192/1185/1571
f 1198/1191/1577 1197/1190/1576 1192/1185/1571
f 1199/1192/1578 1198/1191/1577 1192/1185/1571
f 1200/1193/1579 1199/1192/1578 1192/1185/1571
f 1201/1194/1580 1200/1193/1579 1192/1185/1571
f 1202/1195/1581 1201/1194/1580 1192/1185/1571
f 1203/1196/1582 1202/1195/1581 1192/1185/1571
f 1204/1197/1583 1203/1196/1582 1192/1185/1571
f 1205/1198/1584 1204/1197/1583 1192/1185/1571
f 1206/1199/1585 1205/1198/1584 1192/1185/1571
f 1207/1200/1586 1206/1199/1585 1192/1185/1571
f 1208/1201/1587 1207/1200/1586 1192/1185/1571
f 1209/1202/1588 1208/1201/1587 1192/1185/1571
f 1210/1203/1589 1209/1202/1588 1192/1185/1571
f 1190/1184/1570 1210/1203/1589 1192/1185/1571
s 35
f 1129/1204/1590 1130/1205/1591 1131/1206/1592
f 1130/1205/1591 1132/1207/1593 1131/1206/1592
f 1132/1207/1593 1133/1208/1594 1131/1206/1592
f 1133/1208/1594 1134/1209/1595 1131/1206/1592
f 1134/1209/1595 1135/1210/1596 1131/1206/1592
f 1135/1210/1596 1136/1211/1597 1131/1206/1592
f 1136/1211/1597 1137/1212/1598 1131/1206/1592
f 1137/1212/1598 1138/1213/1599 1131/1206/1592
f 1138/1213/1599 1139/1214/1600 1131/1206/1592
f 1139/1214/1600 1140/1215/1601 1131/1206/1592
f 1140/1215/1601 1141/1216/1602 1131/1206/1592
f 1141/1216/1602 1142/1217/1603 1131/1206/1592
f 1142/1217/1603 1143/1218/1604 1131/1206/1592
f 1143/1218/1604 1144/1219/1605 1131/1206/1592
f 1144/1219/1605 1145/1220/1606 1131/1206/1592
f 1145/1220/1606 1146/1221/1607 1131/1206/1592
f 1146/1221/1607 1147/1222/1608 1131/1206/1592
f 1147/1222/1608 1148/1223/1609 1131/1206/1592
f 1148/1223/1609 1149/1224/1610 1131/1206/1592
f 1149/1224/1610 1129/1204/1590 1131/1206/1592
s 36
f 1010/1180/1611 1009/1182/1612 989/1225/1613 1008/1226/1614
f 1011/1178/1615 1010/1180/1611 1008/1226/1614 1007/1227/1616
f 1012/1176/1617 1011/1178/1615 1007/1227/1616 1006/1228/1618
f 1013/1174/1619 1012/1176/1617 1006/1228/1618 1005/1229/1620
f 1014/1172/1621 1013/1174/1619 1005/1229/1620 1004/1230/1622
f 1015/1170/1623 1014/1172/1621 1004/1230/1622 1003/1231/1624
f 1016/1168/1625 1015/1170/1623 1003/1231/1624 1002/1232/1626
f 1017/1166/1627 1016/1168/1625 1002/1232/1626 1001/1233/1628
f 1018/1164/1629 1017/1166/1627 1001/1233/1628 1000/1234/1630
f 1019/1162/1631 1018/1164/1629 1000/1234/1630 999/1235/1632
f 1020/1160/1633 1019/1162/1631 999/1235/1632 998/1236/1634
f 1021/1158/1635 1020/1160/1633 998/1236/1634 997/1237/1636
f 1022/1156/1637 1021/1158/1635 997/1237/1636 996/1238/1638
f 1023/1154/1639 1022/1156/1637 996/1238/1638 995/1239/1640
f 1024/1152/1641 1023/1154/1639 995/1239/1640 994/1240/1642
f 1025/1150/1643 1024/1152/1641 994/1240/1642 993/1241/1644
f 1026/1148/1645 1025/1150/1643 993/1241/1644 992/1242/1646
f 1027/1146/1647 1026/1148/1645 992/1242/1646 991/1243/1648
f 1028/1143/1649 1027/1146/1647 991/1243/1648 990/1244/1650
f 1009/1144/1612 1028/1143/1649 990/1244/1650 989/1245/1613
f 989/1246/1613 990/1247/1650 1030/1248/1651 1029/1249/1652
f 990/1247/1650 991/1250/1648 1031/1251/1653 1030/1248/1651
f 991/1250/1648 992/1252/1646 1032/1253/1654 1031/1251/1653
f 992/1252/1646 993/1254/1644 1033/1255/1655 1032/1253/1654
f 993/1254/1644 994/1256/1642 1034/1257/1656 1033/1255/1655
f 994/1256/1642 995/1258/1640 1035/1259/1657 1034/1257/1656
f 995/1258/1640 996/1260/1638 1036/1261/1658 1035/1259/1657
f 996/1260/1638 997/1262/1636 1037/1263/1659 1036/1261/1658
f 997/1262/1636 998/1264/1634 1038/1265/1660 1037/1263/1659
f 998/1264/1634 999/1266/1632 1039/1267/1661 1038/1265/1660
f 999/1266/1632 1000/1268/1630 1040/1269/1662 1039/1267/1661
f 1000/1268/1630 1001/1270/1628 1041/1271/1663 1040/1269/1662
f 1001/1270/1628 1002/1272/1626 1042/1273/1664 1041/1271/1663
f 1002/1272/1626 1003/1274/1624 1043/1275/1665 1042/1273/1664
f 1003/1274/1624 1004/1276/1622 1044/1277/1666 1043/1275/1665
f 1004/1276/1622 1005/1278/1620 1045/1279/1667 1044/1277/1666
f 1005/1278/1620 1006/1280/1618 1046/1281/1668 1045/1279/1667
f 1006/1280/1618 1007/1282/1616 1047/1283/1669 1046/1281/1668
f 1007/1282/1616 1008/1284/1614 1048/1285/1670 1047/1283/1669
f 1008/1284/1614 989/1246/1613 1029/1249/1652 1048/1285/1670
s 37
f 1029/1249/1671 1030/1248/1672 1050/1286/1673 1049/1287/1674
f 1030/1248/1672 1031/1251/1675 1051/1288/1676 1050/1286/1673
f 1031/1251/1675 1032/1253/1677 1052/1289/1678 1051/1288/1676
f 1032/1253/1677 1033/1255/1679 1053/1290/1680 1052/1289/1678
f 1033/1255/1679 1034/1257/1681 1054/1291/1682 1053/1290/1680
f 1034/1257/1681 1035/1259/1683 1055/1292/1684 1054/1291/1682
f 1035/1259/1683 1036/1261/1685 1056/1293/1686 1055/1292/1684
f 1036/1261/1685 1037/1263/1687 1057/1294/1688 1056/1293/1686
f 1037/1263/1687 1038/1265/1689 1058/1295/1690 1057/1294/1688
f 1038/1265/1689 1039/1267/1691 1059/1296/1692 1058/1295/1690
f 1039/1267/1691 1040/1269/1693 1060/1297/1694 1059/1296/1692
f 1040/1269/1693 1041/1271/1695 1061/1298/1696 1060/1297/1694
f 1041/1271/1695 1042/1273/1697 1062/1299/1698 1061/1298/1696
f 1042/1273/1697 1043/1275/1699 1063/1300/1700 1062/1299/1698
f 1043/1275/1699 1044/1277/1701 1064/1301/1702 1063/1300/1700
f 1044/1277/1701 1045/1279/1703 1065/1302/1704 1064/1301/1702
f 1045/1279/1703 1046/1281/1705 1066/1303/1706 1065/1302/1704
f 1046/1281/1705 1047/1283/1707 1067/1304/1708 1066/1303/1706
f 1047/1283/1707 1048/1285/1709 1068/1305/1710 1067/1304/1708
f 1048/1285/1709 1029/1249/1671 1049/1287/1674 1068/1305/1710
s 38
f 1049/1287/1711 1050/1286/1712 1070/1306/1713 1069/1307/1714
f 1050/1286/1712 1051/1288/1715 1071/1308/1716 1070/1306/1713
f 1051/1288/1715 1052/1289/1717 1072/1309/1718 1071/1308/1716
f 1052/1289/1717 1053/1290/1719 1073/1310/1720 1072/1309/1718
f 1053/1290/1719 1054/1291/1721 1074/1311/1722 1073/1310/1720
f 1054/1291/1721 1055/1292/1723 1075/1312/1724 1074/1311/1722
f 1055/1292/1723 1056/1293/1725 1076/1313/1726 1075/1312/1724
f 1056/1293/1725 1057/1294/1727 1077/1314/1728 1076/1313/1726
f 1057/1294/1727 1058/1295/1729 1078/1315/1730 1077/1314/1728
f 1058/1295/1729 1059/1296/1731 1079/1316/1732 1078/1315/1730
f 1059/1296/1731 1060/1297/1733 1080/1317/1734 1079/1316/1732
f 1060/1297/1733 1061/1298/1735 1081/1318/1736 1080/1317/1734
f 1061/1298/1735 1062/1299/1737 1082/1319/1738 1081/1318/1736
f 1062/1299/1737 1063/1300/1739 1083/1320/1740 1082/1319/1738
f 1063/1300/1739 1064/1301/1741 1084/1321/1742 1083/1320/1740
f 1064/1301/1741 1065/1302/1743 1085/1322/1744 1084/1321/1742
f 1065/1302/1743 1066/1303/1745 1086/1323/1746 1085/1322/1744
f 1066/1303/1745 1067/1304/1747 1087/1324/1748 1086/1323/1746
f 1067/1304/1747 1068/1305/1749 1088/1325/1750 1087/1324/1748
f 1068/1305/1749 1049/1287/1711 1069/1307/1714 1088/1325/1750
f 1069/1307/1714 1070/1306/1713 1090/1326/1751 1089/1327/1752
f 1070/1306/1713 1071/1308/1716 1091/1328/1753 1090/1326/1751
f 1071/1308/1716 1072/1309/1718 1092/1329/1754 1091/1328/1753
f 1072/1309/1718 1073/1310/1720 1093/1330/1755 1092/1329/1754
f 1073/1310/1720 1074/1311/1722 1094/1331/1756 1093/1330/1755
f 1074/1311/1722 1075/1312/1724 1095/1332/1757 1094/1331/1756
f 1075/1312/1724 1076/1313/1726 1096/1333/1758 1095/1332/1757
f 1076/1313/1726 1077/1314/1728 1097/1334/1759 1096/1333/1758
f 1077/1314/1728 1078/1315/1730 1098/1335/1760 1097/1334/1759
f 1078/1315/1730 1079/1316/1732 1099/1336/1761 1098/1335/1760
f 1079/1316/1732 1080/1317/1734 1100/1337/1762 1099/1336/1761
f 1080/1317/1734 1081/1318/1736 1101/1338/1763 1100/1337/1762
f 1081/1318/1736 1082/1319/1738 1102/1339/1764 1101/1338/1763
f 1082/1319/1738 1083/1320/1740 1103/1340/1765 1102/1339/1764
f 1083/1320/1740 1084/1321/1742 1104/1341/1766 1103/1340/1765
f 1084/1321/1742 1085/1322/1744 1105/1342/1767 1104/1341/1766
f 1085/1322/1744 1086/1323/1746 1106/1343/1768 1105/1342/1767
f 1086/1323/1746 1087/1324/1748 1107/1344/1769 1106/1343/1768
f 1087/1324/1748 1088/1325/1750 1108/1345/1770 1107/1344/1769
f 1088/1325/1750 1069/1307/1714 1089/1327/1752 1108/1345/1770
f 1089/1327/1752 1090/1326/1751 1110/1346/1771 1109/1347/1772
f 1090/1326/1751 1091/1328/1753 1111/1348/1773 1110/1346/1771
f 1091/1328/1753 1092/1329/1754 1112/1349/1774 1111/1348/1773
f 1092/1329/1754 1093/1330/1755 1113/1350/1775 1112/1349/1774
f 1093/1330/1755 1094/1331/1756 1114/1351/1776 1113/1350/1775
f 1094/1331/1756 1095/1332/1757 1115/1352/1777 1114/1351/1776
f 1095/1332/1757 1096/1333/1758 1116/1353/1778 1115/1352/1777
f 1096/1333/1758 1097/1334/1759 1117/1354/1779 1116/1353/1778
f 1097/1334/1759 1098/1335/1760 1118/1355/1780 1117/1354/1779
f 1098/1335/1760 1099/1336/1761 1119/1356/1781 1118/1355/1780
f 1099/1336/1761 1100/1337/1762 1120/1357/1782 1119/1356/1781
f 1100/1337/1762 1101/1338/1763 1121/1358/1783 1120/1357/1782
f 1101/1338/1763 1102/1339/1764 1122/1359/1784 1121/1358/1783
f 1102/1339/1764 1103/1340/1765 1123/1360/1785 1122/1359/1784
f 1103/1340/1765 1104/1341/1766 1124/1361/1786 1123/1360/1785
f 1104/1341/1766 1105/1342/1767 1125/1362/1787 1124/1361/1786
f 1105/1342/1767 1106/1343/1768 1126/1363/1788 1125/1362/1787
f 1106/1343/1768 1107/1344/1769 1127/1364/1789 1126/1363/1788
f 1107/1344/1769 1108/1345/1770 1128/1365/1790 1127/1364/1789
f 1108/1345/1770 1089/1327/1752 1109/1347/1772 1128/1365/1790
f 1109/1347/1772 1110/1346/1771 1130/1205/1791 1129/1204/1792
f 1110/1346/1771 1111/1348/1773 1132/1207/1793 1130/1205/1791
f 1111/1348/1773 1112/1349/1774 1133/1208/1794 1132/1207/1793
f 1112/1349/1774 1113/1350/1775 1134/1209/1795 1133/1208/1794
f 1113/1350/1775 1114/1351/1776 1135/1210/1796 1134/1209/1795
f 1114/1351/1776 1115/1352/1777 1136/1211/1797 1135/1210/1796
f 1115/1352/1777 1116/1353/1778 1137/1212/1798 1136/1211/1797
f 1116/1353/1778 1117/1354/1779 1138/1213/1799 1137/1212/1798
f 1117/1354/1779 1118/1355/1780 1139/1214/1800 1138/1213/1799
f 1118/1355/1780 1119/1356/1781 1140/1215/1801 1139/1214/1800
f 1119/1356/1781 1120/1357/1782 1141/1216/1802 1140/1215/1801
f 1120/1357/1782 1121/1358/1783 1142/1217/1803 1141/1216/1802
f 1121/1358/1783 1122/1359/1784 1143/1218/1804 1142/1217/1803
f 1122/1359/1784 1123/1360/1785 1144/1219/1805 1143/1218/1804
f 1123/1360/1785 1124/1361/1786 1145/1220/1806 1144/1219/1805
f 1124/1361/1786 1125/1362/1787 1146/1221/1807 1145/1220/1806
f 1125/1362/1787 1126/1363/1788 1147/1222/1808 1146/1221/1807
f 1126/1363/1788 1127/1364/1789 1148/1223/1809 1147/1222/1808
f 1127/1364/1789 1128/1365/1790 1149/1224/1810 1148/1223/1809
f 1128/1365/1790 1109/1347/1772 1129/1204/1792 1149/1224/1810
s 33
f 970/1366/1530 969/1367/1529 1150/1368/1811 1151/1369/1812
f 971/1370/1533 970/1366/1530 1151/1369/1812 1152/1371/1813
f 972/1372/1535 971/1370/1533 1152/1371/1813 1153/1373/1814
f 973/1374/1537 972/1372/1535 1153/1373/1814 1154/1375/1815
f 974/1376/1539 973/1374/1537 1154/1375/1815 1155/1377/1816
f 975/1378/1541 974/1376/1539 1155/1377/1816 1156/1379/1817
f 976/1380/1543 975/1378/1541 1156/1379/1817 1157/1381/1818
f 977/1382/1545 976/1380/1543 1157/1381/1818 1158/1383/1819
f 978/1384/1547 977/1382/1545 1158/1383/1819 1159/1385/1820
f 979/1386/1549 978/1384/1547 1159/1385/1820 1160/1387/1821
f 980/1388/1551 979/1386/1549 1160/1387/1821 1161/1389/1822
f 981/1390/1553 980/1388/1551 1161/1389/1822 1162/1391/1823
f 982/1392/1555 981/1390/1553 1162/1391/1823 1163/1393/1824
f 983/1394/1557 982/1392/1555 1163/1393/1824 1164/1395/1825
f 984/1396/1559 983/1394/1557 1164/1395/1825 1165/1397/1826
f 985/1398/1561 984/1396/1559 1165/1397/1826 1166/1399/1827
f 986/1400/1563 985/1398/1561 1166/1399/1827 1167/1401/1828
f 987/1402/1565 986/1400/1563 1167/1401/1828 1168/1403/1829
f 988/1404/1567 987/1402/1565 1168/1403/1829 1169/1405/1830
f 969/1367/1529 988/1404/1567 1169/1405/1830 1150/1368/1811
s 39
f 1151/1369/1831 1150/1368/1832 1170/1406/1833 1171/1407/1834
f 1152/1371/1835 1151/1369/1831 1171/1407/1834 1172/1408/1836
f 1153/1373/1837 1152/1371/1835 1172/1408/1836 1173/1409/1838
f 1154/1375/1839 1153/1373/1837 1173/1409/1838 1174/1410/1840
f 1155/1377/1841 1154/1375/1839 1174/1410/1840 1175/1411/1842
f 1156/1379/1843 1155/1377/1841 1175/1411/1842 1176/1412/1844
f 1157/1381/1845 1156/1379/1843 1176/1412/1844 1177/1413/1846
f 1158/1383/1847 1157/1381/1845 1177/1413/1846 1178/1414/1848
f 1159/1385/1849 1158/1383/1847 1178/1414/1848 1179/1415/1850
f 1160/1387/1851 1159/1385/1849 1179/1415/1850 1180/1416/1852
f 1161/1389/1853 1160/1387/1851 1180/1416/1852 1181/1417/1854
f 1162/1391/1855 1161/1389/1853 1181/1417/1854 1182/1418/1856
f 1163/1393/1857 1162/1391/1855 1182/1418/1856 1183/1419/1858
f 1164/1395/1859 1163/1393/1857 1183/1419/1858 1184/1420/1860
f 1165/1397/1861 1164/1395/1859 1184/1420/1860 1185/1421/1862
f 1166/1399/1863 1165/1397/1861 1185/1421/1862 1186/1422/1864
f 1167/1401/1865 1166/1399/1863 1186/1422/1864 1187/1423/1866
f 1168/1403/1867 1167/1401/1865 1187/1423/1866 1188/1424/1868
f 1169/1405/1869 1168/1403/1867 1188/1424/1868 1189/1425/1870
f 1150/1368/1832 1169/1405/1869 1189/1425/1870 1170/1406/1833
s 40
f 1171/1407/1871 1170/1406/1872 1190/1184/1873 1191/1183/1874
f 1172/1408/1875 1171/1407/1871 1191/1183/1874 1193/1186/1876
f 1173/1409/1877 1172/1408/1875 1193/1186/1876 1194/1187/1878
f 1174/1410/1879 1173/1409/1877 1194/1187/1878 1195/1188/1880
f 1175/1411/1881 1174/1410/1879 1195/1188/1880 1196/1189/1882
f 1176/1412/1883 1175/1411/1881 1196/1189/1882 1197/1190/1884
f 1177/1413/1885 1176/1412/1883 1197/1190/1884 1198/1191/1886
f 1178/1414/1887 1177/1413/1885 1198/1191/1886 1199/1192/1888
f 1179/1415/1889 1178/1414/1887 1199/1192/1888 1200/1193/1890
f 1180/1416/1891 1179/1415/1889 1200/1193/1890 1201/1194/1892
f 1181/1417/1893 1180/1416/1891 1201/1194/1892 1202/1195/1894
f 1182/1418/1895 1181/1417/1893 1202/1195/1894 1203/1196/1896
f 1183/1419/1897 1182/1418/1895 1203/1196/1896 1204/1197/1898
f 1184/1420/1899 1183/1419/1897 1204/1197/1898 1205/1198/1900
f 1185/1421/1901 1184/1420/1899 1205/1198/1900 1206/1199/1902
f 1186/1422/1903 1185/1421/1901 1206/1199/1902 1207/1200/1904
f 1187/1423/1905 1186/1422/1903 1207/1200/1904 1208/1201/1906
f 1188/1424/1907 1187/1423/1905 1208/1201/1906 1209/1202/1908
f 1189/1425/1909 1188/1424/1907 1209/1202/1908 1210/1203/1910
f 1170/1406/1872 1189/1425/1909 1210/1203/1910 1190/1184/1873
s 41
f 1211/1426/1911 1212/1427/1912 1270/1428/1913 1251/1429/1914
f 1212/1427/1912 1213/1430/1915 1269/1431/1916 1270/1428/1913
f 1213/1430/1915 1214/1432/1917 1268/1433/1918 1269/1431/1916
f 1214/1432/1917 1215/1434/1919 1267/1435/1920 1268/1433/1918
f 1215/1434/1919 1216/1436/1921 1266/1437/1922 1267/1435/1920
f 1216/1436/1921 1217/1438/1923 1265/1439/1924 1266/1437/1922
f 1217/1438/1923 1218/1440/1925 1264/1441/1926 1265/1439/1924
f 1218/1440/1925 1219/1442/1927 1263/1443/1928 1264/1441/1926
f 1219/1442/1927 1220/1444/1929 1262/1445/1930 1263/1443/1928
f 1220/1444/1929 1221/1446/1931 1261/1447/1932 1262/1445/1930
f 1221/1446/1931 1222/1448/1933 1260/1449/1934 1261/1447/1932
f 1222/1448/1933 1223/1450/1935 1259/1451/1936 1260/1449/1934
f 1223/1450/1935 1224/1452/1937 1258/1453/1938 1259/1451/1936
f 1224/1452/1937 1225/1454/1939 1257/1455/1940 1258/1453/1938
f 1225/1454/1939 1226/1456/1941 1256/1457/1942 1257/1455/1940
f 1226/1456/1941 1227/1458/1943 1255/1459/1944 1256/1457/1942
f 1227/1458/1943 1228/1460/1945 1254/1461/1946 1255/1459/1944
f 1228/1460/1945 1229/1462/1947 1253/1463/1948 1254/1461/1946
f 1229/1462/1947 1230/1464/1949 1252/1465/1950 1253/1463/1948
f 1230/1464/1949 1211/1466/1911 1251/1467/1914 1252/1465/1950
s 42
f 1433/1468/1951 1432/1469/1952 1434/1470/1953
f 1435/1471/1954 1433/1468/1951 1434/1470/1953
f 1436/1472/1955 1435/1471/1954 1434/1470/1953
f 1437/1473/1956 1436/1472/1955 1434/1470/1953
f 1438/1474/1957 1437/1473/1956 1434/1470/1953
f 1439/1475/1958 1438/1474/1957 1434/1470/1953
f 1440/1476/1959 1439/1475/1958 1434/1470/1953
f 1441/1477/1960 1440/1476/1959 1434/1470/1953
f 1442/1478/1961 1441/1477/1960 1434/1470/1953
f 1443/1479/1962 1442/1478/1961 1434/1470/1953
f 1444/1480/1963 1443/1479/1962 1434/1470/1953
f 1445/1481/1964 1444/1480/1963 1434/1470/1953
f 1446/1482/1965 1445/1481/1964 1434/1470/1953
f 1447/1483/1966 1446/1482/1965 1434/1470/1953
f 1448/1484/1967 1447/1483/1966 1434/1470/1953
f 1449/1485/1968 1448/1484/1967 1434/1470/1953
f 1450/1486/1969 1449/1485/1968 1434/1470/1953
f 1451/1487/1970 1450/1486/1969 1434/1470/1953
f 1452/1488/1971 1451/1487/1970 1434/1470/1953
f 1432/1469/1952 1452/1488/1971 1434/1470/1953
s 43
f 1371/1489/1972 1372/1490/1973 1373/1491/1974
f 1372/1490/1973 1374/1492/1975 1373/1491/1974
f 1374/1492/1975 1375/1493/1976 1373/1491/1974
f 1375/1493/1976 1376/1494/1977 1373/1491/1974
f 1376/1494/1977 1377/1495/1978 1373/1491/1974
f 1377/1495/1978 1378/1496/1979 1373/1491/1974
f 1378/1496/1979 1379/1497/1980 1373/1491/1974
f 1379/1497/1980 1380/1498/1981 1373/1491/1974
f 1380/1498/1981 1381/1499/1982 1373/1491/1974
f 1381/1499/1982 1382/1500/1983 1373/1491/1974
f 1382/1500/1983 1383/1501/1984 1373/1491/1974
f 1383/1501/1984 1384/1502/1985 1373/1491/1974
f 1384/1502/1985 1385/1503/1986 1373/1491/1974
f 1385/1503/1986 1386/1504/1987 1373/1491/1974
f 1386/1504/1987 1387/1505/1988 1373/1491/1974
f 1387/1505/1988 1388/1506/1989 1373/1491/1974
f 1388/1506/1989 1389/1507/1990 1373/1491/1974
f 1389/1507/1990 1390/1508/1991 1373/1491/1974
f 1390/1508/1991 1391/1509/1992 1373/1491/1974
f 1391/1509/1992 1371/1489/1972 1373/1491/1974
s 44
f 1252/1465/1993 1251/1467/1994 1231/1510/1995 1250/1511/1996
f 1253/1463/1997 1252/1465/1993 1250/1511/1996 1249/1512/1998
f 1254/1461/1999 1253/1463/1997 1249/1512/1998 1248/1513/2000
f 1255/1459/2001 1254/1461/1999 1248/1513/2000 1247/1514/2002
f 1256/1457/2003 1255/1459/2001 1247/1514/2002 1246/1515/2004
f 1257/1455/2005 1256/1457/2003 1246/1515/2004 1245/1516/2006
f 1258/1453/2007 1257/1455/2005 1245/1516/2006 1244/1517/2008
f 1259/1451/2009 1258/1453/2007 1244/1517/2008 1243/1518/2010
f 1260/1449/2011 1259/1451/2009 1243/1518/2010 1242/1519/2012
f 1261/1447/2013 1260/1449/2011 1242/1519/2012 1241/1520/2014
f 1262/1445/2015 1261/1447/2013 1241/1520/2014 1240/1521/2016
f 1263/1443/2017 1262/1445/2015 1240/1521/2016 1239/1522/2018
f 1264/1441/2019 1263/1443/2017 1239/1522/2018 1238/1523/2020
f 1265/1439/2021 1264/1441/2019 1238/1523/2020 1237/1524/2022
f 1266/1437/2023 1265/1439/2021 1237/1524/2022 1236/1525/2024
f 1267/1435/2025 1266/1437/2023 1236/1525/2024 1235/1526/2026
f 1268/1433/2027 1267/1435/2025 1235/1526/2026 1234/1527/2028
f 1269/1431/2029 1268/1433/2027 1234/1527/2028 1233/1528/2030
f 1270/1428/2031 1269/1431/2029 1233/1528/2030 1232/1529/2032
f 1251/1429/1994 1270/1428/2031 1232/1529/2032 1231/1530/1995
f 1231/1531/1995 1232/1532/2032 1272/1533/2033 1271/1534/2034
f 1232/1532/2032 1233/1535/2030 1273/1536/2035 1272/1533/2033
f 1233/1535/2030 1234/1537/2028 1274/1538/2036 1273/1536/2035
f 1234/1537/2028 1235/1539/2026 1275/1540/2037 1274/1538/2036
f 1235/1539/2026 1236/1541/2024 1276/1542/2038 1275/1540/2037
f 1236/1541/2024 1237/1543/2022 1277/1544/2039 1276/1542/2038
f 1237/1543/2022 1238/1545/2020 1278/1546/2040 1277/1544/2039
f 1238/1545/2020 1239/1547/2018 1279/1548/2041 1278/1546/2040
f 1239/1547/2018 1240/1549/2016 1280/1550/2042 1279/1548/2041
f 1240/1549/2016 1241/1551/2014 1281/1552/2043 1280/1550/2042
f 1241/1551/2014 1242/1553/2012 1282/1554/2044 1281/1552/2043
f 1242/1553/2012 1243/1555/2010 1283/1556/2045 1282/1554/2044
f 1243/1555/2010 1244/1557/2008 1284/1558/2046 1283/1556/2045
f 1244/1557/2008 1245/1559/2006 1285/1560/2047 1284/1558/2046
f 1245/1559/2006 1246/1561/2004 1286/1562/2048 1285/1560/2047
f 1246/1561/2004 1247/1563/2002 1287/1564/2049 1286/1562/2048
f 1247/1563/2002 1248/1565/2000 1288/1566/2050 1287/1564/2049
f 1248/1565/2000 1249/1567/1998 1289/1568/2051 1288/1566/2050
f 1249/1567/1998 1250/1569/1996 1290/1570/2052 1289/1568/2051
f 1250/1569/1996 1231/1531/1995 1271/1534/2034 1290/1570/2052
s 45
f 1271/1534/2053 1272/1533/2054 1292/1571/2055 1291/1572/2056
f 1272/1533/2054 1273/1536/2057 1293/1573/2058 1292/1571/2055
f 1273/1536/2057 1274/1538/2059 1294/1574/2060 1293/1573/2058
f 1274/1538/2059 1275/1540/2061 1295/1575/2062 1294/1574/2060
f 1275/1540/2061 1276/1542/2063 1296/1576/2064 1295/1575/2062
f 1276/1542/2063 1277/1544/2065 1297/1577/2066 1296/1576/2064
f 1277/1544/2065 1278/1546/2067 1298/1578/2068 1297/1577/2066
f 1278/1546/2067 1279/1548/2069 1299/1579/2070 1298/1578/2068
f 1279/1548/2069 1280/1550/2071 1300/1580/2072 1299/1579/2070
f 1280/1550/2071 1281/1552/2073 1301/1581/2074 1300/1580/2072
f 1281/1552/2073 1282/1554/2075 1302/1582/2076 1301/1581/2074
f 1282/1554/2075 1283/1556/2077 1303/1583/2078 1302/1582/2076
f 1283/1556/2077 1284/1558/2079 1304/1584/2080 1303/1583/2078
f 1284/1558/2079 1285/1560/2081 1305/1585/2082 1304/1584/2080
f 1285/1560/2081 1286/1562/2083 1306/1586/2084 1305/1585/2082
f 1286/1562/2083 1287/1564/2085 1307/1587/2086 1306/1586/2084
f 1287/1564/2085 1288/1566/2087 1308/1588/2088 1307/1587/2086
f 1288/1566/2087 1289/1568/2089 1309/1589/2090 1308/1588/2088
f 1289/1568/2089 1290/1570/2091 1310/1590/2092 1309/1589/2090
f 1290/1570/2091 1271/1534/2053 1291/1572/2056 1310/1590/2092
s 46
f 1291/1572/2093 1292/1571/2094 1312/1591/2095 1311/1592/2096
f 1292/1571/2094 1293/1573/2097 1313/1593/2098 1312/1591/2095
f 1293/1573/2097 1294/1574/2099 1314/1594/2100 1313/1593/2098
f 1294/1574/2099 1295/1575/2101 1315/1595/2102 1314/1594/2100
f 1295/1575/2101 1296/1576/2103 1316/1596/2104 1315/1595/2102
f 1296/1576/2103 1297/1577/2105 1317/1597/2106 1316/1596/2104
f 1297/1577/2105 1298/1578/2107 1318/1598/2108 1317/1597/2106
f 1298/1578/2107 1299/1579/2109 1319/1599/2110 1318/1598/2108
f 1299/1579/2109 1300/1580/2111 1320/1600/2112 1319/1599/2110
f 1300/1580/2111 1301/1581/2113 1321/1601/2114 1320/1600/2112
f 1301/1581/2113 1302/1582/2115 1322/1602/2116 1321/1601/2114
f 1302/1582/2115 1303/1583/2117 1323/1603/2118 1322/1602/2116
f 1303/1583/2117 1304/1584/2119 1324/1604/2120 1323/1603/2118
f 1304/1584/2119 1305/1585/2121 1325/1605/2122 1324/1604/2120
f 1305/1585/2121 1306/1586/2123 1326/1606/2124 1325/1605/2122
f 1306/1586/2123 1307/1587/2125 1327/1607/2126 1326/1606/2124
f 1307/1587/2125 1308/1588/2127 1328/1608/2128 1327/1607/2126
f 1308/1588/2127 1309/1589/2129 1329/1609/2130 1328/1608/2128
f 1309/1589/2129 1310/1590/2131 1330/1610/2132 1329/1609/2130
f 1310/1590/2131 1291/1572/2093 1311/1592/2096 1330/1610/2132
f 1311/1592/2096 1312/1591/2095 1332/1611/2133 1331/1612/2134
f 1312/1591/2095 1313/1593/2098 1333/1613/2135 1332/1611/2133
f 1313/1593/2098 1314/1594/2100 1334/1614/2136 1333/1613/2135
f 1314/1594/2100 1315/1595/2102 1335/1615/2137 1334/1614/2136
f 1315/1595/2102 1316/1596/2104 1336/1616/2138 1335/1615/2137
f 1316/1596/2104 1317/1597/2106 1337/1617/2139 1336/1616/2138
f 1317/1597/2106 1318/1598/2108 1338/1618/2140 1337/1617/2139
f 1318/1598/2108 1319/1599/2110 1339/1619/2141 1338/1618/2140
f 1319/1599/2110 1320/1600/2112 1340/1620/2142 1339/1619/2141
f 1320/1600/2112 1321/1601/2114 1341/1621/2143 1340/1620/2142
f 1321/1601/2114 1322/1602/2116 1342/1622/2144 1341/1621/2143
f 1322/1602/2116 1323/1603/2118 1343/1623/2145 1342/1622/2144
f 1323/1603/2118 1324/1604/2120 1344/1624/2146 1343/1623/2145
f 1324/1604/2120 1325/1605/2122 1345/1625/2147 1344/1624/2146
f 1325/1605/2122 1326/1606/2124 1346/1626/2148 1345/1625/2147
f 1326/1606/2124 1327/1607/2126 1347/1627/2149 1346/1626/2148
f 1327/1607/2126 1328/1608/2128 1348/1628/2150 1347/1627/2149
f 1328/1608/2128 1329/1609/2130 1349/1629/2151 1348/1628/2150
f 1329/1609/2130 1330/1610/2132 1350/1630/2152 1349/1629/2151
f 1330/1610/2132 1311/1592/2096 1331/1612/2134 1350/1630/2152
f 1331/1612/2134 1332/1611/2133 1352/1631/2153 1351/1632/2154
f 1332/1611/2133 1333/1613/2135 1353/1633/2155 1352/1631/2153
f 1333/1613/2135 1334/1614/2136 1354/1634/2156 1353/1633/2155
f 1334/1614/2136 1335/1615/2137 1355/1635/2157 1354/1634/2156
f 1335/1615/2137 1336/1616/2138 1356/1636/2158 1355/1635/2157
f 1336/1616/2138 1337/1617/2139 1357/1637/2159 1356/1636/2158
f 1337/1617/2139 1338/1618/2140 1358/1638/2160 1357/1637/2159
f 1338/1618/2140 1339/1619/2141 1359/1639/2161 1358/1638/2160
f 1339/1619/2141 1340/1620/2142 1360/1640/2162 1359/1639/2161
f 1340/1620/2142 1341/1621/2143 1361/1641/2163 1360/1640/2162
f 1341/1621/2143 1342/1622/2144 1362/1642/2164 1361/1641/2163
f 1342/1622/2144 1343/1623/2145 1363/1643/2165 1362/1642/2164
f 1343/1623/2145 1344/1624/2146 1364/1644/2166 1363/1643/2165
f 1344/1624/2146 1345/1625/2147 1365/1645/2167 1364/1644/2166
f 1345/1625/2147 1346/1626/2148 1366/1646/2168 1365/1645/2167
f 1346/1626/2148 1347/1627/2149 1367/1647/2169 1366/1646/2168
f 1347/1627/2149 1348/1628/2150 1368/1648/2170 1367/1647/2169
f 1348/1628/2150 1349/1629/2151 1369/1649/2171 1368/1648/2170
f 1349/1629/2151 1350/1630/2152 1370/1650/2172 1369/1649/2171
f 1350/1630/2152 1331/1612/2134 1351/1632/2154 1370/1650/2172
f 1351/1632/2154 1352/1631/2153 1372/1490/2173 1371/1489/2174
f 1352/1631/2153 1353/1633/2155 1374/1492/2175 1372/1490/2173
f 1353/1633/2155 1354/1634/2156 1375/1493/2176 1374/1492/2175
f 1354/1634/2156 1355/1635/2157 1376/1494/2177 1375/1493/2176
f 1355/1635/2157 1356/1636/2158 1377/1495/2178 1376/1494/2177
f 1356/1636/2158 1357/1637/2159 1378/1496/2179 1377/1495/2178
f 1357/1637/2159 1358/1638/2160 1379/1497/2180 1378/1496/2179
f 1358/1638/2160 1359/1639/2161 1380/1498/2181 1379/1497/2180
f 1359/1639/2161 1360/1640/2162 1381/1499/2182 1380/1498/2181
f 1360/1640/2162 1361/1641/2163 1382/1500/2183 1381/1499/2182
f 1361/1641/2163 1362/1642/2164 1383/1501/2184 1382/1500/2183
f 1362/1642/2164 1363/1643/2165 1384/1502/2185 1383/1501/2184
f 1363/1643/2165 1364/1644/2166 1385/1503/2186 1384/1502/2185
f 1364/1644/2166 1365/1645/2167 1386/1504/2187 1385/1503/2186
f 1365/1645/2167 1366/1646/2168 1387/1505/2188 1386/1504/2187
f 1366/1646/2168 1367/1647/2169 1388/1506/2189 1387/1505/2188
f 1367/1647/2169 1368/1648/2170 1389/1507/2190 1388/1506/2189
f 1368/1648/2170 1369/1649/2171 1390/1508/2191 1389/1507/2190
f 1369/1649/2171 1370/1650/2172 1391/1509/2192 1390/1508/2191
f 1370/1650/2172 1351/1632/2154 1371/1489/2174 1391/1509/2192
s 41
f 1212/1651/1912 1211/1652/1911 1392/1653/2193 1393/1654/2194
f 1213/1655/1915 1212/1651/1912 1393/1654/2194 1394/1656/2195
f 1214/1657/1917 1213/1655/1915 1394/1656/2195 1395/1658/2196
f 1215/1659/1919 1214/1657/1917 1395/1658/2196 1396/1660/2197
f 1216/1661/1921 1215/1659/1919 1396/1660/2197 1397/1662/2198
f 1217/1663/1923 1216/1661/1921 1397/1662/2198 1398/1664/2199
f 1218/1665/1925 1217/1663/1923 1398/1664/2199 1399/1666/2200
f 1219/1667/1927 1218/1665/1925 1399/1666/2200 1400/1668/2201
f 1220/1669/1929 1219/1667/1927 1400/1668/2201 1401/1670/2202
f 1221/1671/1931 1220/1669/1929 1401/1670/2202 1402/1672/2203
f 1222/1673/1933 1221/1671/1931 1402/1672/2203 1403/1674/2204
f 1223/1675/1935 1222/1673/1933 1403/1674/2204 1404/1676/2205
f 1224/1677/1937 1223/1675/1935 1404/1676/2205 1405/1678/2206
f 1225/1679/1939 1224/1677/1937 1405/1678/2206 1406/1680/2207
f 1226/1681/1941 1225/1679/1939 1406/1680/2207 1407/1682/2208
f 1227/1683/1943 1226/1681/1941 1407/1682/2208 1408/1684/2209
f 1228/1685/1945 1227/1683/1943 1408/1684/2209 1409/1686/2210
f 1229/1687/1947 1228/1685/1945 1409/1686/2210 1410/1688/2211
f 1230/1689/1949 1229/1687/1947 1410/1688/2211 1411/1690/2212
f 1211/1652/1911 1230/1689/1949 1411/1690/2212 1392/1653/2193
s 47
f 1393/1654/2213 1392/1653/2214 1412/1691/2215 1413/1692/2216
f 1394/1656/2217 1393/1654/2213 1413/1692/2216 1414/1693/2218
f 1395/1658/2219 1394/1656/2217 1414/1693/2218 1415/1694/2220
f 1396/1660/2221 1395/1658/2219 1415/1694/2220 1416/1695/2222
f 1397/1662/2223 1396/1660/2221 1416/1695/2222 1417/1696/2224
f 1398/1664/2225 1397/1662/2223 1417/1696/2224 1418/1697/2226
f 1399/1666/2227 1398/1664/2225 1418/1697/2226 1419/1698/2228
f 1400/1668/2229 1399/1666/2227 1419/1698/2228 1420/1699/2230
f 1401/1670/2231 1400/1668/2229 1420/1699/2230 1421/1700/2232
f 1402/1672/2233 1401/1670/2231 1421/1700/2232 1422/1701/2234
f 1403/1674/2235 1402/1672/2233 1422/1701/2234 1423/1702/2236
f 1404/1676/2237 1403/1674/2235 1423/1702/2236 1424/1703/2238
f 1405/1678/2239 1404/1676/2237 1424/1703/2238 1425/1704/2240
f 1406/1680/2241 1405/1678/2239 1425/1704/2240 1426/1705/2242
f 1407/1682/2243 1406/1680/2241 1426/1705/2242 1427/1706/2244
f 1408/1684/2245 1407/1682/2243 1427/1706/2244 1428/1707/2246
f 1409/1686/2247 1408/1684/2245 1428/1707/2246 1429/1708/2248
f 1410/1688/2249 1409/1686/2247 1429/1708/2248 1430/1709/2250
f 1411/1690/2251 1410/1688/2249 1430/1709/2250 1431/1710/2252
f 1392/1653/2214 1411/1690/2251 1431/1710/2252 1412/1691/2215
s 48
f 1413/1692/2253 1412/1691/2254 1432/1469/2255 1433/1468/2256
f 1414/1693/2257 1413/1692/2253 1433/1468/2256 1435/1471/2258
f 1415/1694/2259 1414/1693/2257 1435/1471/2258 1436/1472/2260
f 1416/1695/2261 1415/1694/2259 1436/1472/2260 1437/1473/2262
f 1417/1696/2263 1416/1695/2261 1437/1473/2262 1438/1474/2264
f 1418/1697/2265 1417/1696/2263 1438/1474/2264 1439/1475/2266
f 1419/1698/2267 1418/1697/2265 1439/1475/2266 1440/1476/2268
f 1420/1699/2269 1419/1698/2267 1440/1476/2268 1441/1477/2270
f 1421/1700/2271 1420/1699/2269 1441/1477/2270 1442/1478/2272
f 1422/1701/2273 1421/1700/2271 1442/1478/2272 1443/1479/2274
f 1423/1702/2275 1422/1701/2273 1443/1479/2274 1444/1480/2276
f 1424/1703/2277 1423/1702/2275 1444/1480/2276 1445/1481/2278
f 1425/1704/2279 1424/1703/2277 1445/1481/2278 1446/1482/2280
f 1426/1705/2281 1425/1704/2279 1446/1482/2280 1447/1483/2282
f 1427/1706/2283 1426/1705/2281 1447/1483/2282 1448/1484/2284
f 1428/1707/2285 1427/1706/2283 1448/1484/2284 1449/1485/2286
f 1429/1708/2287 1428/1707/2285 1449/1485/2286 1450/1486/2288
f 1430/1709/2289 1429/1708/2287 1450/1486/2288 1451/1487/2290
f 1431/1710/2291 1430/1709/2289 1451/1487/2290 1452/1488/2292
f 1412/1691/2254 1431/1710/2291 1452/1488/2292 1432/1469/2255
s 49
f 1453/1711/2293 1454/1712/2294 1512/1713/2295 1493/1714/2296
f 1454/1712/2294 1455/1715/2297 1511/1716/2298 1512/1713/2295
f 1455/1715/2297 1456/1717/2299 1510/1718/2300 1511/1716/2298
f 1456/1717/2299 1457/1719/2301 1509/1720/2302 1510/1718/2300
f 1457/1719/2301 1458/1721/2303 1508/1722/2304 1509/1720/2302
f 1458/1721/2303 1459/1723/2305 1507/1724/2306 1508/1722/2304
f 1459/1723/2305 1460/1725/2307 1506/1726/2308 1507/1724/2306
f 1460/1725/2307 1461/1727/2309 1505/1728/2310 1506/1726/2308
f 1461/1727/2309 1462/1729/2311 1504/1730/2312 1505/1728/2310
f 1462/1729/2311 1463/1731/2313 1503/1732/2314 1504/1730/2312
f 1463/1731/2313 1464/1733/2315 1502/1734/2316 1503/1732/2314
f 1464/1733/2315 1465/1735/2317 1501/1736/2318 1502/1734/2316
f 1465/1735/2317 1466/1737/2319 1500/1738/2320 1501/1736/2318
f 1466/1737/2319 1467/1739/2321 1499/1740/2322 1500/1738/2320
f 1467/1739/2321 1468/1741/2323 1498/1742/2324 1499/1740/2322
f 1468/1741/2323 1469/1743/2325 1497/1744/2326 1498/1742/2324
f 1469/1743/2325 1470/1745/2327 1496/1746/2328 1497/1744/2326
f 1470/1745/2327 1471/1747/2329 1495/1748/2330 1496/1746/2328
f 1471/1747/2329 1472/1749/2331 1494/1750/2332 1495/1748/2330
f 1472/1749/2331 1453/1751/2293 1493/1752/2296 1494/1750/2332
s 50
f 1675/1753/2333 1674/1754/2334 1676/1755/2335
f 1677/1756/2336 1675/1753/2333 1676/1755/2335
f 1678/1757/2337 1677/1756/2336 1676/1755/2335
f 1679/1758/2338 1678/1757/2337 1676/1755/2335
f 1680/1759/2339 1679/1758/2338 1676/1755/2335
f 1681/1760/2340 1680/1759/2339 1676/1755/2335
f 1682/1761/2341 1681/1760/2340 1676/1755/2335
f 1683/1762/2342 1682/1761/2341 1676/1755/2335
f 1684/1763/2343 1683/1762/2342 1676/1755/2335
f 1685/1764/2344 1684/1763/2343 1676/1755/2335
f 1686/1765/2345 1685/1764/2344 1676/1755/2335
f 1687/1766/2346 1686/1765/2345 1676/1755/2335
f 1688/1767/2347 1687/1766/2346 1676/1755/2335
f 1689/1768/2348 1688/1767/2347 1676/1755/2335
f 1690/1769/2349 1689/1768/2348 1676/1755/2335
f 1691/1770/2350 1690/1769/2349 1676/1755/2335
f 1692/1771/2351 1691/1770/2350 1676/1755/2335
f 1693/1772/2352 1692/1771/2351 1676/1755/2335
f 1694/1773/2353 1693/1772/2352 1676/1755/2335
f 1674/1754/2334 1694/1773/2353 1676/1755/2335
s 51
f 1613/1774/2354 1614/1775/2355 1615/1776/2356
f 1614/1775/2355 1616/1777/2357 1615/1776/2356
f 1616/1777/2357 1617/1778/2358 1615/1776/2356
f 1617/1778/2358 1618/1779/2359 1615/1776/2356
f 1618/1779/2359 1619/1780/2360 1615/1776/2356
f 1619/1780/2360 1620/1781/2361 1615/1776/2356
f 1620/1781/2361 1621/1782/2362 1615/1776/2356
f 1621/1782/2362 1622/1783/2363 1615/1776/2356
f 1622/1783/2363 1623/1784/2364 1615/1776/2356
f 1623/1784/2364 1624/1785/2365 1615/1776/2356
f 1624/1785/2365 1625/1786/2366 1615/1776/2356
f 1625/1786/2366 1626/1787/2367 1615/1776/2356
f 1626/1787/2367 1627/1788/2368 1615/1776/2356
f 1627/1788/2368 1628/1789/2369 1615/1776/2356
f 1628/1789/2369 1629/1790/2370 1615/1776/2356
f 1629/1790/2370 1630/1791/2371 1615/1776/2356
f 1630/1791/2371 1631/1792/2372 1615/1776/2356
f 1631/1792/2372 1632/1793/2373 1615/1776/2356
f 1632/1793/2373 1633/1794/2374 1615/1776/2356
f 1633/1794/2374 1613/1774/2354 1615/1776/2356
s 52
f 1494/1750/2375 1493/1752/2376 1473/1795/2377 1492/1796/2378
f 1495/1748/2379 1494/1750/2375 1492/1796/2378 1491/1797/2380
f 1496/1746/2381 1495/1748/2379 1491/1797/2380 1490/1798/2382
f 1497/1744/2383 1496/1746/2381 1490/1798/2382 1489/1799/2384
f 1498/1742/2385 1497/1744/2383 1489/1799/2384 1488/1800/2386
f 1499/1740/2387 1498/1742/2385 1488/1800/2386 1487/1801/2388
f 1500/1738/2389 1499/1740/2387 1487/1801/2388 1486/1802/2390
f 1501/1736/2391 1500/1738/2389 1486/1802/2390 1485/1803/2392
f 1502/1734/2393 1501/1736/2391 1485/1803/2392 1484/1804/2394
f 1503/1732/2395 1502/1734/2393 1484/1804/2394 1483/1805/2396
f 1504/1730/2397 1503/1732/2395 1483/1805/2396 1482/1806/2398
f 1505/1728/2399 1504/1730/2397 1482/1806/2398 1481/1807/2400
f 1506/1726/2401 1505/1728/2399 1481/1807/2400 1480/1808/2402
f 1507/1724/2403 1506/1726/2401 1480/1808/2402 1479/1809/2404
f 1508/1722/2405 1507/1724/2403 1479/1809/2404 1478/1810/2406
f 1509/1720/2407 1508/1722/2405 1478/1810/2406 1477/1811/2408
f 1510/1718/2409 1509/1720/2407 1477/1811/2408 1476/1812/2410
f 1511/1716/2411 1510/1718/2409 1476/1812/2410 1475/1813/2412
f 1512/1713/2413 1511/1716/2411 1475/1813/2412 1474/1814/2414
f 1493/1714/2376 1512/1713/2413 1474/1814/2414 1473/1815/2377
f 1473/1816/2377 1474/1817/2414 1514/1818/2415 1513/1819/2416
f 1474/1817/2414 1475/1820/2412 1515/1821/2417 1514/1818/2415
f 1475/1820/2412 1476/1822/2410 1516/1823/2418 1515/1821/2417
f 1476/1822/2410 1477/1824/2408 1517/1825/2419 1516/1823/2418
f 1477/1824/2408 1478/1826/2406 1518/1827/2420 1517/1825/2419
f 1478/1826/2406 1479/1828/2404 1519/1829/2421 1518/1827/2420
f 1479/1828/2404 1480/1830/2402 1520/1831/2422 1519/1829/2421
f 1480/1830/2402 1481/1832/2400 1521/1833/2423 1520/1831/2422
f 1481/1832/2400 1482/1834/2398 1522/1835/2424 1521/1833/2423
f 1482/1834/2398 1483/1836/2396 1523/1837/2425 1522/1835/2424
f 1483/1836/2396 1484/1838/2394 1524/1839/2426 1523/1837/2425
f 1484/1838/2394 1485/1840/2392 1525/1841/2427 1524/1839/2426
f 1485/1840/2392 1486/1842/2390 1526/1843/2428 1525/1841/2427
f 1486/1842/2390 1487/1844/2388 1527/1845/2429 1526/1843/2428
f 1487/1844/2388 1488/1846/2386 1528/1847/2430 1527/1845/2429
f 1488/1846/2386 1489/1848/2384 1529/1849/2431 1528/1847/2430
f 1489/1848/2384 1490/1850/2382 1530/1851/2432 1529/1849/2431
f 1490/1850/2382 1491/1852/2380 1531/1853/2433 1530/1851/2432
f 1491/1852/2380 1492/1854/2378 1532/1855/2434 1531/1853/2433
f 1492/1854/2378 1473/1816/2377 1513/1819/2416 1532/1855/2434
s 53
f 1513/1819/2435 1514/1818/2436 1534/1856/2437 1533/1857/2438
f 1514/1818/2436 1515/1821/2439 1535/1858/2440 1534/1856/2437
f 1515/1821/2439 1516/1823/2441 1536/1859/2442 1535/1858/2440
f 1516/1823/2441 1517/1825/2443 1537/1860/2444 1536/1859/2442
f 1517/1825/2443 1518/1827/2445 1538/1861/2446 1537/1860/2444
f 1518/1827/2445 1519/1829/2447 1539/1862/2448 1538/1861/2446
f 1519/1829/2447 1520/1831/2449 1540/1863/2450 1539/1862/2448
f 1520/1831/2449 1521/1833/2451 1541/1864/2452 1540/1863/2450
f 1521/1833/2451 1522/1835/2453 1542/1865/2454 1541/1864/2452
f 1522/1835/2453 1523/1837/2455 1543/1866/2456 1542/1865/2454
f 1523/1837/2455 1524/1839/2457 1544/1867/2458 1543/1866/2456
f 1524/1839/2457 1525/1841/2459 1545/1868/2460 1544/1867/2458
f 1525/1841/2459 1526/1843/2461 1546/1869/2462 1545/1868/2460
f 1526/1843/2461 1527/1845/2463 1547/1870/2464 1546/1869/2462
f 1527/1845/2463 1528/1847/2465 1548/1871/2466 1547/1870/2464
f 1528/1847/2465 1529/1849/2467 1549/1872/2468 1548/1871/2466
f 1529/1849/2467 1530/1851/2469 1550/1873/2470 1549/1872/2468
f 1530/1851/2469 1531/1853/2471 1551/1874/2472 1550/1873/2470
f 1531/1853/2471 1532/1855/2473 1552/1875/2474 1551/1874/2472
f 1532/1855/2473 1513/1819/2435 1533/1857/2438 1552/1875/2474
s 54
f 1533/1857/2475 1534/1856/2476 1554/1876/2477 1553/1877/2478
f 1534/1856/2476 1535/1858/2479 1555/1878/2480 1554/1876/2477
f 1535/1858/2479 1536/1859/2481 1556/1879/2482 1555/1878/2480
f 1536/1859/2481 1537/1860/2483 1557/1880/2484 1556/1879/2482
f 1537/1860/2483 1538/1861/2485 1558/1881/2486 1557/1880/2484
f 1538/1861/2485 1539/1862/2487 1559/1882/2488 1558/1881/2486
f 1539/1862/2487 1540/1863/2489 1560/1883/2490 1559/1882/2488
f 1540/1863/2489 1541/1864/2491 1561/1884/2492 1560/1883/2490
f 1541/1864/2491 1542/1865/2493 1562/1885/2494 1561/1884/2492
f 1542/1865/2493 1543/1866/2495 1563/1886/2496 1562/1885/2494
f 1543/1866/2495 1544/1867/2497 1564/1887/2498 1563/1886/2496
f 1544/1867/2497 1545/1868/2499 1565/1888/2500 1564/1887/2498
f 1545/1868/2499 1546/1869/2501 1566/1889/2502 1565/1888/2500
f 1546/1869/2501 1547/1870/2503 1567/1890/2504 1566/1889/2502
f 1547/1870/2503 1548/1871/2505 1568/1891/2506 1567/1890/2504
f 1548/1871/2505 1549/1872/2507 1569/1892/2508 1568/1891/2506
f 1549/1872/2507 1550/1873/2509 1570/1893/2510 1569/1892/2508
f 1550/1873/2509 1551/1874/2511 1571/1894/2512 1570/1893/2510
f 1551/1874/2511 1552/1875/2513 1572/1895/2514 1571/1894/2512
f 1552/1875/2513 1533/1857/2475 1553/1877/2478 1572/1895/2514
f 1553/1877/2478 1554/1876/2477 1574/1896/2515 1573/1897/2516
f 1554/1876/2477 1555/1878/2480 1575/1898/2517 1574/1896/2515
f 1555/1878/2480 1556/1879/2482 1576/1899/2518 1575/1898/2517
f 1556/1879/2482 1557/1880/2484 1577/1900/2519 1576/1899/2518
f 1557/1880/2484 1558/1881/2486 1578/1901/2520 1577/1900/2519
f 1558/1881/2486 1559/1882/2488 1579/1902/2521 1578/1901/2520
f 1559/1882/2488 1560/1883/2490 1580/1903/2522 1579/1902/2521
f 1560/1883/2490 1561/1884/2492 1581/1904/2523 1580/1903/2522
f 1561/1884/2492 1562/1885/2494 1582/1905/2524 1581/1904/2523
f 1562/1885/2494 1563/1886/2496 1583/1906/2525 1582/1905/2524
f 1563/1886/2496 1564/1887/2498 1584/1907/2526 1583/1906/2525
f 1564/1887/2498 1565/1888/2500 1585/1908/2527 1584/1907/2526
f 1565/1888/2500 1566/1889/2502 1586/1909/2528 1585/1908/2527
f 1566/1889/2502 1567/1890/2504 1587/1910/2529 1586/1909/2528
f 1567/1890/2504 1568/1891/2506 1588/1911/2530 1587/1910/2529
f 1568/1891/2506 1569/1892/2508 1589/1912/2531 1588/1911/2530
f 1569/1892/2508 1570/1893/2510 1590/1913/2532 1589/1912/2531
f 1570/1893/2510 1571/1894/2512 1591/1914/2533 1590/1913/2532
f 1571/1894/2512 1572/1895/2514 1592/1915/2534 1591/1914/2533
f 1572/1895/2514 1553/1877/2478 1573/1897/2516 1592/1915/2534
f 1573/1897/2516 1574/1896/2515 1594/1916/2535 1593/1917/2536
f 1574/1896/2515 1575/1898/2517 1595/1918/2537 1594/1916/2535
f 1575/1898/2517 1576/1899/2518 1596/1919/2538 1595/1918/2537
f 1576/1899/2518 1577/1900/2519 1597/1920/2539 1596/1919/2538
f 1577/1900/2519 1578/1901/2520 1598/1921/2540 1597/1920/2539
f 1578/1901/2520 1579/1902/2521 1599/1922/2541 1598/1921/2540
f 1579/1902/2521 1580/1903/2522 1600/1923/2542 1599/1922/2541
f 1580/1903/2522 1581/1904/2523 1601/1924/2543 1600/1923/2542
f 1581/1904/2523 1582/1905/2524 1602/1925/2544 1601/1924/2543
f 1582/1905/2524 1583/1906/2525 1603/1926/2545 1602/1925/2544
f 1583/1906/2525 1584/1907/2526 1604/1927/2546 1603/1926/2545
f 1584/1907/2526 1585/1908/2527 1605/1928/2547 1604/1927/2546
f 1585/1908/2527 1586/1909/2528 1606/1929/2548 1605/1928/2547
f 1586/1909/2528 1587/1910/2529 1607/1930/2549 1606/1929/2548
f 1587/1910/2529 1588/1911/2530 1608/1931/2550 1607/1930/2549
f 1588/1911/2530 1589/1912/2531 1609/1932/2551 1608/1931/2550
f 1589/1912/2531 1590/1913/2532 1610/1933/2552 1609/1932/2551
f 1590/1913/2532 1591/1914/2533 1611/1934/2553 1610/1933/2552
f 1591/1914/2533 1592/1915/2534 1612/1935/2554 1611/1934/2553
f 1592/1915/2534 1573/1897/2516 1593/1917/2536 1612/1935/2554
f 1593/1917/2536 1594/1916/2535 1614/1775/2555 1613/1774/2556
f 1594/1916/2535 1595/1918/2537 1616/1777/2557 1614/1775/2555
f 1595/1918/2537 1596/1919/2538 1617/1778/2558 1616/1777/2557
f 1596/1919/2538 1597/1920/2539 1618/1779/2559 1617/1778/2558
f 1597/1920/2539 1598/1921/2540 1619/1780/2560 1618/1779/2559
f 1598/1921/2540 1599/1922/2541 1620/1781/2561 1619/1780/2560
f 1599/1922/2541 1600/1923/2542 1621/1782/2562 1620/1781/2561
f 1600/1923/2542 1601/1924/2543 1622/1783/2563 1621/1782/2562
f 1601/1924/2543 1602/1925/2544 1623/1784/2564 1622/1783/2563
f 1602/1925/2544 1603/1926/2545 1624/1785/2565 1623/1784/2564
f 1603/1926/2545 1604/1927/2546 1625/1786/2566 1624/1785/2565
f 1604/1927/2546 1605/1928/2547 1626/1787/2567 1625/1786/2566
f 1605/1928/2547 1606/1929/2548 1627/1788/2568 1626/1787/2567
f 1606/1929/2548 1607/1930/2549 1628/1789/2569 1627/1788/2568
f 1607/1930/2549 1608/1931/2550 1629/1790/2570 1628/1789/2569
f 1608/1931/2550 1609/1932/2551 1630/1791/2571 1629/1790/2570
f 1609/1932/2551 1610/1933/2552 1631/1792/2572 1630/1791/2571
f 1610/1933/2552 1611/1934/2553 1632/1793/2573 1631/1792/2572
f 1611/1934/2553 1612/1935/2554 1633/1794/2574 1632/1793/2573
f 1612/1935/2554 1593/1917/2536 1613/1774/2556 1633/1794/2574
s 49
f 1454/1936/2294 1453/1937/2293 1634/1938/2575 1635/1939/2576
f 1455/1940/2297 1454/1936/2294 1635/1939/2576 1636/1941/2577
f 1456/1942/2299 1455/1940/2297 1636/1941/2577 1637/1943/2578
f 1457/1944/2301 1456/1942/2299 1637/1943/2578 1638/1945/2579
f 1458/1946/2303 1457/1944/2301 1638/1945/2579 1639/1947/2580
f 1459/1948/2305 1458/1946/2303 1639/1947/2580 1640/1949/2581
f 1460/1950/2307 1459/1948/2305 1640/1949/2581 1641/1951/2582
f 1461/1952/2309 1460/1950/2307 1641/1951/2582 1642/1953/2583
f 1462/1954/2311 1461/1952/2309 1642/1953/2583 1643/1955/2584
f 1463/1956/2313 1462/1954/2311 1643/1955/2584 1644/1957/2585
f 1464/1958/2315 1463/1956/2313 1644/1957/2585 1645/1959/2586
f 1465/1960/2317 1464/1958/2315 1645/1959/2586 1646/1961/2587
f 1466/1962/2319 1465/1960/2317 1646/1961/2587 1647/1963/2588
f 1467/1964/2321 1466/1962/2319 1647/1963/2588 1648/1965/2589
f 1468/1966/2323 1467/1964/2321 1648/1965/2589 1649/1967/2590
f 1469/1968/2325 1468/1966/2323 1649/1967/2590 1650/1969/2591
f 1470/1970/2327 1469/1968/2325 1650/1969/2591 1651/1971/2592
f 1471/1972/2329 1470/1970/2327 1651/1971/2592 1652/1973/2593
f 1472/1974/2331 1471/1972/2329 1652/1973/2593 1653/1975/2594
f 1453/1937/2293 1472/1974/2331 1653/1975/2594 1634/1938/2575
s 55
f 1635/1939/2595 1634/1938/2596 1654/1976/2597 1655/1977/2598
f 1636/1941/2599 1635/1939/2595 1655/1977/2598 1656/1978/2600
f 1637/1943/2601 1636/1941/2599 1656/1978/2600 1657/1979/2602
f 1638/1945/2603 1637/1943/2601 1657/1979/2602 1658/1980/2604
f 1639/1947/2605 1638/1945/2603 1658/1980/2604 1659/1981/2606
f 1640/1949/2607 1639/1947/2605 1659/1981/2606 1660/1982/2608
f 1641/1951/2609 1640/1949/2607 1660/1982/2608 1661/1983/2610
f 1642/1953/2611 1641/1951/2609 1661/1983/2610 1662/1984/2612
f 1643/1955/2613 1642/1953/2611 1662/1984/2612 1663/1985/2614
f 1644/1957/2615 1643/1955/2613 1663/1985/2614 1664/1986/2616
f 1645/1959/2617 1644/1957/2615 1664/1986/2616 1665/1987/2618
f 1646/1961/2619 1645/1959/2617 1665/1987/2618 1666/1988/2620
f 1647/1963/2621 1646/1961/2619 1666/1988/2620 1667/1989/2622
f 1648/1965/2623 1647/1963/2621 1667/1989/2622 1668/1990/2624
f 1649/1967/2625 1648/1965/2623 1668/1990/2624 1669/1991/2626
f 1650/1969/2627 1649/1967/2625 1669/1991/2626 1670/1992/2628
f 1651/1971/2629 1650/1969/2627 1670/1992/2628 1671/1993/2630
f 1652/1973/2631 1651/1971/2629 1671/1993/2630 1672/1994/2632
f 1653/1975/2633 1652/1973/2631 1672/1994/2632 1673/1995/2634
f 1634/1938/2596 1653/1975/2633 1673/1995/2634 1654/1976/2597
s 56
f 1655/1977/2635 1654/1976/2636 1674/1754/2637 1675/1753/2638
f 1656/1978/2639 1655/1977/2635 1675/1753/2638 1677/1756/2640
f 1657/1979/2641 1656/1978/2639 1677/1756/2640 1678/1757/2642
f 1658/1980/2643 1657/1979/2641 1678/1757/2642 1679/1758/2644
f 1659/1981/2645 1658/1980/2643 1679/1758/2644 1680/1759/2646
f 1660/1982/2647 1659/1981/2645 1680/1759/2646 1681/1760/2648
f 1661/1983/2649 1660/1982/2647 1681/1760/2648 1682/1761/2650
f 1662/1984/2651 1661/1983/2649 1682/1761/2650 1683/1762/2652
f 1663/1985/2653 1662/1984/2651 1683/1762/2652 1684/1763/2654
f 1664/1986/2655 1663/1985/2653 1684/1763/2654 1685/1764/2656
f 1665/1987/2657 1664/1986/2655 1685/1764/2656 1686/1765/2658
f 1666/1988/2659 1665/1987/2657 1686/1765/2658 1687/1766/2660
f 1667/1989/2661 1666/1988/2659 1687/1766/2660 1688/1767/2662
f 1668/1990/2663 1667/1989/2661 1688/1767/2662 1689/1768/2664
f 1669/1991/2665 1668/1990/2663 1689/1768/2664 1690/1769/2666
f 1670/1992/2667 1669/1991/2665 1690/1769/2666 1691/1770/2668
f 1671/1993/2669 1670/1992/2667 1691/1770/2668 1692/1771/2670
f 1672/1994/2671 1671/1993/2669 1692/1771/2670 1693/1772/2672
f 1673/1995/2673 1672/1994/2671 1693/1772/2672 1694/1773/2674
f 1654/1976/2636 1673/1995/2673 1694/1773/2674 1674/1754/2637
s 57
f 1695/1996/2675 1696/1997/2676 1754/1998/2677 1735/1999/2678
f 1696/1997/2676 1697/2000/2679 1753/2001/2680 1754/1998/2677
f 1697/2000/2679 1698/2002/2681 1752/2003/2682 1753/2001/2680
f 1698/2002/2681 1699/2004/2683 1751/2005/2684 1752/2003/2682
f 1699/2004/2683 1700/2006/2685 1750/2007/2686 1751/2005/2684
f 1700/2006/2685 1701/2008/2687 1749/2009/2688 1750/2007/2686
f 1701/2008/2687 1702/2010/2689 1748/2011/2690 1749/2009/2688
f 1702/2010/2689 1703/2012/2691 1747/2013/2692 1748/2011/2690
f 1703/2012/2691 1704/2014/2693 1746/2015/2694 1747/2013/2692
f 1704/2014/2693 1705/2016/2695 1745/2017/2696 1746/2015/2694
f 1705/2016/2695 1706/2018/2697 1744/2019/2698 1745/2017/2696
f 1706/2018/2697 1707/2020/2699 1743/2021/2700 1744/2019/2698
f 1707/2020/2699 1708/2022/2701 1742/2023/2702 1743/2021/2700
f 1708/2022/2701 1709/2024/2703 1741/2025/2704 1742/2023/2702
f 1709/2024/2703 1710/2026/2705 1740/2027/2706 1741/2025/2704
f 1710/2026/2705 1711/2028/2707 1739/2029/2708 1740/2027/2706
f 1711/2028/2707 1712/2030/2709 1738/2031/2710 1739/2029/2708
f 1712/2030/2709 1713/2032/2711 1737/2033/2712 1738/2031/2710
f 1713/2032/2711 1714/2034/2713 1736/2035/2714 1737/2033/2712
f 1714/2034/2713 1695/2036/2675 1735/2037/2678 1736/2035/2714
s 58
f 1917/2038/2715 1916/2039/2716 1918/2040/2717
f 1919/2041/2718 1917/2038/2715 1918/2040/2717
f 1920/2042/2719 1919/2041/2718 1918/2040/2717
f 1921/2043/2720 1920/2042/2719 1918/2040/2717
f 1922/2044/2721 1921/2043/2720 1918/2040/2717
f 1923/2045/2722 1922/2044/2721 1918/2040/2717
f 1924/2046/2723 1923/2045/2722 1918/2040/2717
f 1925/2047/2724 1924/2046/2723 1918/2040/2717
f 1926/2048/2725 1925/2047/2724 1918/2040/2717
f 1927/2049/2726 1926/2048/2725 1918/2040/2717
f 1928/2050/2727 1927/2049/2726 1918/2040/2717
f 1929/2051/2728 1928/2050/2727 1918/2040/2717
f 1930/2052/2729 1929/2051/2728 1918/2040/2717
f 1931/2053/2730 1930/2052/2729 1918/2040/2717
f 1932/2054/2731 1931/2053/2730 1918/2040/2717
f 1933/2055/2732 1932/2054/2731 1918/2040/2717
f 1934/2056/2733 1933/2055/2732 1918/2040/2717
f 1935/2057/2734 1934/2056/2733 1918/2040/2717
f 1936/2058/2735 1935/2057/2734 1918/2040/2717
f 1916/2039/2716 1936/2058/2735 1918/2040/2717
s 59
f 1855/2059/2736 1856/2060/2737 1857/2061/2738
f 1856/2060/2737 1858/2062/2739 1857/2061/2738
f 1858/2062/2739 1859/2063/2740 1857/2061/2738
f 1859/2063/2740 1860/2064/2741 1857/2061/2738
f 1860/2064/2741 1861/2065/2742 1857/2061/2738
f 1861/2065/2742 1862/2066/2743 1857/2061/2738
f 1862/2066/2743 1863/2067/2744 1857/2061/2738
f 1863/2067/2744 1864/2068/2745 1857/2061/2738
f 1864/2068/2745 1865/2069/2746 1857/2061/2738
f 1865/2069/2746 1866/2070/2747 1857/2061/2738
f 1866/2070/2747 1867/2071/2748 1857/2061/2738
f 1867/2071/2748 1868/2072/2749 1857/2061/2738
f 1868/2072/2749 1869/2073/2750 1857/2061/2738
f 1869/2073/2750 1870/2074/2751 1857/2061/2738
f 1870/2074/2751 1871/2075/2752 1857/2061/2738
f 1871/2075/2752 1872/2076/2753 1857/2061/2738
f 1872/2076/2753 1873/2077/2754 1857/2061/2738
f 1873/2077/2754 1874/2078/2755 1857/2061/2738
f 1874/2078/2755 1875/2079/2756 1857/2061/2738
f 1875/2079/2756 1855/2059/2736 1857/2061/2738
s 60
f 1736/2035/2757 1735/2037/2758 1715/2080/2759 1734/2081/2760
f 1737/2033/2761 1736/2035/2757 1734/2081/2760 1733/2082/2762
f 1738/2031/2763 1737/2033/2761 1733/2082/2762 1732/2083/2764
f 1739/2029/2765 1738/2031/2763 1732/2083/2764 1731/2084/2766
f 1740/2027/2767 1739/2029/2765 1731/2084/2766 1730/2085/2768
f 1741/2025/2769 1740/2027/2767 1730/2085/2768 1729/2086/2770
f 1742/2023/2771 1741/2025/2769 1729/2086/2770 1728/2087/2772
f 1743/2021/2773 1742/2023/2771 1728/2087/2772 1727/2088/2774
f 1744/2019/2775 1743/2021/2773 1727/2088/2774 1726/2089/2776
f 1745/2017/2777 1744/2019/2775 1726/2089/2776 1725/2090/2778
f 1746/2015/2779 1745/2017/2777 1725/2090/2778 1724/2091/2780
f 1747/2013/2781 1746/2015/2779 1724/2091/2780 1723/2092/2782
f 1748/2011/2783 1747/2013/2781 1723/2092/2782 1722/2093/2784
f 1749/2009/2785 1748/2011/2783 1722/2093/2784 1721/2094/2786
f 1750/2007/2787 1749/2009/2785 1721/2094/2786 1720/2095/2788
f 1751/2005/2789 1750/2007/2787 1720/2095/2788 1719/2096/2790
f 1752/2003/2791 1751/2005/2789 1719/2096/2790 1718/2097/2792
f 1753/2001/2793 1752/2003/2791 1718/2097/2792 1717/2098/2794
f 1754/1998/2795 1753/2001/2793 1717/2098/2794 1716/2099/2796
f 1735/1999/2758 1754/1998/2795 1716/2099/2796 1715/2100/2759
f 1715/2101/2759 1716/2102/2796 1756/2103/2797 1755/2104/2798
f 1716/2102/2796 1717/2105/2794 1757/2106/2799 1756/2103/2797
f 1717/2105/2794 1718/2107/2792 1758/2108/2800 1757/2106/2799
f 1718/2107/2792 1719/2109/2790 1759/2110/2801 1758/2108/2800
f 1719/2109/2790 1720/2111/2788 1760/2112/2802 1759/2110/2801
f 1720/2111/2788 1721/2113/2786 1761/2114/2803 1760/2112/2802
f 1721/2113/2786 1722/2115/2784 1762/2116/2804 1761/2114/2803
f 1722/2115/2784 1723/2117/2782 1763/2118/2805 1762/2116/2804
f 1723/2117/2782 1724/2119/2780 1764/2120/2806 1763/2118/2805
f 1724/2119/2780 1725/2121/2778 1765/2122/2807 1764/2120/2806
f 1725/2121/2778 1726/2123/2776 1766/2124/2808 1765/2122/2807
f 1726/2123/2776 1727/2125/2774 1767/2126/2809 1766/2124/2808
f 1727/2125/2774 1728/2127/2772 1768/2128/2810 1767/2126/2809
f 1728/2127/2772 1729/2129/2770 1769/2130/2811 1768/2128/2810
f 1729/2129/2770 1730/2131/2768 1770/2132/2812 1769/2130/2811
f 1730/2131/2768 1731/2133/2766 1771/2134/2813 1770/2132/2812
f 1731/2133/2766 1732/2135/2764 1772/2136/2814 1771/2134/2813
f 1732/2135/2764 1733/2137/2762 1773/2138/2815 1772/2136/2814
f 1733/2137/2762 1734/2139/2760 1774/2140/2816 1773/2138/2815
f 1734/2139/2760 1715/2101/2759 1755/2104/2798 1774/2140/2816
s 61
f 1755/2104/2817 1756/2103/2818 1776/2141/2819 1775/2142/2820
f 1756/2103/2818 1757/2106/2821 1777/2143/2822 1776/2141/2819
f 1757/2106/2821 1758/2108/2823 1778/2144/2824 1777/2143/2822
f 1758/2108/2823 1759/2110/2825 1779/2145/2826 1778/2144/2824
f 1759/2110/2825 1760/2112/2827 1780/2146/2828 1779/2145/2826
f 1760/2112/2827 1761/2114/2829 1781/2147/2830 1780/2146/2828
f 1761/2114/2829 1762/2116/2831 1782/2148/2832 1781/2147/2830
f 1762/2116/2831 1763/2118/2833 1783/2149/2834 1782/2148/2832
f 1763/2118/2833 1764/2120/2835 1784/2150/2836 1783/2149/2834
f 1764/2120/2835 1765/2122/2837 1785/2151/2838 1784/2150/2836
f 1765/2122/2837 1766/2124/2839 1786/2152/2840 1785/2151/2838
f 1766/2124/2839 1767/2126/2841 1787/2153/2842 1786/2152/2840
f 1767/2126/2841 1768/2128/2843 1788/2154/2844 1787/2153/2842
f 1768/2128/2843 1769/2130/2845 1789/2155/2846 1788/2154/2844
f 1769/2130/2845 1770/2132/2847 1790/2156/2848 1789/2155/2846
f 1770/2132/2847 1771/2134/2849 1791/2157/2850 1790/2156/2848
f 1771/2134/2849 1772/2136/2851 1792/2158/2852 1791/2157/2850
f 1772/2136/2851 1773/2138/2853 1793/2159/2854 1792/2158/2852
f 1773/2138/2853 1774/2140/2855 1794/2160/2856 1793/2159/2854
f 1774/2140/2855 1755/2104/2817 1775/2142/2820 1794/2160/2856
s 62
f 1775/2142/2857 1776/2141/2858 1796/2161/2859 1795/2162/2860
f 1776/2141/2858 1777/2143/2861 1797/2163/2862 1796/2161/2859
f 1777/2143/2861 1778/2144/2863 1798/2164/2864 1797/2163/2862
f 1778/2144/2863 1779/2145/2865 1799/2165/2866 1798/2164/2864
f 1779/2145/2865 1780/2146/2867 1800/2166/2868 1799/2165/2866
f 1780/2146/2867 1781/2147/2869 1801/2167/2870 1800/2166/2868
f 1781/2147/2869 1782/2148/2871 1802/2168/2872 1801/2167/2870
f 1782/2148/2871 1783/2149/2873 1803/2169/2874 1802/2168/2872
f 1783/2149/2873 1784/2150/2875 1804/2170/2876 1803/2169/2874
f 1784/2150/2875 1785/2151/2877 1805/2171/2878 1804/2170/2876
f 1785/2151/2877 1786/2152/2879 1806/2172/2880 1805/2171/2878
f 1786/2152/2879 1787/2153/2881 1807/2173/2882 1806/2172/2880
f 1787/2153/2881 1788/2154/2883 1808/2174/2884 1807/2173/2882
f 1788/2154/2883 1789/2155/2885 1809/2175/2886 1808/2174/2884
f 1789/2155/2885 1790/2156/2887 1810/2176/2888 1809/2175/2886
f 1790/2156/2887 1791/2157/2889 1811/2177/2890 1810/2176/2888
f 1791/2157/2889 1792/2158/2891 1812/2178/2892 1811/2177/2890
f 1792/2158/2891 1793/2159/2893 1813/2179/2894 1812/2178/2892
f 1793/2159/2893 1794/2160/2895 1814/2180/2896 1813/2179/2894
f 1794/2160/2895 1775/2142/2857 1795/2162/2860 1814/2180/2896
f 1795/2162/2860 1796/2161/2859 1816/2181/2897 1815/2182/2898
f 1796/2161/2859 1797/2163/2862 1817/2183/2899 1816/2181/2897
f 1797/2163/2862 1798/2164/2864 1818/2184/2900 1817/2183/2899
f 1798/2164/2864 1799/2165/2866 1819/2185/2901 1818/2184/2900
f 1799/2165/2866 1800/2166/2868 1820/2186/2902 1819/2185/2901
f 1800/2166/2868 1801/2167/2870 1821/2187/2903 1820/2186/2902
f 1801/2167/2870 1802/2168/2872 1822/2188/2904 1821/2187/2903
f 1802/2168/2872 1803/2169/2874 1823/2189/2905 1822/2188/2904
f 1803/2169/2874 1804/2170/2876 1824/2190/2906 1823/2189/2905
f 1804/2170/2876 1805/2171/2878 1825/2191/2907 1824/2190/2906
f 1805/2171/2878 1806/2172/2880 1826/2192/2908 1825/2191/2907
f 1806/2172/2880 1807/2173/2882 1827/2193/2909 1826/2192/2908
f 1807/2173/2882 1808/2174/2884 1828/2194/2910 1827/2193/2909
f 1808/2174/2884 1809/2175/2886 1829/2195/2911 1828/2194/2910
f 1809/2175/2886 1810/2176/2888 1830/2196/2912 1829/2195/2911
f 1810/2176/2888 1811/2177/2890 1831/2197/2913 1830/2196/2912
f 1811/2177/2890 1812/2178/2892 1832/2198/2914 1831/2197/2913
f 1812/2178/2892 1813/2179/2894 1833/2199/2915 1832/2198/2914
f 1813/2179/2894 1814/2180/2896 1834/2200/2916 1833/2199/2915
f 1814/2180/2896 1795/2162/2860 1815/2182/2898 1834/2200/2916
f 1815/2182/2898 1816/2181/2897 1836/2201/2917 1835/2202/2918
f 1816/2181/2897 1817/2183/2899 1837/2203/2919 1836/2201/2917
f 1817/2183/2899 1818/2184/2900 1838/2204/2920 1837/2203/2919
f 1818/2184/2900 1819/2185/2901 1839/2205/2921 1838/2204/2920
f 1819/2185/2901 1820/2186/2902 1840/2206/2922 1839/2205/2921
f 1820/2186/2902 1821/2187/2903 1841/2207/2923 1840/2206/2922
f 1821/2187/2903 1822/2188/2904 1842/2208/2924 1841/2207/2923
f 1822/2188/2904 1823/2189/2905 1843/2209/2925 1842/2208/2924
f 1823/2189/2905 1824/2190/2906 1844/2210/2926 1843/2209/2925
f 1824/2190/2906 1825/2191/2907 1845/2211/2927 1844/2210/2926
f 1825/2191/2907 1826/2192/2908 1846/2212/2928 1845/2211/2927
f 1826/2192/2908 1827/2193/2909 1847/2213/2929 1846/2212/2928
f 1827/2193/2909 1828/2194/2910 1848/2214/2930 1847/2213/2929
f 1828/2194/2910 1829/2195/2911 1849/2215/2931 1848/2214/2930
f 1829/2195/2911 1830/2196/2912 1850/2216/2932 1849/2215/2931
f 1830/2196/2912 1831/2197/2913 1851/2217/2933 1850/2216/2932
f 1831/2197/2913 1832/2198/2914 1852/2218/2934 1851/2217/2933
f 1832/2198/2914 1833/2199/2915 1853/2219/2935 1852/2218/2934
f 1833/2199/2915 1834/2200/2916 1854/2220/2936 1853/2219/2935
f 1834/2200/2916 1815/2182/2898 1835/2202/2918 1854/2220/2936
f 1835/2202/2918 1836/2201/2917 1856/2060/2937 1855/2059/2938
f 1836/2201/2917 1837/2203/2919 1858/2062/2939 1856/2060/2937
f 1837/2203/2919 1838/2204/2920 1859/2063/2940 1858/2062/2939
f 1838/2204/2920 1839/2205/2921 1860/2064/2941 1859/2063/2940
f 1839/2205/2921 1840/2206/2922 1861/2065/2942 1860/2064/2941
f 1840/2206/2922 1841/2207/2923 1862/2066/2943 1861/2065/2942
f 1841/2207/2923 1842/2208/2924 1863/2067/2944 1862/2066/2943
f 1842/2208/2924 1843/2209/2925 1864/2068/2945 1863/2067/2944
f 1843/2209/2925 1844/2210/2926 1865/2069/2946 1864/2068/2945
f 1844/2210/2926 1845/2211/2927 1866/2070/2947 1865/2069/2946
f 1845/2211/2927 1846/2212/2928 1867/2071/2948 1866/2070/2947
f 1846/2212/2928 1847/2213/2929 1868/2072/2949 1867/2071/2948
f 1847/2213/2929 1848/2214/2930 1869/2073/2950 1868/2072/2949
f 1848/2214/2930 1849/2215/2931 1870/2074/2951 1869/2073/2950
f 1849/2215/2931 1850/2216/2932 1871/2075/2952 1870/2074/2951
f 1850/2216/2932 1851/2217/2933 1872/2076/2953 1871/2075/2952
f 1851/2217/2933 1852/2218/2934 1873/2077/2954 1872/2076/2953
f 1852/2218/2934 1853/2219/2935 1874/2078/2955 1873/2077/2954
f 1853/2219/2935 1854/2220/2936 1875/2079/2956 1874/2078/2955
f 1854/2220/2936 1835/2202/2918 1855/2059/2938 1875/2079/2956
s 57
f 1696/2221/2676 1695/2222/2675 1876/2223/2957 1877/2224/2958
f 1697/2225/2679 1696/2221/2676 1877/2224/2958 1878/2226/2959
f 1698/2227/2681 1697/2225/2679 1878/2226/2959 1879/2228/2960
f 1699/2229/2683 1698/2227/2681 1879/2228/2960 1880/2230/2961
f 1700/2231/2685 1699/2229/2683 1880/2230/2961 1881/2232/2962
f 1701/2233/2687 1700/2231/2685 1881/2232/2962 1882/2234/2963
f 1702/2235/2689 1701/2233/2687 1882/2234/2963 1883/2236/2964
f 1703/2237/2691 1702/2235/2689 1883/2236/2964 1884/2238/2965
f 1704/2239/2693 1703/2237/2691 1884/2238/2965 1885/2240/2966
f 1705/2241/2695 1704/2239/2693 1885/2240/2966 1886/2242/2967
f 1706/2243/2697 1705/2241/2695 1886/2242/2967 1887/2244/2968
f 1707/2245/2699 1706/2243/2697 1887/2244/2968 1888/2246/2969
f 1708/2247/2701 1707/2245/2699 1888/2246/2969 1889/2248/2970
f 1709/2249/2703 1708/2247/2701 1889/2248/2970 1890/2250/2971
f 1710/2251/2705 1709/2249/2703 1890/2250/2971 1891/2252/2972
f 1711/2253/2707 1710/2251/2705 1891/2252/2972 1892/2254/2973
f 1712/2255/2709 1711/2253/2707 1892/2254/2973 1893/2256/2974
f 1713/2257/2711 1712/2255/2709 1893/2256/2974 1894/2258/2975
f 1714/2259/2713 1713/2257/2711 1894/2258/2975 1895/2260/2976
f 1695/2222/2675 1714/2259/2713 1895/2260/2976 1876/2223/2957
s 63
f 1877/2224/2977 1876/2223/2978 1896/2261/2979 1897/2262/2980
f 1878/2226/2981 1877/2224/2977 1897/2262/2980 1898/2263/2982
f 1879/2228/2983 1878/2226/2981 1898/2263/2982 1899/2264/2984
f 1880/2230/2985 1879/2228/2983 1899/2264/2984 1900/2265/2986
f 1881/2232/2987 1880/2230/2985 1900/2265/2986 1901/2266/2988
f 1882/2234/2989 1881/2232/2987 1901/2266/2988 1902/2267/2990
f 1883/2236/2991 1882/2234/2989 1902/2267/2990 1903/2268/2992
f 1884/2238/2993 1883/2236/2991 1903/2268/2992 1904/2269/2994
f 1885/2240/2995 1884/2238/2993 1904/2269/2994 1905/2270/2996
f 1886/2242/2997 1885/2240/2995 1905/2270/2996 1906/2271/2998
f 1887/2244/2999 1886/2242/2997 1906/2271/2998 1907/2272/3000
f 1888/2246/3001 1887/2244/2999 1907/2272/3000 1908/2273/3002
f 1889/2248/3003 1888/2246/3001 1908/2273/3002 1909/2274/3004
f 1890/2250/3005 1889/2248/3003 1909/2274/3004 1910/2275/3006
f 1891/2252/3007 1890/2250/3005 1910/2275/3006 1911/2276/3008
f 1892/2254/3009 1891/2252/3007 1911/2276/3008 1912/2277/3010
f 1893/2256/3011 1892/2254/3009 1912/2277/3010 1913/2278/3012
f 1894/2258/3013 1893/2256/3011 1913/2278/3012 1914/2279/3014
f 1895/2260/3015 1894/2258/3013 1914/2279/3014 1915/2280/3016
f 1876/2223/2978 1895/2260/3015 1915/2280/3016 1896/2261/2979
s 64
f 1897/2262/3017 1896/2261/3018 1916/2039/3019 1917/2038/3020
f 1898/2263/3021 1897/2262/3017 1917/2038/3020 1919/2041/3022
f 1899/2264/3023 1898/2263/3021 1919/2041/3022 1920/2042/3024
f 1900/2265/3025 1899/2264/3023 1920/2042/3024 1921/2043/3026
f 1901/2266/3027 1900/2265/3025 1921/2043/3026 1922/2044/3028
f 1902/2267/3029 1901/2266/3027 1922/2044/3028 1923/2045/3030
f 1903/2268/3031 1902/2267/3029 1923/2045/3030 1924/2046/3032
f 1904/2269/3033 1903/2268/3031 1924/2046/3032 1925/2047/3034
f 1905/2270/3035 1904/2269/3033 1925/2047/3034 1926/2048/3036
f 1906/2271/3037 1905/2270/3035 1926/2048/3036 1927/2049/3038
f 1907/2272/3039 1906/2271/3037 1927/2049/3038 1928/2050/3040
f 1908/2273/3041 1907/2272/3039 1928/2050/3040 1929/2051/3042
f 1909/2274/3043 1908/2273/3041 1929/2051/3042 1930/2052/3044
f 1910/2275/3045 1909/2274/3043 1930/2052/3044 1931/2053/3046
f 1911/2276/3047 1910/2275/3045 1931/2053/3046 1932/2054/3048
f 1912/2277/3049 1911/2276/3047 1932/2054/3048 1933/2055/3050
f 1913/2278/3051 1912/2277/3049 1933/2055/3050 1934/2056/3052
f 1914/2279/3053 1913/2278/3051 1934/2056/3052 1935/2057/3054
f 1915/2280/3055 1914/2279/3053 1935/2057/3054 1936/2058/3056
f 1896/2261/3018 1915/2280/3055 1936/2058/3056 1916/2039/3019
s 65
f 1937/2281/3057 1938/2282/3058 1996/2283/3059 1977/2284/3060
f 1938/2282/3058 1939/2285/3061 1995/2286/3062 1996/2283/3059
f 1939/2285/3061 1940/2287/3063 1994/2288/3064 1995/2286/3062
f 1940/2287/3063 1941/2289/3065 1993/2290/3066 1994/2288/3064
f 1941/2289/3065 1942/2291/3067 1992/2292/3068 1993/2290/3066
f 1942/2291/3067 1943/2293/3069 1991/2294/3070 1992/2292/3068
f 1943/2293/3069 1944/2295/3071 1990/2296/3072 1991/2294/3070
f 1944/2295/3071 1945/2297/3073 1989/2298/3074 1990/2296/3072
f 1945/2297/3073 1946/2299/3075 1988/2300/3076 1989/2298/3074
f 1946/2299/3075 1947/2301/3077 1987/2302/3078 1988/2300/3076
f 1947/2301/3077 1948/2303/3079 1986/2304/3080 1987/2302/3078
f 1948/2303/3079 1949/2305/3081 1985/2306/3082 1986/2304/3080
f 1949/2305/3081 1950/2307/3083 1984/2308/3084 1985/2306/3082
f 1950/2307/3083 1951/2309/3085 1983/2310/3086 1984/2308/3084
f 1951/2309/3085 1952/2311/3087 1982/2312/3088 1983/2310/3086
f 1952/2311/3087 1953/2313/3089 1981/2314/3090 1982/2312/3088
f 1953/2313/3089 1954/2315/3091 1980/2316/3092 1981/2314/3090
f 1954/2315/3091 1955/2317/3093 1979/2318/3094 1980/2316/3092
f 1955/2317/3093 1956/2319/3095 1978/2320/3096 1979/2318/3094
f 1956/2319/3095 1937/2321/3057 1977/2322/3060 1978/2320/3096
s 66
f 2159/2323/3097 2158/2324/3098 2160/2325/3099
f 2161/2326/3100 2159/2323/3097 2160/2325/3099
f 2162/2327/3101 2161/2326/3100 2160/2325/3099
f 2163/2328/3102 2162/2327/3101 2160/2325/3099
f 2164/2329/3103 2163/2328/3102 2160/2325/3099
f 2165/2330/3104 2164/2329/3103 2160/2325/3099
f 2166/2331/3105 2165/2330/3104 2160/2325/3099
f 2167/2332/3106 2166/2331/3105 2160/2325/3099
f 2168/2333/3107 2167/2332/3106 2160/2325/3099
f 2169/2334/3108 2168/2333/3107 2160/2325/3099
f 2170/2335/3109 2169/2334/3108 2160/2325/3099
f 2171/2336/3110 2170/2335/3109 2160/2325/3099
f 2172/2337/3111 2171/2336/3110 2160/2325/3099
f 2173/2338/3112 2172/2337/3111 2160/2325/3099
f 2174/2339/3113 2173/2338/3112 2160/2325/3099
f 2175/2340/3114 2174/2339/3113 2160/2325/3099
f 2176/2341/3115 2175/2340/3114 2160/2325/3099
f 2177/2342/3116 2176/2341/3115 2160/2325/3099
f 2178/2343/3117 2177/2342/3116 2160/2325/3099
f 2158/2324/3098 2178/2343/3117 2160/2325/3099
s 67
f 2097/2344/3118 2098/2345/3119 2099/2346/3120
f 2098/2345/3119 2100/2347/3121 2099/2346/3120
f 2100/2347/3121 2101/2348/3122 2099/2346/3120
f 2101/2348/3122 2102/2349/3123 2099/2346/3120
f 2102/2349/3123 2103/2350/3124 2099/2346/3120
f 2103/2350/3124 2104/2351/3125 2099/2346/3120
f 2104/2351/3125 2105/2352/3126 2099/2346/3120
f 2105/2352/3126 2106/2353/3127 2099/2346/3120
f 2106/2353/3127 2107/2354/3128 2099/2346/3120
f 2107/2354/3128 2108/2355/3129 2099/2346/3120
f 2108/2355/3129 2109/2356/3130 2099/2346/3120
f 2109/2356/3130 2110/2357/3131 2099/2346/3120
f 2110/2357/3131 2111/2358/3132 2099/2346/3120
f 2111/2358/3132 2112/2359/3133 2099/2346/3120
f 2112/2359/3133 2113/2360/3134 2099/2346/3120
f 2113/2360/3134 2114/2361/3135 2099/2346/3120
f 2114/2361/3135 2115/2362/3136 2099/2346/3120
f 2115/2362/3136 2116/2363/3137 2099/2346/3120
f 2116/2363/3137 2117/2364/3138 2099/2346/3120
f 2117/2364/3138 2097/2344/3118 2099/2346/3120
s 68
f 1978/2320/3139 1977/2322/3140 1957/2365/3141 1976/2366/3142
f 1979/2318/3143 1978/2320/3139 1976/2366/3142 1975/2367/3144
f 1980/2316/3145 1979/2318/3143 1975/2367/3144 1974/2368/3146
f 1981/2314/3147 1980/2316/3145 1974/2368/3146 1973/2369/3148
f 1982/2312/3149 1981/2314/3147 1973/2369/3148 1972/2370/3150
f 1983/2310/3151 1982/2312/3149 1972/2370/3150 1971/2371/3152
f 1984/2308/3153 1983/2310/3151 1971/2371/3152 1970/2372/3154
f 1985/2306/3155 1984/2308/3153 1970/2372/3154 1969/2373/3156
f 1986/2304/3157 1985/2306/3155 1969/2373/3156 1968/2374/3158
f 1987/2302/3159 1986/2304/3157 1968/2374/3158 1967/2375/3160
f 1988/2300/3161 1987/2302/3159 1967/2375/3160 1966/2376/3162
f 1989/2298/3163 1988/2300/3161 1966/2376/3162 1965/2377/3164
f 1990/2296/3165 1989/2298/3163 1965/2377/3164 1964/2378/3166
f 1991/2294/3167 1990/2296/3165 1964/2378/3166 1963/2379/3168
f 1992/2292/3169 1991/2294/3167 1963/2379/3168 1962/2380/3170
f 1993/2290/3171 1992/2292/3169 1962/2380/3170 1961/2381/3172
f 1994/2288/3173 1993/2290/3171 1961/2381/3172 1960/2382/3174
f 1995/2286/3175 1994/2288/3173 1960/2382/3174 1959/2383/3176
f 1996/2283/3177 1995/2286/3175 1959/2383/3176 1958/2384/3178
f 1977/2284/3140 1996/2283/3177 1958/2384/3178 1957/2385/3141
f 1957/2386/3141 1958/2387/3178 1998/2388/3179 1997/2389/3180
f 1958/2387/3178 1959/2390/3176 1999/2391/3181 1998/2388/3179
f 1959/2390/3176 1960/2392/3174 2000/2393/3182 1999/2391/3181
f 1960/2392/3174 1961/2394/3172 2001/2395/3183 2000/2393/3182
f 1961/2394/3172 1962/2396/3170 2002/2397/3184 2001/2395/3183
f 1962/2396/3170 1963/2398/3168 2003/2399/3185 2002/2397/3184
f 1963/2398/3168 1964/2400/3166 2004/2401/3186 2003/2399/3185
f 1964/2400/3166 1965/2402/3164 2005/2403/3187 2004/2401/3186
f 1965/2402/3164 1966/2404/3162 2006/2405/3188 2005/2403/3187
f 1966/2404/3162 1967/2406/3160 2007/2407/3189 2006/2405/3188
f 1967/2406/3160 1968/2408/3158 2008/2409/3190 2007/2407/3189
f 1968/2408/3158 1969/2410/3156 2009/2411/3191 2008/2409/3190
f 1969/2410/3156 1970/2412/3154 2010/2413/3192 2009/2411/3191
f 1970/2412/3154 1971/2414/3152 2011/2415/3193 2010/2413/3192
f 1971/2414/3152 1972/2416/3150 2012/2417/3194 2011/2415/3193
f 1972/2416/3150 1973/2418/3148 2013/2419/3195 2012/2417/3194
f 1973/2418/3148 1974/2420/3146 2014/2421/3196 2013/2419/3195
f 1974/2420/3146 1975/2422/3144 2015/2423/3197 2014/2421/3196
f 1975/2422/3144 1976/2424/3142 2016/2425/3198 2015/2423/3197
f 1976/2424/3142 1957/2386/3141 1997/2389/3180 2016/2425/3198
s 69
f 1997/2389/3199 1998/2388/3200 2018/2426/3201 2017/2427/3202
f 1998/2388/3200 1999/2391/3203 2019/2428/3204 2018/2426/3201
f 1999/2391/3203 2000/2393/3205 2020/2429/3206 2019/2428/3204
f 2000/2393/3205 2001/2395/3207 2021/2430/3208 2020/2429/3206
f 2001/2395/3207 2002/2397/3209 2022/2431/3210 2021/2430/3208
f 2002/2397/3209 2003/2399/3211 2023/2432/3212 2022/2431/3210
f 2003/2399/3211 2004/2401/3213 2024/2433/3214 2023/2432/3212
f 2004/2401/3213 2005/2403/3215 2025/2434/3216 2024/2433/3214
f 2005/2403/3215 2006/2405/3217 2026/2435/3218 2025/2434/3216
f 2006/2405/3217 2007/2407/3219 2027/2436/3220 2026/2435/3218
f 2007/2407/3219 2008/2409/3221 2028/2437/3222 2027/2436/3220
f 2008/2409/3221 2009/2411/3223 2029/2438/3224 2028/2437/3222
f 2009/2411/3223 2010/2413/3225 2030/2439/3226 2029/2438/3224
f 2010/2413/3225 2011/2415/3227 2031/2440/3228 2030/2439/3226
f 2011/2415/3227 2012/2417/3229 2032/2441/3230 2031/2440/3228
f 2012/2417/3229 2013/2419/3231 2033/2442/3232 2032/2441/3230
f 2013/2419/3231 2014/2421/3233 2034/2443/3234 2033/2442/3232
f 2014/2421/3233 2015/2423/3235 2035/2444/3236 2034/2443/3234
f 2015/2423/3235 2016/2425/3237 2036/2445/3238 2035/2444/3236
f 2016/2425/3237 1997/2389/3199 2017/2427/3202 2036/2445/3238
s 70
f 2017/2427/3239 2018/2426/3240 2038/2446/3241 2037/2447/3242
f 2018/2426/3240 2019/2428/3243 2039/2448/3244 2038/2446/3241
f 2019/2428/3243 2020/2429/3245 2040/2449/3246 2039/2448/3244
f 2020/2429/3245 2021/2430/3247 2041/2450/3248 2040/2449/3246
f 2021/2430/3247 2022/2431/3249 2042/2451/3250 2041/2450/3248
f 2022/2431/3249 2023/2432/3251 2043/2452/3252 2042/2451/3250
f 2023/2432/3251 2024/2433/3253 2044/2453/3254 2043/2452/3252
f 2024/2433/3253 2025/2434/3255 2045/2454/3256 2044/2453/3254
f 2025/2434/3255 2026/2435/3257 2046/2455/3258 2045/2454/3256
f 2026/2435/3257 2027/2436/3259 2047/2456/3260 2046/2455/3258
f 2027/2436/3259 2028/2437/3261 2048/2457/3262 2047/2456/3260
f 2028/2437/3261 2029/2438/3263 2049/2458/3264 2048/2457/3262
f 2029/2438/3263 2030/2439/3265 2050/2459/3266 2049/2458/3264
f 2030/2439/3265 2031/2440/3267 2051/2460/3268 2050/2459/3266
f 2031/2440/3267 2032/2441/3269 2052/2461/3270 2051/2460/3268
f 2032/2441/3269 2033/2442/3271 2053/2462/3272 2052/2461/3270
f 2033/2442/3271 2034/2443/3273 2054/2463/3274 2053/2462/3272
f 2034/2443/3273 2035/2444/3275 2055/2464/3276 2054/2463/3274
f 2035/2444/3275 2036/2445/3277 2056/2465/3278 2055/2464/3276
f 2036/2445/3277 2017/2427/3239 2037/2447/3242 2056/2465/3278
f 2037/2447/3242 2038/2446/3241 2058/2466/3279 2057/2467/3280
f 2038/2446/3241 2039/2448/3244 2059/2468/3281 2058/2466/3279
f 2039/2448/3244 2040/2449/3246 2060/2469/3282 2059/2468/3281
f 2040/2449/3246 2041/2450/3248 2061/2470/3283 2060/2469/3282
f 2041/2450/3248 2042/2451/3250 2062/2471/3284 2061/2470/3283
f 2042/2451/3250 2043/2452/3252 2063/2472/3285 2062/2471/3284
f 2043/2452/3252 2044/2453/3254 2064/2473/3286 2063/2472/3285
f 2044/2453/3254 2045/2454/3256 2065/2474/3287 2064/2473/3286
f 2045/2454/3256 2046/2455/3258 2066/2475/3288 2065/2474/3287
f 2046/2455/3258 2047/2456/3260 2067/2476/3289 2066/2475/3288
f 2047/2456/3260 2048/2457/3262 2068/2477/3290 2067/2476/3289
f 2048/2457/3262 2049/2458/3264 2069/2478/3291 2068/2477/3290
f 2049/2458/3264 2050/2459/3266 2070/2479/3292 2069/2478/3291
f 2050/2459/3266 2051/2460/3268 2071/2480/3293 2070/2479/3292
f 2051/2460/3268 2052/2461/3270 2072/2481/3294 2071/2480/3293
f 2052/2461/3270 2053/2462/3272 2073/2482/3295 2072/2481/3294
f 2053/2462/3272 2054/2463/3274 2074/2483/3296 2073/2482/3295
f 2054/2463/3274 2055/2464/3276 2075/2484/3297 2074/2483/3296
f 2055/2464/3276 2056/2465/3278 2076/2485/3298 2075/2484/3297
f 2056/2465/3278 2037/2447/3242 2057/2467/3280 2076/2485/3298
f 2057/2467/3280 2058/2466/3279 2078/2486/3299 2077/2487/3300
f 2058/2466/3279 2059/2468/3281 2079/2488/3301 2078/2486/3299
f 2059/2468/3281 2060/2469/3282 2080/2489/3302 2079/2488/3301
f 2060/2469/3282 2061/2470/3283 2081/2490/3303 2080/2489/3302
f 2061/2470/3283 2062/2471/3284 2082/2491/3304 2081/2490/3303
f 2062/2471/3284 2063/2472/3285 2083/2492/3305 2082/2491/3304
f 2063/2472/3285 2064/2473/3286 2084/2493/3306 2083/2492/3305
f 2064/2473/3286 2065/2474/3287 2085/2494/3307 2084/2493/3306
f 2065/2474/3287 2066/2475/3288 2086/2495/3308 2085/2494/3307
f 2066/2475/3288 2067/2476/3289 2087/2496/3309 2086/2495/3308
f 2067/2476/3289 2068/2477/3290 2088/2497/3310 2087/2496/3309
f 2068/2477/3290 2069/2478/3291 2089/2498/3311 2088/2497/3310
f 2069/2478/3291 2070/2479/3292 2090/2499/3312 2089/2498/3311
f 2070/2479/3292 2071/2480/3293 2091/2500/3313 2090/2499/3312
f 2071/2480/3293 2072/2481/3294 2092/2501/3314 2091/2500/3313
f 2072/2481/3294 2073/2482/3295 2093/2502/3315 2092/2501/3314
f 2073/2482/3295 2074/2483/3296 2094/2503/3316 2093/2502/3315
f 2074/2483/3296 2075/2484/3297 2095/2504/3317 2094/2503/3316
f 2075/2484/3297 2076/2485/3298 2096/2505/3318 2095/2504/3317
f 2076/2485/3298 2057/2467/3280 2077/2487/3300 2096/2505/3318
f 2077/2487/3300 2078/2486/3299 2098/2345/3319 2097/2344/3320
f 2078/2486/3299 2079/2488/3301 2100/2347/3321 2098/2345/3319
f 2079/2488/3301 2080/2489/3302 2101/2348/3322 2100/2347/3321
f 2080/2489/3302 2081/2490/3303 2102/2349/3323 2101/2348/3322
f 2081/2490/3303 2082/2491/3304 2103/2350/3324 2102/2349/3323
f 2082/2491/3304 2083/2492/3305 2104/2351/3325 2103/2350/3324
f 2083/2492/3305 2084/2493/3306 2105/2352/3326 2104/2351/3325
f 2084/2493/3306 2085/2494/3307 2106/2353/3327 2105/2352/3326
f 2085/2494/3307 2086/2495/3308 2107/2354/3328 2106/2353/3327
f 2086/2495/3308 2087/2496/3309 2108/2355/3329 2107/2354/3328
f 2087/2496/3309 2088/2497/3310 2109/2356/3330 2108/2355/3329
f 2088/2497/3310 2089/2498/3311 2110/2357/3331 2109/2356/3330
f 2089/2498/3311 2090/2499/3312 2111/2358/3332 2110/2357/3331
f 2090/2499/3312 2091/2500/3313 2112/2359/3333 2111/2358/3332
f 2091/2500/3313 2092/2501/3314 2113/2360/3334 2112/2359/3333
f 2092/2501/3314 2093/2502/3315 2114/2361/3335 2113/2360/3334
f 2093/2502/3315 2094/2503/3316 2115/2362/3336 2114/2361/3335
f 2094/2503/3316 2095/2504/3317 2116/2363/3337 2115/2362/3336
f 2095/2504/3317 2096/2505/3318 2117/2364/3338 2116/2363/3337
f 2096/2505/3318 2077/2487/3300 2097/2344/3320 2117/2364/3338
s 65
f 1938/2506/3058 1937/2507/3057 2118/2508/3339 2119/2509/3340
f 1939/2510/3061 1938/2506/3058 2119/2509/3340 2120/2511/3341
f 1940/2512/3063 1939/2510/3061 2120/2511/3341 2121/2513/3342
f 1941/2514/3065 1940/2512/3063 2121/2513/3342 2122/2515/3343
f 1942/2516/3067 1941/2514/3065 2122/2515/3343 2123/2517/3344
f 1943/2518/3069 1942/2516/3067 2123/2517/3344 2124/2519/3345
f 1944/2520/3071 1943/2518/3069 2124/2519/3345 2125/2521/3346
f 1945/2522/3073 1944/2520/3071 2125/2521/3346 2126/2523/3347
f 1946/2524/3075 1945/2522/3073 2126/2523/3347 2127/2525/3348
f 1947/2526/3077 1946/2524/3075 2127/2525/3348 2128/2527/3349
f 1948/2528/3079 1947/2526/3077 2128/2527/3349 2129/2529/3350
f 1949/2530/3081 1948/2528/3079 2129/2529/3350 2130/2531/3351
f 1950/2532/3083 1949/2530/3081 2130/2531/3351 2131/2533/3352
f 1951/2534/3085 1950/2532/3083 2131/2533/3352 2132/2535/3353
f 1952/2536/3087 1951/2534/3085 2132/2535/3353 2133/2537/3354
f 1953/2538/3089 1952/2536/3087 2133/2537/3354 2134/2539/3355
f 1954/2540/3091 1953/2538/3089 2134/2539/3355 2135/2541/3356
f 1955/2542/3093 1954/2540/3091 2135/2541/3356 2136/2543/3357
f 1956/2544/3095 1955/2542/3093 2136/2543/3357 2137/2545/3358
f 1937/2507/3057 1956/2544/3095 2137/2545/3358 2118/2508/3339
s 71
f 2119/2509/3359 2118/2508/3360 2138/2546/3361 2139/2547/3362
f 2120/2511/3363 2119/2509/3359 2139/2547/3362 2140/2548/3364
f 2121/2513/3365 2120/2511/3363 2140/2548/3364 2141/2549/3366
f 2122/2515/3367 2121/2513/3365 2141/2549/3366 2142/2550/3368
f 2123/2517/3369 2122/2515/3367 2142/2550/3368 2143/2551/3370
f 2124/2519/3371 2123/2517/3369 2143/2551/3370 2144/2552/3372
f 2125/2521/3373 2124/2519/3371 2144/2552/3372 2145/2553/3374
f 2126/2523/3375 2125/2521/3373 2145/2553/3374 2146/2554/3376
f 2127/2525/3377 2126/2523/3375 2146/2554/3376 2147/2555/3378
f 2128/2527/3379 2127/2525/3377 2147/2555/3378 2148/2556/3380
f 2129/2529/3381 2128/2527/3379 2148/2556/3380 2149/2557/3382
f 2130/2531/3383 2129/2529/3381 2149/2557/3382 2150/2558/3384
f 2131/2533/3385 2130/2531/3383 2150/2558/3384 2151/2559/3386
f 2132/2535/3387 2131/2533/3385 2151/2559/3386 2152/2560/3388
f 2133/2537/3389 2132/2535/3387 2152/2560/3388 2153/2561/3390
f 2134/2539/3391 2133/2537/3389 2153/2561/3390 2154/2562/3392
f 2135/2541/3393 2134/2539/3391 2154/2562/3392 2155/2563/3394
f 2136/2543/3395 2135/2541/3393 2155/2563/3394 2156/2564/3396
f 2137/2545/3397 2136/2543/3395 2156/2564/3396 2157/2565/3398
f 2118/2508/3360 2137/2545/3397 2157/2565/3398 2138/2546/3361
s 72
f 2139/2547/3399 2138/2546/3400 2158/2324/3401 2159/2323/3402
f 2140/2548/3403 2139/2547/3399 2159/2323/3402 2161/2326/3404
f 2141/2549/3405 2140/2548/3403 2161/2326/3404 2162/2327/3406
f 2142/2550/3407 2141/2549/3405 2162/2327/3406 2163/2328/3408
f 2143/2551/3409 2142/2550/3407 2163/2328/3408 2164/2329/3410
f 2144/2552/3411 2143/2551/3409 2164/2329/3410 2165/2330/3412
f 2145/2553/3413 2144/2552/3411 2165/2330/3412 2166/2331/3414
f 2146/2554/3415 2145/2553/3413 2166/2331/3414 2167/2332/3416
f 2147/2555/3417 2146/2554/3415 2167/2332/3416 2168/2333/3418
f 2148/2556/3419 2147/2555/3417 2168/2333/3418 2169/2334/3420
f 2149/2557/3421 2148/2556/3419 2169/2334/3420 2170/2335/3422
f 2150/2558/3423 2149/2557/3421 2170/2335/3422 2171/2336/3424
f 2151/2559/3425 2150/2558/3423 2171/2336/3424 2172/2337/3426
f 2152/2560/3427 2151/2559/3425 2172/2337/3426 2173/2338/3428
f 2153/2561/3429 2152/2560/3427 2173/2338/3428 2174/2339/3430
f 2154/2562/3431 2153/2561/3429 2174/2339/3430 2175/2340/3432
f 2155/2563/3433 2154/2562/3431 2175/2340/3432 2176/2341/3434
f 2156/2564/3435 2155/2563/3433 2176/2341/3434 2177/2342/3436
f 2157/2565/3437 2156/2564/3435 2177/2342/3436 2178/2343/3438
f 2138/2546/3400 2157/2565/3437 2178/2343/3438 2158/2324/3401
s 73
f 2179/2566/3439 2227/2567/3440 2228/2568/3441 2181/2569/3442
s 74
f 2243/2570/3443 2244/2571/3444 2245/2572/3445 2246/2573/3446
s 75
f 2183/2574/3447 2231/2575/3448 2232/2576/3449 2185/2577/3450
s 76
f 2216/2578/3451 2234/2579/3452 2227/2580/3453 2179/2581/3454
s 77
f 2180/2582/3455 2221/2583/3456 2222/2584/3457 2182/2585/3458
s 78
f 2215/2586/3459 2216/2587/3460 2179/2588/3461 2181/2589/3462
s 73
f 2188/2590/3463 2187/2591/3464 2235/2592/3465 2236/2593/3466
s 74
f 2247/2594/3467 2248/2595/3468 2249/2596/3469 2250/2597/3470
s 75
f 2190/2598/3471 2189/2599/3472 2239/2600/3473 2240/2601/3474
s 76
f 2187/2602/3475 2220/2603/3476 2242/2604/3477 2235/2605/3478
s 73
f 2192/2606/3479 2191/2607/3480 2195/2608/3481 2196/2609/3482
s 74
f 2251/2610/3483 2252/2611/3484 2253/2612/3485 2254/2613/3486
s 75
f 2194/2614/3487 2193/2615/3488 2197/2616/3489 2198/2617/3490
s 76
f 2191/2618/3491 2217/2619/3492 2218/2620/3493 2195/2621/3494
s 73
f 2196/2609/3482 2195/2608/3481 2199/2622/3495 2200/2623/3496
s 74
f 2255/2624/3497 2251/2610/3483 2254/2613/3486 2256/2625/3498
s 75
f 2198/2617/3490 2197/2616/3489 2201/2626/3499 2202/2627/3500
s 76
f 2195/2621/3494 2218/2620/3493 2219/2628/3501 2199/2629/3502
s 73
f 2200/2623/3496 2199/2622/3495 2187/2591/3464 2188/2590/3463
s 74
f 2249/2596/3469 2255/2624/3497 2256/2625/3498 2250/2597/3470
s 75
f 2202/2627/3500 2201/2626/3499 2189/2599/3472 2190/2598/3471
s 76
f 2199/2629/3502 2219/2628/3501 2220/2603/3476 2187/2602/3475
s 78
f 2185/2630/3503 2204/2631/3504 2203/2632/3505 2183/2633/3506
s 76
f 2185/2634/3507 2232/2635/3508 2233/2636/3509 2204/2637/3510
s off
f 2276/2638/3511 2275/2639/3512 2277/2640/3513 2278/2641/3514
s 76
f 2207/2642/3515 2206/2643/3516 2198/2644/3517 2202/2645/3518
f 2208/2646/3519 2207/2642/3515 2202/2645/3518 2190/2647/3520
f 2240/2648/3521 2241/2649/3522 2208/2646/3519 2190/2647/3520
s 77
f 2210/2650/3523 2209/2651/3524 2186/2652/3525 2184/2653/3526
s 74
f 2258/2654/3527 2257/2655/3528 2259/2656/3529 2260/2657/3530
f 2262/2658/3531 2261/2659/3532 2257/2655/3528 2258/2654/3527
f 2264/2660/3533 2263/2661/3534 2261/2659/3532 2262/2658/3531
f 2266/2662/3535 2265/2663/3536 2263/2661/3534 2264/2660/3533
f 2268/2664/3537 2267/2665/3538 2269/2666/3539 2270/2667/3540
s 78
f 2203/2632/3505 2204/2631/3504 2216/2587/3460 2215/2586/3459
s 76
f 2204/2637/3510 2233/2636/3509 2234/2579/3452 2216/2578/3451
f 2218/2620/3493 2217/2619/3492 2205/2668/3541 2206/2643/3516
f 2219/2628/3501 2218/2620/3493 2206/2643/3516 2207/2642/3515
f 2220/2603/3476 2219/2628/3501 2207/2642/3515 2208/2646/3519
f 2241/2649/3522 2242/2604/3477 2220/2603/3476 2208/2646/3519
s 77
f 2222/2584/3457 2221/2583/3456 2209/2651/3524 2210/2650/3523
s 85
f 2237/2669/3542 2238/2670/3543 2211/2671/3544 2223/2672/3545
f 2211/2671/3544 2212/2673/3546 2224/2674/3547 2223/2672/3545
f 2212/2673/3546 2213/2675/3548 2225/2676/3549 2224/2674/3547
f 2213/2675/3548 2214/2677/3550 2226/2678/3551 2225/2676/3549
s 74
f 2246/2573/3446 2245/2572/3445 2267/2665/3538 2268/2664/3537
s 73
f 2228/2568/3441 2227/2567/3440 2191/2607/3480 2192/2606/3479
s 74
f 2245/2572/3445 2244/2571/3444 2253/2612/3485 2252/2611/3484
s 85
f 2230/2679/3552 2229/2680/3553 2226/2678/3551 2214/2677/3550
s 74
f 2269/2666/3539 2267/2665/3538 2265/2663/3536 2266/2662/3535
s 75
f 2232/2576/3449 2231/2575/3448 2193/2615/3488 2194/2614/3487
s 76
f 2233/2636/3509 2232/2635/3508 2194/2681/3554 2205/2668/3541
f 2234/2579/3452 2233/2636/3509 2205/2668/3541 2217/2619/3492
f 2227/2580/3453 2234/2579/3452 2217/2619/3492 2191/2618/3491
s 73
f 2236/2593/3466 2235/2592/3465 2180/2682/3555 2182/2683/3556
s 74
f 2271/2684/3557 2248/2595/3468 2247/2594/3467 2272/2685/3558
f 2273/2686/3559 2259/2656/3529 2248/2595/3468 2271/2684/3557
f 2260/2657/3530 2259/2656/3529 2273/2686/3559 2274/2687/3560
s 75
f 2240/2601/3474 2239/2600/3473 2184/2688/3561 2186/2689/3562
s 76
f 2209/2690/3563 2241/2649/3522 2240/2648/3521 2186/2691/3564
f 2221/2692/3565 2242/2604/3477 2241/2649/3522 2209/2690/3563
f 2235/2605/3478 2242/2604/3477 2221/2692/3565 2180/2693/3566
s 73
f 2181/2569/3442 2228/2568/3441 2244/2694/3567 2243/2695/3568
s 78
f 2215/2586/3459 2181/2589/3462 2243/2696/3569 2246/2697/3570
s 86
f 2237/2698/3571 2223/2699/3572 2249/2700/3573 2248/2701/3574
s 73
f 2188/2590/3463 2236/2593/3466 2247/2702/3575 2250/2703/3576
s 86
f 2225/2704/3577 2226/2705/3578 2252/2706/3579 2251/2707/3580
s 73
f 2192/2606/3479 2196/2609/3482 2254/2708/3581 2253/2709/3582
s 86
f 2224/2710/3583 2225/2704/3577 2251/2707/3580 2255/2711/3584
s 73
f 2196/2609/3482 2200/2623/3496 2256/2712/3585 2254/2708/3581
s 86
f 2223/2699/3572 2224/2710/3583 2255/2711/3584 2249/2700/3573
s 73
f 2200/2623/3496 2188/2590/3463 2250/2703/3576 2256/2712/3585
s 88
f 2211/2713/3586 2238/2714/3587 2259/2715/3588 2257/2716/3589
s 75
f 2239/2600/3473 2189/2599/3472 2258/2717/3590 2260/2718/3591
s 88
f 2212/2719/3592 2211/2713/3586 2257/2716/3589 2261/2720/3593
s 75
f 2189/2599/3472 2201/2626/3499 2262/2721/3594 2258/2717/3590
s 88
f 2213/2722/3595 2212/2719/3592 2261/2720/3593 2263/2723/3596
s 75
f 2201/2626/3499 2197/2616/3489 2264/2724/3597 2262/2721/3594
s 88
f 2214/2725/3598 2213/2722/3595 2263/2723/3596 2265/2726/3599
s 75
f 2197/2616/3489 2193/2615/3488 2266/2727/3600 2264/2724/3597
f 2231/2575/3448 2183/2574/3447 2270/2728/3601 2269/2729/3602
s 78
f 2183/2633/3506 2203/2632/3505 2268/2730/3603 2270/2731/3604
s off
f 2229/2732/3605 2230/2733/3606 2267/2734/3607 2245/2735/3608
s 78
f 2203/2632/3505 2215/2586/3459 2246/2697/3570 2268/2730/3603
s 73
f 2228/2568/3441 2192/2606/3479 2253/2709/3582 2244/2694/3567
s 86
f 2226/2705/3578 2229/2736/3609 2245/2737/3610 2252/2706/3579
s 88
f 2230/2738/3611 2214/2725/3598 2265/2726/3599 2267/2739/3612
s 75
f 2193/2615/3488 2231/2575/3448 2269/2729/3602 2266/2727/3600
s 73
f 2236/2593/3466 2182/2683/3556 2272/2740/3613 2247/2702/3575
s 77
f 2182/2585/3458 2222/2584/3457 2271/2741/3614 2272/2742/3615
s off
f 2238/2743/3616 2237/2744/3617 2248/2745/3618 2259/2746/3619
s 77
f 2222/2584/3457 2210/2650/3523 2273/2747/3620 2271/2741/3614
f 2210/2650/3523 2184/2653/3526 2274/2748/3621 2273/2747/3620
s 75
f 2184/2688/3561 2239/2600/3473 2260/2718/3591 2274/2749/3622
s off
f 2206/2750/3623 2205/2751/3624 2275/2752/3625 2276/2753/3626
f 2205/2754/3627 2194/2755/3628 2277/2756/3629 2275/2757/3630
s 75
f 2194/2614/3487 2198/2617/3490 2278/2758/3631 2277/2759/3632
s off
f 2198/2760/3633 2206/2761/3634 2276/2762/3635 2278/2763/3636
s 89
f 2279/2764/3637 2280/2765/3638 2338/2766/3639 2319/2767/3640
f 2280/2765/3638 2281/2768/3641 2337/2769/3642 2338/2766/3639
f 2281/2768/3641 2282/2770/3643 2336/2771/3644 2337/2769/3642
f 2282/2770/3643 2283/2772/3645 2335/2773/3646 2336/2771/3644
f 2283/2772/3645 2284/2774/3647 2334/2775/3648 2335/2773/3646
f 2284/2774/3647 2285/2776/3649 2333/2777/3650 2334/2775/3648
f 2285/2776/3649 2286/2778/3651 2332/2779/3652 2333/2777/3650
f 2286/2778/3651 2287/2780/3653 2331/2781/3654 2332/2779/3652
f 2287/2780/3653 2288/2782/3655 2330/2783/3656 2331/2781/3654
f 2288/2782/3655 2289/2784/3657 2329/2785/3658 2330/2783/3656
f 2289/2784/3657 2290/2786/3659 2328/2787/3660 2329/2785/3658
f 2290/2786/3659 2291/2788/3661 2327/2789/3662 2328/2787/3660
f 2291/2788/3661 2292/2790/3663 2326/2791/3664 2327/2789/3662
f 2292/2790/3663 2293/2792/3665 2325/2793/3666 2326/2791/3664
f 2293/2792/3665 2294/2794/3667 2324/2795/3668 2325/2793/3666
f 2294/2794/3667 2295/2796/3669 2323/2797/3670 2324/2795/3668
f 2295/2796/3669 2296/2798/3671 2322/2799/3672 2323/2797/3670
f 2296/2798/3671 2297/2800/3673 2321/2801/3674 2322/2799/3672
f 2297/2800/3673 2298/2802/3675 2320/2803/3676 2321/2801/3674
f 2298/2802/3675 2279/2804/3637 2319/2805/3640 2320/2803/3676
s 90
f 2501/2806/3677 2500/2807/3678 2502/2808/3679
f 2503/2809/3680 2501/2806/3677 2502/2808/3679
f 2504/2810/3681 2503/2809/3680 2502/2808/3679
f 2505/2811/3682 2504/2810/3681 2502/2808/3679
f 2506/2812/3683 2505/2811/3682 2502/2808/3679
f 2507/2813/3684 2506/2812/3683 2502/2808/3679
f 2508/2814/3685 2507/2813/3684 2502/2808/3679
f 2509/2815/3686 2508/2814/3685 2502/2808/3679
f 2510/2816/3687 2509/2815/3686 2502/2808/3679
f 2511/2817/3688 2510/2816/3687 2502/2808/3679
f 2512/2818/3689 2511/2817/3688 2502/2808/3679
f 2513/2819/3690 2512/2818/3689 2502/2808/3679
f 2514/2820/3691 2513/2819/3690 2502/2808/3679
f 2515/2821/3692 2514/2820/3691 2502/2808/3679
f 2516/2822/3693 2515/2821/3692 2502/2808/3679
f 2517/2823/3694 2516/2822/3693 2502/2808/3679
f 2518/2824/3695 2517/2823/3694 2502/2808/3679
f 2519/2825/3696 2518/2824/3695 2502/2808/3679
f 2520/2826/3697 2519/2825/3696 2502/2808/3679
f 2500/2807/3678 2520/2826/3697 2502/2808/3679
s 91
f 2439/2827/3698 2440/2828/3699 2441/2829/3700
f 2440/2828/3699 2442/2830/3701 2441/2829/3700
f 2442/2830/3701 2443/2831/3702 2441/2829/3700
f 2443/2831/3702 2444/2832/3703 2441/2829/3700
f 2444/2832/3703 2445/2833/3704 2441/2829/3700
f 2445/2833/3704 2446/2834/3705 2441/2829/3700
f 2446/2834/3705 2447/2835/3706 2441/2829/3700
f 2447/2835/3706 2448/2836/3707 2441/2829/3700
f 2448/2836/3707 2449/2837/3708 2441/2829/3700
f 2449/2837/3708 2450/2838/3709 2441/2829/3700
f 2450/2838/3709 2451/2839/3710 2441/2829/3700
f 2451/2839/3710 2452/2840/3711 2441/2829/3700
f 2452/2840/3711 2453/2841/3712 2441/2829/3700
f 2453/2841/3712 2454/2842/3713 2441/2829/3700
f 2454/2842/3713 2455/2843/3714 2441/2829/3700
f 2455/2843/3714 2456/2844/3715 2441/2829/3700
f 2456/2844/3715 2457/2845/3716 2441/2829/3700
f 2457/2845/3716 2458/2846/3717 2441/2829/3700
f 2458/2846/3717 2459/2847/3718 2441/2829/3700
f 2459/2847/3718 2439/2827/3698 2441/2829/3700
s 92
f 2320/2803/3719 2319/2805/3720 2299/2848/3721 2318/2849/3722
f 2321/2801/3723 2320/2803/3719 2318/2849/3722 2317/2850/3724
f 2322/2799/3725 2321/2801/3723 2317/2850/3724 2316/2851/3726
f 2323/2797/3727 2322/2799/3725 2316/2851/3726 2315/2852/3728
f 2324/2795/3729 2323/2797/3727 2315/2852/3728 2314/2853/3730
f 2325/2793/3731 2324/2795/3729 2314/2853/3730 2313/2854/3732
f 2326/2791/3733 2325/2793/3731 2313/2854/3732 2312/2855/3734
f 2327/2789/3735 2326/2791/3733 2312/2855/3734 2311/2856/3736
f 2328/2787/3737 2327/2789/3735 2311/2856/3736 2310/2857/3738
f 2329/2785/3739 2328/2787/3737 2310/2857/3738 2309/2858/3740
f 2330/2783/3741 2329/2785/3739 2309/2858/3740 2308/2859/3742
f 2331/2781/3743 2330/2783/3741 2308/2859/3742 2307/2860/3744
f 2332/2779/3745 2331/2781/3743 2307/2860/3744 2306/2861/3746
f 2333/2777/3747 2332/2779/3745 2306/2861/3746 2305/2862/3748
f 2334/2775/3749 2333/2777/3747 2305/2862/3748 2304/2863/3750
f 2335/2773/3751 2334/2775/3749 2304/2863/3750 2303/2864/3752
f 2336/2771/3753 2335/2773/3751 2303/2864/3752 2302/2865/3754
f 2337/2769/3755 2336/2771/3753 2302/2865/3754 2301/2866/3756
f 2338/2766/3757 2337/2769/3755 2301/2866/3756 2300/2867/3758
f 2319/2767/3720 2338/2766/3757 2300/2867/3758 2299/2868/3721
f 2299/2869/3721 2300/2870/3758 2340/2871/3759 2339/2872/3760
f 2300/2870/3758 2301/2873/3756 2341/2874/3761 2340/2871/3759
f 2301/2873/3756 2302/2875/3754 2342/2876/3762 2341/2874/3761
f 2302/2875/3754 2303/2877/3752 2343/2878/3763 2342/2876/3762
f 2303/2877/3752 2304/2879/3750 2344/2880/3764 2343/2878/3763
f 2304/2879/3750 2305/2881/3748 2345/2882/3765 2344/2880/3764
f 2305/2881/3748 2306/2883/3746 2346/2884/3766 2345/2882/3765
f 2306/2883/3746 2307/2885/3744 2347/2886/3767 2346/2884/3766
f 2307/2885/3744 2308/2887/3742 2348/2888/3768 2347/2886/3767
f 2308/2887/3742 2309/2889/3740 2349/2890/3769 2348/2888/3768
f 2309/2889/3740 2310/2891/3738 2350/2892/3770 2349/2890/3769
f 2310/2891/3738 2311/2893/3736 2351/2894/3771 2350/2892/3770
f 2311/2893/3736 2312/2895/3734 2352/2896/3772 2351/2894/3771
f 2312/2895/3734 2313/2897/3732 2353/2898/3773 2352/2896/3772
f 2313/2897/3732 2314/2899/3730 2354/2900/3774 2353/2898/3773
f 2314/2899/3730 2315/2901/3728 2355/2902/3775 2354/2900/3774
f 2315/2901/3728 2316/2903/3726 2356/2904/3776 2355/2902/3775
f 2316/2903/3726 2317/2905/3724 2357/2906/3777 2356/2904/3776
f 2317/2905/3724 2318/2907/3722 2358/2908/3778 2357/2906/3777
f 2318/2907/3722 2299/2869/3721 2339/2872/3760 2358/2908/3778
s 93
f 2339/2872/3779 2340/2871/3780 2360/2909/3781 2359/2910/3782
f 2340/2871/3780 2341/2874/3783 2361/2911/3784 2360/2909/3781
f 2341/2874/3783 2342/2876/3785 2362/2912/3786 2361/2911/3784
f 2342/2876/3785 2343/2878/3787 2363/2913/3788 2362/2912/3786
f 2343/2878/3787 2344/2880/3789 2364/2914/3790 2363/2913/3788
f 2344/2880/3789 2345/2882/3791 2365/2915/3792 2364/2914/3790
f 2345/2882/3791 2346/2884/3793 2366/2916/3794 2365/2915/3792
f 2346/2884/3793 2347/2886/3795 2367/2917/3796 2366/2916/3794
f 2347/2886/3795 2348/2888/3797 2368/2918/3798 2367/2917/3796
f 2348/2888/3797 2349/2890/3799 2369/2919/3800 2368/2918/3798
f 2349/2890/3799 2350/2892/3801 2370/2920/3802 2369/2919/3800
f 2350/2892/3801 2351/2894/3803 2371/2921/3804 2370/2920/3802
f 2351/2894/3803 2352/2896/3805 2372/2922/3806 2371/2921/3804
f 2352/2896/3805 2353/2898/3807 2373/2923/3808 2372/2922/3806
f 2353/2898/3807 2354/2900/3809 2374/2924/3810 2373/2923/3808
f 2354/2900/3809 2355/2902/3811 2375/2925/3812 2374/2924/3810
f 2355/2902/3811 2356/2904/3813 2376/2926/3814 2375/2925/3812
f 2356/2904/3813 2357/2906/3815 2377/2927/3816 2376/2926/3814
f 2357/2906/3815 2358/2908/3817 2378/2928/3818 2377/2927/3816
f 2358/2908/3817 2339/2872/3779 2359/2910/3782 2378/2928/3818
s 94
f 2359/2910/3819 2360/2909/3820 2380/2929/3821 2379/2930/3822
f 2360/2909/3820 2361/2911/3823 2381/2931/3824 2380/2929/3821
f 2361/2911/3823 2362/2912/3825 2382/2932/3826 2381/2931/3824
f 2362/2912/3825 2363/2913/3827 2383/2933/3828 2382/2932/3826
f 2363/2913/3827 2364/2914/3829 2384/2934/3830 2383/2933/3828
f 2364/2914/3829 2365/2915/3831 2385/2935/3832 2384/2934/3830
f 2365/2915/3831 2366/2916/3833 2386/2936/3834 2385/2935/3832
f 2366/2916/3833 2367/2917/3835 2387/2937/3836 2386/2936/3834
f 2367/2917/3835 2368/2918/3837 2388/2938/3838 2387/2937/3836
f 2368/2918/3837 2369/2919/3839 2389/2939/3840 2388/2938/3838
f 2369/2919/3839 2370/2920/3841 2390/2940/3842 2389/2939/3840
f 2370/2920/3841 2371/2921/3843 2391/2941/3844 2390/2940/3842
f 2371/2921/3843 2372/2922/3845 2392/2942/3846 2391/2941/3844
f 2372/2922/3845 2373/2923/3847 2393/2943/3848 2392/2942/3846
f 2373/2923/3847 2374/2924/3849 2394/2944/3850 2393/2943/3848
f 2374/2924/3849 2375/2925/3851 2395/2945/3852 2394/2944/3850
f 2375/2925/3851 2376/2926/3853 2396/2946/3854 2395/2945/3852
f 2376/2926/3853 2377/2927/3855 2397/2947/3856 2396/2946/3854
f 2377/2927/3855 2378/2928/3857 2398/2948/3858 2397/2947/3856
f 2378/2928/3857 2359/2910/3819 2379/2930/3822 2398/2948/3858
f 2379/2930/3822 2380/2929/3821 2400/2949/3859 2399/2950/3860
f 2380/2929/3821 2381/2931/3824 2401/2951/3861 2400/2949/3859
f 2381/2931/3824 2382/2932/3826 2402/2952/3862 2401/2951/3861
f 2382/2932/3826 2383/2933/3828 2403/2953/3863 2402/2952/3862
f 2383/2933/3828 2384/2934/3830 2404/2954/3864 2403/2953/3863
f 2384/2934/3830 2385/2935/3832 2405/2955/3865 2404/2954/3864
f 2385/2935/3832 2386/2936/3834 2406/2956/3866 2405/2955/3865
f 2386/2936/3834 2387/2937/3836 2407/2957/3867 2406/2956/3866
f 2387/2937/3836 2388/2938/3838 2408/2958/3868 2407/2957/3867
f 2388/2938/3838 2389/2939/3840 2409/2959/3869 2408/2958/3868
f 2389/2939/3840 2390/2940/3842 2410/2960/3870 2409/2959/3869
f 2390/2940/3842 2391/2941/3844 2411/2961/3871 2410/2960/3870
f 2391/2941/3844 2392/2942/3846 2412/2962/3872 2411/2961/3871
f 2392/2942/3846 2393/2943/3848 2413/2963/3873 2412/2962/3872
f 2393/2943/3848 2394/2944/3850 2414/2964/3874 2413/2963/3873
f 2394/2944/3850 2395/2945/3852 2415/2965/3875 2414/2964/3874
f 2395/2945/3852 2396/2946/3854 2416/2966/3876 2415/2965/3875
f 2396/2946/3854 2397/2947/3856 2417/2967/3877 2416/2966/3876
f 2397/2947/3856 2398/2948/3858 2418/2968/3878 2417/2967/3877
f 2398/2948/3858 2379/2930/3822 2399/2950/3860 2418/2968/3878
f 2399/2950/3860 2400/2949/3859 2420/2969/3879 2419/2970/3880
f 2400/2949/3859 2401/2951/3861 2421/2971/3881 2420/2969/3879
f 2401/2951/3861 2402/2952/3862 2422/2972/3882 2421/2971/3881
f 2402/2952/3862 2403/2953/3863 2423/2973/3883 2422/2972/3882
f 2403/2953/3863 2404/2954/3864 2424/2974/3884 2423/2973/3883
f 2404/2954/3864 2405/2955/3865 2425/2975/3885 2424/2974/3884
f 2405/2955/3865 2406/2956/3866 2426/2976/3886 2425/2975/3885
f 2406/2956/3866 2407/2957/3867 2427/2977/3887 2426/2976/3886
f 2407/2957/3867 2408/2958/3868 2428/2978/3888 2427/2977/3887
f 2408/2958/3868 2409/2959/3869 2429/2979/3889 2428/2978/3888
f 2409/2959/3869 2410/2960/3870 2430/2980/3890 2429/2979/3889
f 2410/2960/3870 2411/2961/3871 2431/2981/3891 2430/2980/3890
f 2411/2961/3871 2412/2962/3872 2432/2982/3892 2431/2981/3891
f 2412/2962/3872 2413/2963/3873 2433/2983/3893 2432/2982/3892
f 2413/2963/3873 2414/2964/3874 2434/2984/3894 2433/2983/3893
f 2414/2964/3874 2415/2965/3875 2435/2985/3895 2434/2984/3894
f 2415/2965/3875 2416/2966/3876 2436/2986/3896 2435/2985/3895
f 2416/2966/3876 2417/2967/3877 2437/2987/3897 2436/2986/3896
f 2417/2967/3877 2418/2968/3878 2438/2988/3898 2437/2987/3897
f 2418/2968/3878 2399/2950/3860 2419/2970/3880 2438/2988/3898
f 2419/2970/3880 2420/2969/3879 2440/2828/3899 2439/2827/3900
f 2420/2969/3879 2421/2971/3881 2442/2830/3901 2440/2828/3899
f 2421/2971/3881 2422/2972/3882 2443/2831/3902 2442/2830/3901
f 2422/2972/3882 2423/2973/3883 2444/2832/3903 2443/2831/3902
f 2423/2973/3883 2424/2974/3884 2445/2833/3904 2444/2832/3903
f 2424/2974/3884 2425/2975/3885 2446/2834/3905 2445/2833/3904
f 2425/2975/3885 2426/2976/3886 2447/2835/3906 2446/2834/3905
f 2426/2976/3886 2427/2977/3887 2448/2836/3907 2447/2835/3906
f 2427/2977/3887 2428/2978/3888 2449/2837/3908 2448/2836/3907
f 2428/2978/3888 2429/2979/3889 2450/2838/3909 2449/2837/3908
f 2429/2979/3889 2430/2980/3890 2451/2839/3910 2450/2838/3909
f 2430/2980/3890 2431/2981/3891 2452/2840/3911 2451/2839/3910
f 2431/2981/3891 2432/2982/3892 2453/2841/3912 2452/2840/3911
f 2432/2982/3892 2433/2983/3893 2454/2842/3913 2453/2841/3912
f 2433/2983/3893 2434/2984/3894 2455/2843/3914 2454/2842/3913
f 2434/2984/3894 2435/2985/3895 2456/2844/3915 2455/2843/3914
f 2435/2985/3895 2436/2986/3896 2457/2845/3916 2456/2844/3915
f 2436/2986/3896 2437/2987/3897 2458/2846/3917 2457/2845/3916
f 2437/2987/3897 2438/2988/3898 2459/2847/3918 2458/2846/3917
f 2438/2988/3898 2419/2970/3880 2439/2827/3900 2459/2847/3918
s 89
f 2280/2989/3638 2279/2990/3637 2460/2991/3919 2461/2992/3920
f 2281/2993/3641 2280/2989/3638 2461/2992/3920 2462/2994/3921
f 2282/2995/3643 2281/2993/3641 2462/2994/3921 2463/2996/3922
f 2283/2997/3645 2282/2995/3643 2463/2996/3922 2464/2998/3923
f 2284/2999/3647 2283/2997/3645 2464/2998/3923 2465/3000/3924
f 2285/3001/3649 2284/2999/3647 2465/3000/3924 2466/3002/3925
f 2286/3003/3651 2285/3001/3649 2466/3002/3925 2467/3004/3926
f 2287/3005/3653 2286/3003/3651 2467/3004/3926 2468/3006/3927
f 2288/3007/3655 2287/3005/3653 2468/3006/3927 2469/3008/3928
f 2289/3009/3657 2288/3007/3655 2469/3008/3928 2470/3010/3929
f 2290/3011/3659 2289/3009/3657 2470/3010/3929 2471/3012/3930
f 2291/3013/3661 2290/3011/3659 2471/3012/3930 2472/3014/3931
f 2292/3015/3663 2291/3013/3661 2472/3014/3931 2473/3016/3932
f 2293/3017/3665 2292/3015/3663 2473/3016/3932 2474/3018/3933
f 2294/3019/3667 2293/3017/3665 2474/3018/3933 2475/3020/3934
f 2295/3021/3669 2294/3019/3667 2475/3020/3934 2476/3022/3935
f 2296/3023/3671 2295/3021/3669 2476/3022/3935 2477/3024/3936
f 2297/3025/3673 2296/3023/3671 2477/3024/3936 2478/3026/3937
f 2298/3027/3675 2297/3025/3673 2478/3026/3937 2479/3028/3938
f 2279/2990/3637 2298/3027/3675 2479/3028/3938 2460/2991/3919
s 95
f 2461/2992/3939 2460/2991/3940 2480/3029/3941 2481/3030/3942
f 2462/2994/3943 2461/2992/3939 2481/3030/3942 2482/3031/3944
f 2463/2996/3945 2462/2994/3943 2482/3031/3944 2483/3032/3946
f 2464/2998/3947 2463/2996/3945 2483/3032/3946 2484/3033/3948
f 2465/3000/3949 2464/2998/3947 2484/3033/3948 2485/3034/3950
f 2466/3002/3951 2465/3000/3949 2485/3034/3950 2486/3035/3952
f 2467/3004/3953 2466/3002/3951 2486/3035/3952 2487/3036/3954
f 2468/3006/3955 2467/3004/3953 2487/3036/3954 2488/3037/3956
f 2469/3008/3957 2468/3006/3955 2488/3037/3956 2489/3038/3958
f 2470/3010/3959 2469/3008/3957 2489/3038/3958 2490/3039/3960
f 2471/3012/3961 2470/3010/3959 2490/3039/3960 2491/3040/3962
f 2472/3014/3963 2471/3012/3961 2491/3040/3962 2492/3041/3964
f 2473/3016/3965 2472/3014/3963 2492/3041/3964 2493/3042/3966
f 2474/3018/3967 2473/3016/3965 2493/3042/3966 2494/3043/3968
f 2475/3020/3969 2474/3018/3967 2494/3043/3968 2495/3044/3970
f 2476/3022/3971 2475/3020/3969 2495/3044/3970 2496/3045/3972
f 2477/3024/3973 2476/3022/3971 2496/3045/3972 2497/3046/3974
f 2478/3026/3975 2477/3024/3973 2497/3046/3974 2498/3047/3976
f 2479/3028/3977 2478/3026/3975 2498/3047/3976 2499/3048/3978
f 2460/2991/3940 2479/3028/3977 2499/3048/3978 2480/3029/3941
s 96
f 2481/3030/3979 2480/3029/3980 2500/2807/3981 2501/2806/3982
f 2482/3031/3983 2481/3030/3979 2501/2806/3982 2503/2809/3984
f 2483/3032/3985 2482/3031/3983 2503/2809/3984 2504/2810/3986
f 2484/3033/3987 2483/3032/3985 2504/2810/3986 2505/2811/3988
f 2485/3034/3989 2484/3033/3987 2505/2811/3988 2506/2812/3990
f 2486/3035/3991 2485/3034/3989 2506/2812/3990 2507/2813/3992
f 2487/3036/3993 2486/3035/3991 2507/2813/3992 2508/2814/3994
f 2488/3037/3995 2487/3036/3993 2508/2814/3994 2509/2815/3996
f 2489/3038/3997 2488/3037/3995 2509/2815/3996 2510/2816/3998
f 2490/3039/3999 2489/3038/3997 2510/2816/3998 2511/2817/4000
f 2491/3040/4001 2490/3039/3999 2511/2817/4000 2512/2818/4002
f 2492/3041/4003 2491/3040/4001 2512/2818/4002 2513/2819/4004
f 2493/3042/4005 2492/3041/4003 2513/2819/4004 2514/2820/4006
f 2494/3043/4007 2493/3042/4005 2514/2820/4006 2515/2821/4008
f 2495/3044/4009 2494/3043/4007 2515/2821/4008 2516/2822/4010
f 2496/3045/4011 2495/3044/4009 2516/2822/4010 2517/2823/4012
f 2497/3046/4013 2496/3045/4011 2517/2823/4012 2518/2824/4014
f 2498/3047/4015 2497/3046/4013 2518/2824/4014 2519/2825/4016
f 2499/3048/4017 2498/3047/4015 2519/2825/4016 2520/2826/4018
f 2480/3029/3980 2499/3048/4017 2520/2826/4018 2500/2807/3981
